datetime,open,high,low,close,volume,quote_volume,trades,taker_buy_volume,taker_buy_quote_volume,daily_return,daily_return_pct,cummax,drawdown_from_ath,drawdown_pct,rv_7d,rv_14d,rv_30d,rv_7d_label,rv_14d_label,rv_30d_label,n_hourly_obs,market_cap,cg_close,btc_dominance_pct
2020-01-01 00:00:00+00:00,7195.24,7255.0,7175.15,7200.85,16792.388165,121214452.11606228,194010,8946.955535000001,64597785.212334335,,,7200.85,0.0,0.0,0.020019491717074147,0.018205240899779696,0.02791218952568132,2.0%,1.8%,2.8%,24,,,56.06872307855222
2020-01-02 00:00:00+00:00,7200.77,7212.5,6924.74,6965.71,31951.483932,225982341.3011403,302667,15141.61134,107060829.07806464,-0.032654478290757405,-3.2654478290757405,7200.85,-235.14000000000033,-3.2654478290757405,0.015108070580355027,0.016086526473375162,0.09133355267834196,1.5%,1.6%,9.1%,24,,,56.06872307855222
2020-01-03 00:00:00+00:00,6965.49,7405.0,6871.04,7344.96,68428.500451,495098582.9620354,519854,35595.496273,257713113.8517286,0.054445275499554135,5.4445275499554135,7344.96,0.0,0.0,0.016300505420739377,0.019327722339315453,0.025365406703833873,1.6%,1.9%,2.5%,24,,,56.06872307855222
2020-01-04 00:00:00+00:00,7345.0,7404.0,7272.21,7354.11,29987.974976999998,219874240.9399481,279370,16369.382248,120035111.72407165,0.0012457521892561552,0.12457521892561552,7354.11,0.0,0.0,0.016065666804822052,0.01921189458425256,0.024812057275269032,1.6%,1.9%,2.5%,24,,,56.06872307855222
2020-01-05 00:00:00+00:00,7354.19,7495.0,7318.0,7358.75,38331.085604,284848683.7891762,329209,19455.369564,144600094.38965073,0.000630939705824396,0.0630939705824396,7358.75,0.0,0.0,0.016041149976386004,0.018923484384680344,0.024782886551116594,1.6%,1.9%,2.5%,24,,,56.06872307855222
2020-01-06 00:00:00+00:00,7357.64,7795.34,7346.76,7758.0,54635.695316,413330481.2260492,449937,28853.76777,218411610.65942463,0.05425513844063201,5.425513844063201,7758.0,0.0,0.0,0.029687415521423198,0.028945843995204754,0.02379003556334985,3.0%,2.9%,2.4%,24,,,56.06872307855222
2020-01-07 00:00:00+00:00,7758.9,8207.68,7723.71,8145.28,91171.684661,724202791.1429626,685315,46192.111549,366866967.6139318,0.049920082495488405,4.9920082495488405,8145.28,0.0,0.0,0.023292188801086886,0.026823352912517282,0.024727032505285712,2.3%,2.7%,2.5%,24,,,56.06872307855222
2020-01-08 00:00:00+00:00,8145.92,8455.0,7870.0,8055.98,112622.64263999999,926410232.6045058,830375,55071.109514,453284250.45453954,-0.010963404572955193,-1.0963404572955193,8145.28,-89.30000000000018,-1.0963404572955193,0.02517291402287116,0.031553471040281986,0.025846039405864923,2.5%,3.2%,2.6%,24,,,56.06872307855222
2020-01-09 00:00:00+00:00,8054.72,8055.96,7750.0,7817.76,64239.51983,507258250.4748796,478800,31645.759221,249899679.33440104,-0.02957057986737799,-2.957057986737799,8145.28,-327.5199999999995,-4.020979020979021,0.029537250640769522,0.02927146964076488,0.02401248045804528,3.0%,2.9%,2.4%,24,,,56.06872307855222
2020-01-10 00:00:00+00:00,7817.74,8199.0,7672.0,8197.02,82406.777448,652774220.388437,606101,42361.755307,335845385.67483306,0.048512617424940174,4.851261742494017,8197.02,0.0,0.0,0.027853960739629136,0.028930329468114812,0.025669425608673597,2.8%,2.9%,2.6%,24,,,56.06872307855222
2020-01-11 00:00:00+00:00,8198.86,8286.34,8003.16,8020.01,54810.032667,445034349.56470203,469131,27916.124974,226716001.44288605,-0.02159443309885789,-2.159443309885789,8197.02,-177.01000000000022,-2.159443309885789,0.023993144300801916,0.03120200296447843,0.025580179647341928,2.4%,3.1%,2.6%,24,,,56.06872307855222
2020-01-12 00:00:00+00:00,8020.01,8197.0,7960.0,8184.98,38131.494336,309351920.45885,350662,19718.541096,159972663.9929187,0.02056979978827944,2.056979978827944,8197.02,-12.040000000000873,-0.14688264759633585,0.026380966450377595,0.028259562856722528,0.025295527055875597,2.6%,2.8%,2.5%,24,,,56.06872307855222
2020-01-13 00:00:00+00:00,8184.97,8196.0,8055.89,8110.34,31159.755683,252656965.35815012,289144,15215.226501,123407351.91807935,-0.00911914262466118,-0.9119142624661181,8197.02,-86.68000000000029,-1.0574574662499336,0.024225202944349336,0.027161486057520418,0.025674129114822034,2.4%,2.7%,2.6%,24,,,56.06872307855222
2020-01-14 00:00:00+00:00,8110.34,8880.0,8105.54,8810.01,120399.126742,1032735180.8658738,915328,62492.096676,536081638.0541857,0.08626888638454133,8.626888638454133,8810.01,0.0,0.0,0.006225802663726922,0.00553110135847394,0.02529957178248233,0.6%,0.6%,2.5%,24,,,56.06872307855222
2020-01-15 00:00:00+00:00,8814.64,8916.48,8564.0,8821.41,84816.29760600001,743712237.2790817,764048,42493.551026,372770745.1792992,0.0012939826402011967,0.12939826402011967,8821.41,0.0,0.0,0.006077877099093936,0.0055001309025480465,0.025152080971189608,0.6%,0.6%,2.5%,24,,,56.06872307855222
2020-01-16 00:00:00+00:00,8820.01,8859.81,8586.0,8720.01,51991.074284,451752380.28108114,543064,25996.30135,225914888.37777233,-0.011494761041602186,-1.1494761041602186,8821.41,-101.39999999999964,-1.1494761041602186,0.004748950632723914,0.016253106773789973,0.028789001642906157,0.5%,1.6%,2.9%,24,,,56.06872307855222
2020-01-17 00:00:00+00:00,8720.15,9041.65,8672.44,8913.28,70897.737377,629568740.707009,676403,36139.808845,320997160.95891666,0.02216396540829657,2.216396540829657,8913.28,0.0,0.0,0.005995233577045822,0.006036016347404123,0.012486175328765418,0.6%,0.6%,1.2%,24,,,56.06872307855222
2020-01-18 00:00:00+00:00,8913.27,8988.88,8806.38,8915.96,38294.746545,340852837.9160803,458182,19421.295313,172895403.23974317,0.00030067494794261407,0.030067494794261407,8915.96,0.0,0.0,0.006001799575113734,0.006007518993007246,0.012459965374842641,0.6%,0.6%,1.2%,24,,,56.06872307855222
2020-01-19 00:00:00+00:00,8915.09,9198.98,8466.0,8701.7,70676.889259,623950864.2762928,615665,33655.943241,297282818.0931591,-0.024031063396426022,-2.4031063396426022,8915.96,-214.2599999999984,-2.4031063396426022,0.004884240791338089,0.01663935645607004,0.028771808185021307,0.5%,1.7%,2.9%,24,,,56.06872307855222
2020-01-20 00:00:00+00:00,8701.72,8746.99,8521.28,8642.35,38896.639746,336447837.0018059,385006,19453.863782,168293007.48754647,-0.006820506337842036,-0.6820506337842036,8915.96,-273.60999999999876,-3.068766571406767,0.020458261831323113,0.03226596847089428,0.031015321360671085,2.0%,3.2%,3.1%,24,,,56.06872307855222
2020-01-21 00:00:00+00:00,8642.35,8789.0,8488.0,8736.03,36494.687659,316056704.984738,365621,18731.871637,162303157.94279355,0.010839644309707408,1.0839644309707408,8915.96,-179.92999999999847,-2.018066478539593,0.004942786272606506,0.011938540347053323,0.026125016179615348,0.5%,1.2%,2.6%,24,,,56.06872307855222
2020-01-22 00:00:00+00:00,8736.04,8818.0,8590.0,8682.36,29080.557138,252638888.2149255,317424,14477.157512,125794389.99554266,-0.006143522858781392,-0.6143522858781392,8915.96,-233.59999999999854,-2.620020726876282,0.007738932960943527,0.029566779055261543,0.028943961330124772,0.8%,3.0%,2.9%,24,,,56.06872307855222
2020-01-23 00:00:00+00:00,8682.77,8691.81,8306.39,8404.52,48165.944597,407428808.675337,464805,23287.712444,196965082.0404137,-0.03200051598874043,-3.200051598874043,8915.96,-511.4399999999987,-5.736230310589086,0.04055435447145707,0.03370119192054803,0.03063119368158832,4.1%,3.4%,3.1%,24,,,56.06872307855222
2020-01-24 00:00:00+00:00,8404.52,8528.02,8238.0,8439.0,41687.529529,349874174.79003936,407271,21293.489586,178752179.11477745,0.0041025543398076625,0.41025543398076625,8915.96,-476.9599999999991,-5.349508073163167,0.04102432444946804,0.03406756244003487,0.030848535946610658,4.1%,3.4%,3.1%,24,,,56.06872307855222
2020-01-25 00:00:00+00:00,8438.99,8451.26,8254.9,8340.58,25521.157932000002,212869245.6358978,283118,13076.752786,109098245.22427255,-0.011662519255836057,-1.1662519255836057,8915.96,-575.3799999999992,-6.453371257834261,0.04334836267376343,0.03337813030743305,0.030423842492077607,4.3%,3.3%,3.0%,24,,,56.06872307855222
2020-01-26 00:00:00+00:00,8340.01,8618.13,8293.66,8615.0,31130.485164,263941925.272999,332612,15797.911267,133936210.1435635,0.032901788604629445,3.2901788604629445,8915.96,-300.9599999999991,-3.3755198542837705,0.02068342466713333,0.034067188862831874,0.031103809422955028,2.1%,3.4%,3.1%,24,,,56.06872307855222
2020-01-27 00:00:00+00:00,8614.39,9000.0,8535.0,8907.57,53973.542996,473194952.8044688,514196,28592.326521,250794158.80919072,0.0339605339524085,3.39605339524085,8915.96,-8.389999999999418,-0.09410091566134371,0.005905142997933776,0.006050253584514751,0.01261808250518449,0.6%,0.6%,1.3%,24,,,56.06872307855222
2020-01-28 00:00:00+00:00,8907.57,9400.0,8862.4,9374.21,74584.853765,676593159.4823396,616678,38852.363246,352558461.21538204,0.05238690237629329,5.238690237629329,9374.21,0.0,0.0,0.0033792117553095914,0.003135720143954362,0.002879949933380719,0.3%,0.3%,0.3%,24,,,56.06872307855222
2020-01-29 00:00:00+00:00,9375.34,9449.24,9216.0,9301.53,53864.065122,503188568.83635783,492545,26615.651329,248688826.41119042,-0.007753186668529755,-0.7753186668529755,9374.21,-72.67999999999847,-0.7753186668529755,0.002404193012673658,0.002554149459899299,0.0028628291937385602,0.2%,0.3%,0.3%,24,,,56.06872307855222
2020-01-30 00:00:00+00:00,9301.57,9578.0,9204.44,9513.21,60626.744259,569652869.8196837,529570,30852.55545,290043577.4392868,0.022757546339150503,2.2757546339150503,9513.21,0.0,0.0,0.005080505935791457,0.0043403342476669195,0.0037093220949425383,0.5%,0.4%,0.4%,24,,,56.06872307855222
2020-01-31 00:00:00+00:00,9511.52,9530.22,9210.01,9352.89,45552.022352,425779010.4065367,428547,22482.470899,210150300.2222744,-0.01685235582942035,-1.6852355829420351,9513.21,-160.3199999999997,-1.6852355829420351,0.003469972347539706,0.0030181578909359652,0.0028126420143147926,0.3%,0.3%,0.3%,24,,,56.06872307855222
2020-02-01 00:00:00+00:00,9351.71,9464.53,9281.0,9384.61,28578.067354,268137739.99333748,334972,14679.126305,137764121.89168733,0.0033914650979538497,0.33914650979538497,9513.21,-128.59999999999854,-1.3518044908080284,0.003146287071266648,0.003118887291598501,0.0028580131115604457,0.3%,0.3%,0.3%,24,,,56.06872307855222
2020-02-02 00:00:00+00:00,9384.41,9477.03,9120.0,9331.51,45690.912540000005,428064088.6904683,446558,22588.40606,211808205.79156947,-0.005658199967819688,-0.5658199967819688,9513.21,-181.6999999999989,-1.909975707463607,0.003058049837316478,0.0027743345185416947,0.0027137850816849386,0.3%,0.3%,0.3%,24,,,56.06872307855222
2020-02-03 00:00:00+00:00,9331.59,9618.79,9234.0,9292.24,50892.133451,476379993.49247247,492124,24781.397696,232065946.53854197,-0.004208322125786812,-0.4208322125786812,9513.21,-220.96999999999935,-2.322770127012852,0.0023551692611199996,0.002525774099749961,0.002906655054460361,0.2%,0.3%,0.3%,24,,,56.06872307855222
2020-02-04 00:00:00+00:00,9291.35,9350.0,9093.01,9197.02,53308.175266,491136137.2107625,528930,26103.432307,240571508.24015158,-0.01024726007937804,-1.024726007937804,9513.21,-316.1899999999987,-3.3236941053545355,0.0026357552310465426,0.0027459586508088475,0.006209085913676938,0.3%,0.3%,0.6%,24,,,56.06872307855222
2020-02-05 00:00:00+00:00,9197.02,9744.45,9177.22,9612.04,64870.415615,613540574.7818313,661758,35375.605202,334620486.13736695,0.04512548629882285,4.512548629882285,9612.04,0.0,0.0,0.0038296100101688373,0.00422216456223924,0.003931877154940878,0.4%,0.4%,0.4%,24,,,56.06872307855222
2020-02-06 00:00:00+00:00,9612.03,9862.57,9526.35,9772.0,64949.706588,631245079.8223811,682179,32143.454647,312506614.3866246,0.016641628624100457,1.6641628624100457,9772.0,0.0,0.0,0.00356384175358296,0.0034109737986163114,0.0038130082784414965,0.4%,0.3%,0.4%,24,,,56.06872307855222
2020-02-07 00:00:00+00:00,9772.0,9885.0,9730.0,9813.73,43966.114632,430744860.1814393,582249,22733.988186,222761439.9557888,0.004270364306180774,0.4270364306180774,9813.73,0.0,0.0,0.004337493761572934,0.0040974371873086085,0.003872702975965574,0.4%,0.4%,0.4%,24,,,56.06872307855222
2020-02-08 00:00:00+00:00,9813.87,9940.0,9667.11,9895.05,43600.843666,427781790.200816,514573,22664.381837,222438123.8466874,0.008286349838440676,0.8286349838440676,9895.05,0.0,0.0,0.006616269350901653,0.005532954078057263,0.004677888479666887,0.7%,0.6%,0.5%,24,,,56.06872307855222
2020-02-09 00:00:00+00:00,9895.04,10166.0,9880.75,10151.75,43408.475615999996,437441704.90539634,536848,22408.277327,225799470.0027466,0.025942264061323606,2.5942264061323606,10151.75,0.0,0.0,0.016471570858137913,0.013194391448511639,0.00993448809126098,1.6%,1.3%,1.0%,23,,,56.06872307855222
2020-02-10 00:00:00+00:00,10151.72,10188.0,9756.0,9851.83,59573.084619,590091358.442907,690308,28618.883245,283509329.4368132,-0.02954367473588293,-2.954367473588293,10151.75,-299.9200000000001,-2.954367473588293,0.005962015422845477,0.0050097287414993,0.004335333265962327,0.6%,0.5%,0.4%,24,,,56.06872307855222
2020-02-11 00:00:00+00:00,9851.74,10323.59,9700.0,10223.08,62422.395224,624970415.4054742,710170,31905.31642,319373572.872505,0.03768335426007141,3.768335426007141,10223.08,0.0,0.0,0.01695824612320076,0.014257302037155478,0.010802192617207617,1.7%,1.4%,1.1%,24,,,56.06872307855222
2020-02-12 00:00:00+00:00,10223.08,10450.0,10223.08,10326.46,61008.063930000004,629756037.5160786,857655,31141.8077,321525481.5414018,0.01011241230627169,1.011241230627169,10326.46,0.0,0.0,0.005849022569309261,0.013537009000560467,0.010893854175009146,0.6%,1.4%,1.1%,24,,,56.06872307855222
2020-02-13 00:00:00+00:00,10325.33,10500.0,10080.0,10229.63,79344.358759,815507473.735361,932802,38475.272548,395629173.0386233,-0.009376882300420442,-0.9376882300420442,10326.46,-96.82999999999993,-0.9376882300420442,0.016782700314368768,0.014248003496506527,0.010797911771628114,1.7%,1.4%,1.1%,24,,,56.06872307855222
2020-02-14 00:00:00+00:00,10227.78,10381.56,10111.37,10344.36,47038.480173,482455622.0036259,622310,23697.005493,243079257.3055149,0.011215459405667705,1.1215459405667705,10344.36,0.0,0.0,0.005776865503065738,0.012208757362184916,0.010900354576642278,0.6%,1.2%,1.1%,24,,,56.06872307855222
2020-02-15 00:00:00+00:00,10344.36,10375.0,9801.0,9904.72,57657.202947,580845331.1747847,739781,26758.580323000002,269731775.5031557,-0.04250045435387029,-4.250045435387029,10344.36,-439.64000000000124,-4.250045435387029,0.006923144001311978,0.005772223486921871,0.004840361527809337,0.7%,0.6%,0.5%,24,,,56.06872307855222
2020-02-16 00:00:00+00:00,9904.46,10050.0,9638.12,9917.27,60023.999536999996,592584876.9040861,708070,29406.136839,290482773.25193715,0.0012670726683845501,0.126707266838455,10344.36,-427.09000000000015,-4.128723284959146,0.007393556757247657,0.006111607862326035,0.005041595352374576,0.7%,0.6%,0.5%,24,,,56.06872307855222
2020-02-17 00:00:00+00:00,9910.7,9964.16,9452.67,9706.0,70261.011901,680009637.6159953,778058,33221.839241,321724146.0973482,-0.021303241718739208,-2.1303241718739208,10344.36,-638.3600000000006,-6.171092266703793,0.003144311036946287,0.0035586205071307555,0.003975754755183814,0.3%,0.4%,0.4%,24,,,56.06872307855222
2020-02-18 00:00:00+00:00,9706.0,10250.0,9576.01,10164.71,70604.124019,696870122.812608,723413,37303.996326,368380176.64872575,0.04726045744900054,4.726045744900054,10344.36,-179.65000000000146,-1.736695165288149,0.01648336901761804,0.013179525359802135,0.009955824701147295,1.6%,1.3%,1.0%,24,,,56.06872307855222
2020-02-19 00:00:00+00:00,10164.78,10250.0,9350.0,9593.79,55162.586895,547679966.9292257,588760,25457.91648,253188749.12823528,-0.0561668753953628,-5.61668753953628,10344.36,-750.5699999999997,-7.255837963875966,0.0035290897428815107,0.0044308920672187025,0.003845122281446991,0.4%,0.4%,0.4%,19,,,56.06872307855222
2020-02-20 00:00:00+00:00,9594.65,9699.0,9400.0,9596.42,60152.342914,576020107.4626018,667387,29843.208875,285816414.8781603,0.00027413566484146834,0.027413566484146834,10344.36,-747.9400000000005,-7.230413481356024,0.003563275133732404,0.0044215761575467335,0.0038566365004947018,0.4%,0.4%,0.4%,24,,,56.06872307855222
2020-02-21 00:00:00+00:00,9597.21,9755.51,9550.21,9677.05,42181.554524,408286949.8035292,470599,21645.267614,209532434.5763331,0.00840209161333072,0.840209161333072,10344.36,-667.3100000000013,-6.450954916495566,0.0033195712464846945,0.003561190778697385,0.0039962379684017856,0.3%,0.4%,0.4%,24,,,56.06872307855222
2020-02-22 00:00:00+00:00,9677.05,9709.17,9560.02,9650.86,24636.757623,237544283.22525856,319961,13267.246511,127929552.9975982,-0.002706403294392312,-0.2706403294392312,10344.36,-693.5,-6.70413636029682,0.003934510861759474,0.003814674764807022,0.00400276540278266,0.4%,0.4%,0.4%,24,,,56.06872307855222
2020-02-23 00:00:00+00:00,9650.85,9990.0,9645.0,9936.4,37702.089843,371815095.46744496,441935,20035.250549,197592792.8624695,0.02958700053673957,2.958700053673957,10344.36,-407.96000000000095,-3.9437915927133305,0.008670965000018545,0.006995628842968389,0.005582745283447816,0.9%,0.7%,0.6%,24,,,56.06872307855222
2020-02-24 00:00:00+00:00,9936.4,9990.0,9473.56,9656.13,55796.59612,542081527.6408329,589384,26426.930644,256859539.02050737,-0.028206392657300516,-2.8206392657300516,10344.36,-688.2300000000014,-6.653190724220748,0.0039369348780439305,0.0037760014233770406,0.004003029601217449,0.4%,0.4%,0.4%,24,,,56.06872307855222
2020-02-25 00:00:00+00:00,9655.52,9675.0,9250.0,9315.84,54379.344552,514946930.56602305,579079,26318.934158,249358678.88131347,-0.03524082629376357,-3.524082629376357,10344.36,-1028.5200000000004,-9.942809414985565,0.0028406427294719256,0.002679038686875666,0.002661952061392042,0.3%,0.3%,0.3%,24,,,56.06872307855222
2020-02-26 00:00:00+00:00,9316.48,9377.44,8633.63,8785.25,92130.345482,830717784.379095,871018,41928.874809,378197861.58165485,-0.056955679788403435,-5.6955679788403435,10344.36,-1559.1100000000006,-15.072077924588868,0.005970289115559079,0.005537902963862471,0.0254884687007986,0.6%,0.6%,2.5%,24,,,56.06872307855222
2020-02-27 00:00:00+00:00,8786.0,8971.77,8531.0,8823.21,72483.578762,636955872.7625463,696646,35410.014492,311229361.68385184,0.00432087874562459,0.432087874562459,10344.36,-1521.1500000000015,-14.70511467118315,0.006029806833717567,0.005511368105494417,0.0250819140300582,0.6%,0.6%,2.5%,24,,,56.06872307855222
2020-02-28 00:00:00+00:00,8823.25,8900.0,8445.0,8692.91,71155.208977,615664817.0103912,655727,35295.606135,305533926.9847335,-0.014767867930152279,-1.4767867930152279,10344.36,-1651.4500000000007,-15.964738272836609,0.005516353070210132,0.016968719578860685,0.028808092641289283,0.6%,1.7%,2.9%,24,,,56.06872307855222
2020-02-29 00:00:00+00:00,8690.8,8790.0,8523.55,8523.61,36748.183035,318585951.98853236,414175,18916.854559,164044036.86872095,-0.01947564164359228,-1.9475641643592279,10344.36,-1820.75,-17.601378915660316,0.04174695706861441,0.034201425048179454,0.031138993986367696,4.2%,3.4%,3.1%,24,,,56.06872307855222
2020-03-01 00:00:00+00:00,8523.61,8750.0,8411.0,8531.88,43892.201779,375729315.25408256,472019,21838.368866,186962259.70689058,0.0009702461750360492,0.09702461750360492,10344.36,-1812.4800000000014,-17.521431968724997,0.041798537022095135,0.03422125557758663,0.031078277133730674,4.2%,3.4%,3.1%,24,,,56.06872307855222
2020-03-02 00:00:00+00:00,8530.3,8965.75,8498.0,8915.24,60401.31773,528906629.5628192,564535,31213.080601999998,273395227.9483244,0.04493265259239476,4.493265259239476,10344.36,-1429.1200000000008,-13.815451125057521,0.006001901710491329,0.006010923120316964,0.012484541873278323,0.6%,0.6%,1.2%,24,,,56.06872307855222
2020-03-03 00:00:00+00:00,8911.18,8919.65,8651.0,8760.07,55154.997282,484181096.3229557,512762,26954.229745,236655810.14459231,-0.017405027795101446,-1.7405027795101446,10344.36,-1584.2900000000009,-15.315495593734173,0.005312780013972182,0.0072175409666084146,0.02601439183191633,0.5%,0.7%,2.6%,24,,,56.06872307855222
2020-03-04 00:00:00+00:00,8760.07,8848.29,8660.0,8750.87,38696.482578,338849891.9529354,454817,19279.33119,168832874.50723547,-0.0010502199183338723,-0.10502199183338723,10344.36,-1593.4899999999998,-15.404432947035874,0.005212833206403342,0.009099595313836032,0.02611092263166664,0.5%,0.9%,2.6%,23,,,56.06872307855222
2020-03-05 00:00:00+00:00,8750.99,9159.42,8746.54,9054.68,58201.866355,524102029.20478296,619552,30482.082171,274387102.9108893,0.034717690926730604,3.4717690926730604,10344.36,-1289.6800000000003,-12.46747019631954,0.009560158497934054,0.008114762085213285,0.006919946974438917,1.0%,0.8%,0.7%,24,,,56.06872307855222
2020-03-06 00:00:00+00:00,9054.64,9170.0,8985.5,9131.88,43782.948044,397598476.4205629,493216,22296.560506,202484342.22117203,0.008525977726435263,0.8525977726435263,10344.36,-1212.4800000000014,-11.72116979687483,0.0037976398377825927,0.007404625125039007,0.00686851499745386,0.4%,0.7%,0.7%,24,,,56.06872307855222
2020-03-07 00:00:00+00:00,9130.89,9188.0,8835.0,8886.66,45422.204525,409983263.78913796,485400,22281.715855,201161181.30473226,-0.026853178096952535,-2.6853178096952535,10344.36,-1457.7000000000007,-14.091736946509991,0.005859828321594083,0.005826607980503927,0.014955002783855507,0.6%,0.6%,1.5%,24,,,56.06872307855222
2020-03-08 00:00:00+00:00,8885.25,8886.76,8000.0,8033.31,77537.315166,656931544.7821604,740741,34843.607849,295351474.4354491,-0.09602595350784204,-9.602595350784204,10344.36,-2311.05,-22.341159820423883,0.025015902586949895,0.03154141719510515,0.0258109217499396,2.5%,3.2%,2.6%,24,,,56.06872307855222
2020-03-09 00:00:00+00:00,8034.76,8179.31,7632.01,7929.87,116968.863268,918787729.0855839,929234,58020.957926999996,455866837.3046226,-0.012876385948008995,-1.2876385948008995,10344.36,-2414.4900000000007,-23.34112501885086,0.02289007176702388,0.029491968308183996,0.02439464788639843,2.3%,2.9%,2.4%,24,,,56.06872307855222
2020-03-10 00:00:00+00:00,7929.87,8149.0,7728.01,7894.56,86783.443875,689700153.4490932,737528,43673.584023999996,347117049.3619673,-0.004452784219665551,-0.4452784219665551,10344.36,-2449.8,-23.68247044766424,0.02999919740999717,0.029437931083030614,0.02428330808342608,3.0%,2.9%,2.4%,24,,,56.06872307855222
2020-03-11 00:00:00+00:00,7894.57,7980.0,7590.0,7934.52,79942.41117200001,624465167.3648188,699401,40497.892738,316442882.7597013,0.005061713382379818,0.5061713382379818,10344.36,-2409.84,-23.296172987019016,0.02013886902546206,0.029400645041004977,0.0243835379348242,2.0%,2.9%,2.4%,24,,,56.06872307855222
2020-03-12 00:00:00+00:00,7934.58,7966.17,4410.0,4800.0,261505.608653,1628590104.2222133,1770812,119298.00619700001,743481672.2037649,-0.3950484717412017,-39.50484717412017,10344.36,-5544.360000000001,-53.59790262519866,0.17254535407135063,0.5730151730998917,0.5730151730998917,,,,24,,,56.06872307855222
2020-03-13 00:00:00+00:00,4800.01,5955.0,3782.13,5578.6,402201.673764,2063819540.6389947,2309830,197511.954273,1017423855.755749,0.1622083333333335,16.220833333333353,10344.36,-4765.76,-46.07109574686109,,,,,,,24,,,56.06872307855222
2020-03-14 00:00:00+00:00,5576.05,5640.52,5055.13,5172.06,136910.135974,736651880.9210789,1106125,66104.01972899999,356020329.8521769,-0.07287491485318898,-7.287491485318897,10344.36,-5172.3,-50.001160052434365,,,,,,,24,,,56.06872307855222
2020-03-15 00:00:00+00:00,5172.48,5940.0,5093.1,5361.3,139916.146534,753755706.4268773,1037714,70540.65095,380499471.94982266,0.03658890268094339,3.658890268094339,10344.36,-4983.06,-48.17175736343283,0.19967110205637909,0.6093131206017176,0.6093131206017176,,,,24,,,56.06872307855222
2020-03-16 00:00:00+00:00,5360.33,5365.42,4442.12,5028.97,227276.92276,1113690309.1015868,1608176,108901.967366,533857910.81658685,-0.06198683155204898,-6.198683155204899,10344.36,-5315.39,-51.38442590938443,,,,,,,24,,,56.06872307855222
2020-03-17 00:00:00+00:00,5028.86,5525.0,4921.45,5312.64,150089.926318,793147908.2684973,1069217,74698.374254,394902319.1241586,0.05640717681751939,5.640717681751939,10344.36,-5031.72,-48.64215862556988,,,,,,,24,,,56.06872307855222
2020-03-18 00:00:00+00:00,5312.64,5436.17,5009.37,5393.04,137127.634894,719748122.45302,962843,65106.067778000004,341970839.5779824,0.015133718829056564,1.5133718829056564,10344.36,-4951.320000000001,-47.864923494541955,,,,,,,24,,,56.06872307855222
2020-03-19 00:00:00+00:00,5393.26,6400.0,5252.53,6162.37,199020.87343900002,1164739707.514236,1403608,99011.947011,579536547.7582244,0.14265238158812088,14.265238158812089,10344.36,-4181.990000000001,-40.42773066675947,0.1728327688644113,0.5246982490533482,0.5246982490533482,17.3%,52.5%,52.5%,24,,,56.06872307855222
2020-03-20 00:00:00+00:00,6162.05,6900.0,5670.0,6208.36,219298.329514,1401734013.1752021,1580069,104719.63918,670117999.1481417,0.0074630377598228215,0.7463037759822821,10344.36,-4136.000000000001,-39.98314057128716,0.1729663340166081,0.5008469629619144,0.5008469629619144,17.3%,50.1%,50.1%,24,,,56.06872307855222
2020-03-21 00:00:00+00:00,6204.57,6456.98,5860.02,6186.98,128913.668363,794962136.6384171,990974,63326.096851999995,390737241.11380976,-0.0034437435973430075,-0.34437435973430075,10344.36,-4157.380000000001,-40.18982324667743,0.17265546833879433,0.5118694045737223,0.5118694045737223,17.3%,51.2%,51.2%,24,,,56.06872307855222
2020-03-22 00:00:00+00:00,6187.04,6407.87,5734.01,5816.19,119115.990527,722895653.5100615,952259,57189.898348999996,347411876.3609581,-0.05993069316532462,-5.993069316532463,10344.36,-4528.170000000001,-43.77428859784464,0.3348436276319385,0.6228571114595121,0.6228571114595121,,,,24,,,56.06872307855222
2020-03-23 00:00:00+00:00,5816.05,6600.0,5688.0,6467.31,164674.215785,1015525672.0743864,1099406,84136.011728,519197453.13588756,0.11194957523739779,11.19495752373978,10344.36,-3877.05,-37.47984408895282,0.029524203617191797,0.1268798558797238,0.4208450676971014,3.0%,12.7%,42.1%,24,,,56.06872307855222
2020-03-24 00:00:00+00:00,6465.25,6833.0,6371.33,6744.72,151138.009878,1001890515.2399886,1012669,72781.817328,482659188.5527677,0.04289418630002273,4.289418630002273,10344.36,-3599.6400000000003,-34.79809287379789,0.04010371883739321,0.036377540075346694,0.3556133322910158,4.0%,3.6%,35.6%,24,,,56.06872307855222
2020-03-25 00:00:00+00:00,6744.69,6957.96,6450.0,6677.43,132155.734989,880250736.9079887,912179,63515.16835,423439621.6406946,-0.009976692879763771,-0.9976692879763771,10344.36,-3666.9300000000003,-35.448592276370896,0.045043320747609986,0.12258025821453128,0.3775345802228268,4.5%,12.3%,37.8%,24,,,56.06872307855222
2020-03-26 00:00:00+00:00,6677.42,6780.0,6510.0,6737.36,83026.555211,552537189.4793515,668467,41123.410506,273834254.4669247,0.0089750098466026,0.89750098466026,10344.36,-3607.000000000001,-34.86924275643927,0.040059909723648666,0.03740395679128279,0.35751425429104344,4.0%,3.7%,35.8%,24,,,56.06872307855222
2020-03-27 00:00:00+00:00,6737.27,6842.59,6261.0,6359.11,82914.968354,551326113.8552039,643631,38439.272216,255910741.81760174,-0.05614216844580078,-5.614216844580078,10344.36,-3985.250000000001,-38.52582470060981,0.04577637366188997,0.14024452328991976,0.44080157430603156,4.6%,14.0%,44.1%,24,,,56.06872307855222
2020-03-28 00:00:00+00:00,6359.11,6360.0,6024.0,6236.65,93159.693429,577986706.1289365,725588,44960.523438,279053353.63500285,-0.01925741180762719,-1.925741180762719,10344.36,-4107.710000000001,-39.709658209884424,0.1732204674999658,0.48247946268520125,0.48247946268520125,17.3%,48.2%,48.2%,24,,,56.06872307855222
2020-03-29 00:00:00+00:00,6236.65,6266.0,5866.56,5881.42,63311.627714,383707122.5009629,496709,29080.967922,176336037.90451324,-0.05695846327756082,-5.695846327756082,10344.36,-4462.9400000000005,-43.14370342872832,0.2560203464862901,0.6193184882132642,0.6193184882132642,25.6%,61.9%,61.9%,24,,,56.06872307855222
2020-03-30 00:00:00+00:00,5880.5,6599.0,5857.76,6394.38,118889.549992,747569726.4544197,784034,58863.312983,370039956.0073812,0.0872170326213737,8.721703262137371,10344.36,-3949.9800000000005,-38.18486595594122,0.040331371410720254,0.1352104855414852,0.43592722976287235,4.0%,13.5%,43.6%,24,,,56.06872307855222
2020-03-31 00:00:00+00:00,6394.45,6523.23,6321.4,6410.44,72337.595259,465780496.6224872,538231,34730.902334,223650665.24981058,0.002511580481610265,0.2511580481610265,10344.36,-3933.920000000001,-38.02961227180802,0.04080769376805152,0.1302557811395853,0.434724492160483,4.1%,13.0%,43.5%,24,,,56.06872307855222
2020-04-01 00:00:00+00:00,6412.14,6679.94,6150.11,6642.92,97500.7524,618527468.8341641,758061,49161.370195,312180122.98026615,0.03626584134630395,3.626584134630395,10344.36,-3701.4400000000005,-35.782204022288475,0.04420142728468627,0.12827446261727987,0.3880873893134405,4.4%,12.8%,38.8%,24,,,56.06872307855222
2020-04-02 00:00:00+00:00,6643.36,7198.0,6551.0,6794.09,149299.90687099998,1014494762.4416422,1101043,74722.16374799999,508095825.95867693,0.022756558862668808,2.2756558862668808,10344.36,-3550.2700000000004,-34.320827968090825,0.017275863103193262,0.03519347637497636,0.33904827616596783,1.7%,3.5%,33.9%,24,,,56.06872307855222
2020-04-03 00:00:00+00:00,6793.86,7048.0,6602.1,6734.1,104080.276939,710254017.1002722,840456,51077.938670999996,348762338.666862,-0.008829732900211718,-0.8829732900211718,10344.36,-3610.26,-34.90075751423964,0.040058023596787,0.039263701479572206,0.3584746485887008,4.0%,3.9%,35.8%,24,,,56.06872307855222
2020-04-04 00:00:00+00:00,6732.97,6990.41,6650.01,6856.99,72990.861139,495076283.5209041,659051,36419.056683999996,247173793.29146552,0.018248912252565308,1.8248912252565308,10344.36,-3487.370000000001,-33.71276715040854,0.013011289653621652,0.033893238665597195,0.3201792785652712,1.3%,3.4%,32.0%,24,,,56.06872307855222
2020-04-05 00:00:00+00:00,6857.41,6895.54,6677.52,6772.78,49685.356983,337062083.0020279,506433,23875.578312,162008820.3887751,-0.012280898761701575,-1.2280898761701575,10344.36,-3571.580000000001,-34.52683394622771,0.01775181264240407,0.03527309172575633,0.3480308758746945,1.8%,3.5%,34.8%,24,,,56.06872307855222
2020-04-06 00:00:00+00:00,6772.78,7355.14,6765.0,7329.9,118052.00083199999,837357664.6519214,956586,59322.208872999996,420706756.208279,0.08225868845584827,8.225868845584827,10344.36,-3014.460000000001,-29.141097177592435,0.01598036773735631,0.01932690385506942,0.026773371881916776,1.6%,1.9%,2.7%,24,,,56.06872307855222
2020-04-07 00:00:00+00:00,7329.9,7459.69,7077.0,7197.32,103585.16891800001,757201786.6976632,924436,48811.267789,357008427.7255391,-0.018087559175432144,-1.8087559175432144,10344.36,-3147.040000000001,-30.42276177549893,0.020314118172511705,0.018175997804666798,0.027898953026170254,2.0%,1.8%,2.8%,24,,,56.06872307855222
2020-04-08 00:00:00+00:00,7197.32,7420.0,7150.0,7361.28,76059.145838,555122600.2750258,750516,39000.552565,284685809.77746606,0.022780701705634954,2.2780701705634954,10344.36,-2983.080000000001,-28.837743466004675,0.016089942290242153,0.018936821833004845,0.024729019270719264,1.6%,1.9%,2.5%,24,,,56.06872307855222
2020-04-09 00:00:00+00:00,7360.26,7371.92,7108.08,7283.54,61094.872417,444741085.9037586,686207,28801.892851,209718590.14289618,-0.010560663362893408,-1.0560663362893408,10344.36,-3060.8200000000006,-29.589264101404055,0.015403065147526193,0.018996242358581224,0.027797296050975754,1.5%,1.9%,2.8%,24,,,56.06872307855222
2020-04-10 00:00:00+00:00,7283.54,7295.75,6739.98,6858.92,104674.623375,727281590.7719399,949050,47958.960805,333222230.69815034,-0.05829857459422205,-5.829857459422206,10344.36,-3485.4400000000005,-33.69410964042242,0.012913990630728945,0.03364590958794863,0.31927552867083653,1.3%,3.4%,31.9%,24,,,56.06872307855222
2020-04-11 00:00:00+00:00,6858.92,6944.3,6760.0,6876.83,45470.293206,311699573.516674,484618,21157.128381,145036158.54711846,0.0026111982644496656,0.26111982644496656,10344.36,-3467.5300000000007,-33.52097181459269,0.012322232368020226,0.030365781236553285,0.3135659625234172,1.2%,3.0%,31.4%,24,,,56.06872307855222
2020-04-12 00:00:00+00:00,6876.84,7177.0,6780.0,6903.79,73868.666501,516235035.18651134,648323,35637.958687,249206873.18271956,0.003920411003325741,0.3920411003325741,10344.36,-3440.5700000000006,-33.26034670100422,0.011385993716615821,0.01699891939413392,0.10073722189519664,1.1%,1.7%,10.1%,24,,,56.06872307855222
2020-04-13 00:00:00+00:00,6903.79,6903.79,6575.0,6837.91,96415.47657299999,649390681.2485026,804179,44648.492187,300780988.70993096,-0.00954258458035373,-0.954258458035373,10344.36,-3506.4500000000007,-33.897215487473375,0.014354747153286768,0.03501533716652002,0.32722492358400135,1.4%,3.5%,32.7%,24,,,56.06872307855222
2020-04-14 00:00:00+00:00,6838.04,6978.0,6754.28,6868.7,69068.623285,474794776.19211113,608665,32019.322336999998,220122993.7265764,0.0045028378554266,0.45028378554266,10344.36,-3475.6600000000008,-33.59956536702127,0.012610640239348955,0.031132093870657306,0.31616256712571017,1.3%,3.1%,31.6%,24,,,56.06872307855222
2020-04-15 00:00:00+00:00,6868.57,6933.0,6605.0,6621.24,61571.384994,416947490.6156957,581374,29866.89225,202324176.1600371,-0.03602719583036096,-3.602719583036096,10344.36,-3723.120000000001,-35.991786828764674,0.04405747568147903,0.12817499800070484,0.3973612471470586,4.4%,12.8%,39.7%,24,,,56.06872307855222
2020-04-16 00:00:00+00:00,6621.25,7190.0,6468.27,7101.94,125009.857539,865277543.3946934,971163,63251.204331,438475139.1082971,0.07259969431707658,7.259969431707658,10344.36,-3242.420000000001,-31.34481011875071,0.022066592806105755,0.01825264984718187,0.08610093125606871,2.2%,1.8%,8.6%,24,,,56.06872307855222
2020-04-17 00:00:00+00:00,7101.99,7148.12,6972.98,7027.55,54126.509763,382334236.16947895,537554,25973.970676999998,183489537.17453393,-0.010474602714187875,-1.0474602714187875,10344.36,-3316.8100000000004,-32.06394595702393,0.02165019488384356,0.01961681325702835,0.09139593021576767,2.2%,2.0%,9.1%,24,,,56.06872307855222
2020-04-18 00:00:00+00:00,7026.78,7293.08,7014.4,7248.6,49488.542819,354845083.7761889,494670,23980.644731,171950110.37011603,0.03145477442351896,3.145477442351896,10344.36,-3095.76,-29.92703270187812,0.01401142391832064,0.01844051466872748,0.02775724572714879,1.4%,1.8%,2.8%,24,,,56.06872307855222
2020-04-19 00:00:00+00:00,7248.6,7266.15,7055.6,7120.74,45664.86393,326485586.9317383,483574,21519.030976000002,153854417.3706887,-0.01763926827249407,-1.7639268272494069,10344.36,-3223.620000000001,-31.163068570699405,0.022077460705230454,0.018286015832597886,0.03605943137244081,2.2%,1.8%,3.6%,24,,,56.06872307855222
2020-04-20 00:00:00+00:00,7121.4,7220.0,6751.0,6826.83,90149.49137,629612368.7476892,785174,40427.515933,282531224.312811,-0.04127520454334799,-4.127520454334799,10344.36,-3517.5300000000007,-34.0043269955802,0.01737757157065877,0.03510957241906907,0.3314300802656091,1.7%,3.5%,33.1%,24,,,56.06872307855222
2020-04-21 00:00:00+00:00,6828.98,6940.0,6762.0,6841.37,60109.710808,411800606.0815971,555797,27732.164398,190003705.32072502,0.002129831854609021,0.2129831854609021,10344.36,-3502.9900000000007,-33.863767308949036,0.013508866708155341,0.03482946555441068,0.3260174487930915,1.4%,3.5%,32.6%,24,,,56.06872307855222
2020-04-22 00:00:00+00:00,6841.36,7156.38,6818.0,7125.14,61486.377334,431271646.17559904,508659,28258.859922,198241315.96185336,0.04147853427018289,4.147853427018289,10344.36,-3219.2200000000003,-31.12053331477249,0.022013104351553466,0.018316586151574433,0.035842691075145955,2.2%,1.8%,3.6%,24,,,56.06872307855222
2020-04-23 00:00:00+00:00,7125.12,7738.0,7020.0,7482.39,102773.569561,756320213.5858521,881099,52475.598541,386041564.8244507,0.050139365682639214,5.013936568263921,10344.36,-2861.9700000000003,-27.666960546616703,0.02832037934119013,0.022536322643047457,0.020824700972021756,2.8%,2.3%,2.1%,24,,,56.06872307855222
2020-04-24 00:00:00+00:00,7483.96,7615.96,7388.0,7505.0,60182.119939000004,452118137.79400164,601093,29412.509143,220931579.32065317,0.0030217617632868343,0.30217617632868343,10344.36,-2839.3600000000006,-27.44838733377416,0.028775455488668694,0.022834580761519223,0.020848290130855554,2.9%,2.3%,2.1%,24,,,56.06872307855222
2020-04-25 00:00:00+00:00,7505.0,7705.0,7431.07,7538.67,43874.427726,331292050.77197313,521943,21111.140946,159480178.37989962,0.004486342438374535,0.44863424383745354,10344.36,-2805.6900000000005,-27.122895954897164,0.02875297679174594,0.023094845706370593,0.021024468849207237,2.9%,2.3%,2.1%,22,,,56.06872307855222
2020-04-26 00:00:00+00:00,7539.03,7700.0,7480.0,7693.1,50522.616209,384202783.2747096,554480,24707.494225000002,187939788.77144253,0.020485045770673116,2.0485045770673116,10344.36,-2651.26,-25.630005142899126,0.037046197109052846,0.029018735551040554,0.02377631507754928,3.7%,2.9%,2.4%,24,,,56.06872307855222
2020-04-27 00:00:00+00:00,7693.1,7792.02,7606.0,7774.62,65441.339576,504025811.6512535,637800,31594.106595999998,243380424.90896013,0.010596508559618245,1.0596508559618245,10344.36,-2569.7400000000007,-24.841942855817088,0.02969406610094688,0.028979713279602484,0.023795066838844803,3.0%,2.9%,2.4%,24,,,56.06872307855222
2020-04-28 00:00:00+00:00,7773.51,7780.0,7659.12,7738.98,46302.752638,357391780.93076265,499414,21305.50136,164468534.08844885,-0.004584146877918194,-0.4584146877918194,10344.36,-2605.380000000001,-25.186478428824987,0.0318878864260382,0.0289136994026654,0.02368421810450157,3.2%,2.9%,2.4%,24,,,56.06872307855222
2020-04-29 00:00:00+00:00,7738.58,8952.89,7710.05,8778.57,183546.887514,1536390177.044949,1433128,91462.005617,765292175.0671884,0.13433165610971987,13.433165610971987,10344.36,-1565.7900000000009,-15.136654176768793,0.005975781678710448,0.005754731474273931,0.025682464654986022,0.6%,0.6%,2.6%,24,,,56.06872307855222
2020-04-30 00:00:00+00:00,8778.58,9460.0,8401.0,8620.0,206277.214124,1839283907.4625194,1661554,99484.476377,887675398.177694,-0.018063306438292348,-1.8063306438292348,10344.36,-1724.3600000000006,-16.6695667977526,0.02056319953478311,0.03405612991100447,0.031078448973565657,2.1%,3.4%,3.1%,24,,,56.06872307855222
2020-05-01 00:00:00+00:00,8620.0,9059.18,8613.56,8826.96,91468.815059,805640126.6308705,865960,44763.354481,394216389.90386546,0.024009280742459227,2.4009280742459227,10344.36,-1517.4000000000015,-14.668863032609092,0.006213284320773426,0.005621608227456147,0.02507973466949227,0.6%,0.6%,2.5%,24,,,56.06872307855222
2020-05-02 00:00:00+00:00,8825.67,9010.0,8753.0,8972.05,59002.08755,523838859.5442492,637884,30400.353449000002,269917468.3416013,0.016437142572301333,1.6437142572301333,10344.36,-1372.3100000000013,-13.266262968419518,0.00814479174386546,0.007218185081443158,0.008647087603885375,0.8%,0.7%,0.9%,24,,,56.06872307855222
2020-05-03 00:00:00+00:00,8972.58,9200.0,8712.0,8894.16,90126.065643,808427095.9321591,877460,44321.3704,397824441.8012372,-0.008681405030065537,-0.8681405030065537,10344.36,-1450.2000000000007,-14.019233669361864,0.005534423954757176,0.005891469311584039,0.012883144217890536,0.6%,0.6%,1.3%,24,,,56.06872307855222
2020-05-04 00:00:00+00:00,8894.15,8950.0,8522.0,8871.96,84418.512331,738343818.6939254,848802,39118.380222,342180074.58001775,-0.0024960198602229644,-0.24960198602229644,10344.36,-1472.4000000000015,-14.233843369720322,0.00583762882887104,0.005888503165771238,0.02304417888672423,0.6%,0.6%,2.3%,24,,,56.06872307855222
2020-05-05 00:00:00+00:00,8871.92,9118.58,8760.0,9021.83,76480.765342,683083018.8779808,812543,37454.518379,334700993.4328503,0.016892546855486357,1.6892546855486357,10344.36,-1322.5300000000007,-12.785034550228346,0.009733674124563349,0.008245737090333256,0.007703844650263697,1.0%,0.8%,0.8%,24,,,56.06872307855222
2020-05-06 00:00:00+00:00,9021.36,9395.0,8906.21,9142.92,105925.30242,972793508.4649074,1007661,51189.790893,470167656.56560314,0.013421888907239499,1.3421888907239499,10344.36,-1201.4400000000005,-11.614444972912786,0.003915876035851321,0.005205035115968454,0.006834105661271032,0.4%,0.5%,0.7%,24,,,56.06872307855222
2020-05-07 00:00:00+00:00,9143.4,10067.0,9021.0,9986.4,147154.611378,1409783462.0063643,1254835,74602.193112,715407978.1961043,0.09225499074693855,9.225499074693854,10344.36,-357.96000000000095,-3.46043641172582,0.010678449819771752,0.0085935512890125,0.006659825121040404,1.1%,0.9%,0.7%,24,,,56.06872307855222
2020-05-08 00:00:00+00:00,9986.3,10035.96,9705.0,9800.01,100683.79639999999,997005843.7404792,967816,46207.637594,457701324.85886586,-0.018664383561643794,-1.8664383561643794,10344.36,-544.3500000000004,-5.2622878554110635,0.0038731689485935646,0.003781417155230446,0.0037429846360334095,0.4%,0.4%,0.4%,24,,,56.06872307855222
2020-05-09 00:00:00+00:00,9800.02,9914.25,9520.0,9539.4,81950.679567,795001351.6797023,839384,36738.679244,356475632.6589254,-0.02659283000731638,-2.659283000731638,10344.36,-804.960000000001,-7.78163172975419,0.004588173923330322,0.004369665554687155,0.0038314003763255853,0.5%,0.4%,0.4%,24,,,56.06872307855222
2020-05-10 00:00:00+00:00,9539.1,9574.83,8117.0,8722.77,183865.182028,1594996476.975637,1565771,84376.580774,731417660.3519951,-0.0856060129567896,-8.56060129567896,10344.36,-1621.5900000000001,-15.676078558750861,0.004740414762632046,0.01598701396209994,0.028621647345336156,0.5%,1.6%,2.9%,24,,,56.06872307855222
2020-05-11 00:00:00+00:00,8722.77,9168.0,8200.0,8561.52,168807.251832,1468392820.7608035,1367382,81474.595067,708958944.1586587,-0.018486100172307673,-1.8486100172307673,10344.36,-1782.8400000000001,-17.23489901743559,0.04183712494744004,0.03406871961866381,0.031117988303676083,4.2%,3.4%,3.1%,24,,,56.06872307855222
2020-05-12 00:00:00+00:00,8562.04,8978.26,8528.78,8810.79,86522.780066,760195457.0509586,784859,40570.317401,356508014.1884676,0.029115157121632596,2.9115157121632596,10344.36,-1533.5699999999997,-14.825180098140434,0.006231001151562087,0.005537158579503868,0.025306827005254575,0.6%,0.6%,2.5%,24,,,56.06872307855222
2020-05-13 00:00:00+00:00,8810.99,9398.0,8792.99,9309.37,92466.274018,839725719.9602077,869216,43648.354655,396713970.0443314,0.0565874342709336,5.65874342709336,10344.36,-1034.9899999999998,-10.00535557540534,0.002670647965433749,0.0026261344008776787,0.0026926563817053304,0.3%,0.3%,0.3%,24,,,56.06872307855222
2020-05-14 00:00:00+00:00,9309.35,9939.0,9256.76,9791.98,129565.37746999999,1247456797.8136663,1199530,63438.510992999996,611313934.3913236,0.051841316866769516,5.184131686676952,10344.36,-552.380000000001,-5.339914697477665,0.003947208761578013,0.0037202498891602924,0.0037503029482661367,0.4%,0.4%,0.4%,24,,,56.06872307855222
2020-05-15 00:00:00+00:00,9791.97,9845.62,9150.0,9316.42,115890.761516,1099721375.8919058,1055630,55397.123434,525813199.3366492,-0.048566275666412695,-4.8566275666412695,10344.36,-1027.9400000000005,-9.93720249488611,0.002814669558744565,0.0026766600604777977,0.002648963590212359,0.3%,0.3%,0.3%,24,,,56.06872307855222
2020-05-16 00:00:00+00:00,9315.96,9588.0,9220.0,9381.27,59587.627862,560547005.0259086,692028,28861.3682,271542836.2138013,0.006960828300999866,0.6960828300999866,10344.36,-963.0900000000001,-9.310290825145294,0.0032390066800071057,0.0031305614565159206,0.00288563087736935,0.3%,0.3%,0.3%,24,,,56.06872307855222
2020-05-17 00:00:00+00:00,9380.81,9888.0,9322.1,9680.04,68647.764323,663088800.815278,722718,34734.034993,335478915.9764369,0.031847500391738004,3.1847500391738004,10344.36,-664.3199999999997,-6.422050276672497,0.003113823045025091,0.003546036235822001,0.0039539770217404705,0.3%,0.4%,0.4%,24,,,56.06872307855222
2020-05-18 00:00:00+00:00,9681.11,9950.0,9464.23,9733.93,82006.603583,797622297.3261683,794292,40242.842985999996,391957586.20057756,0.005567125755678637,0.5567125755678637,10344.36,-610.4300000000003,-5.901090062604164,0.0037495829304971576,0.003745077505236693,0.004076785483125139,0.4%,0.4%,0.4%,24,,,56.06872307855222
2020-05-19 00:00:00+00:00,9733.93,9897.21,9474.0,9775.53,78539.760454,760713946.0085461,773581,37821.719308,366745428.20816094,0.00427371061842452,0.427371061842452,10344.36,-568.8299999999999,-5.4989385520225476,0.0034826408804805127,0.0033955527361904285,0.0035960757175723633,0.3%,0.3%,0.4%,24,,,56.06872307855222
2020-05-20 00:00:00+00:00,9775.13,9842.0,9326.0,9511.43,74923.73809,721190802.7634025,731189,33481.796678,322416331.9624527,-0.027016437983413688,-2.701643798341369,10344.36,-832.9300000000003,-8.0520206179986,0.005079643247522876,0.00433462993387088,0.003711459199382559,0.5%,0.4%,0.4%,24,,,56.06872307855222
2020-05-21 00:00:00+00:00,9511.43,9578.47,8815.0,9068.65,108928.780969,1002046265.9412597,951971,49914.081138,459089374.16887957,-0.04655241115163555,-4.655241115163555,10344.36,-1275.710000000001,-12.332420758751638,0.009305345615488677,0.008114239486858354,0.006900821079264105,0.9%,0.8%,0.7%,24,,,56.06872307855222
2020-05-22 00:00:00+00:00,9067.51,9271.0,8933.52,9170.0,58943.131024,537847834.4967086,693694,28987.315896,264538897.25902513,0.011175864103256883,1.1175864103256883,10344.36,-1174.3600000000006,-11.352659806889942,0.002490066505514525,0.0032272974917439104,0.0065106566554590396,0.2%,0.3%,0.7%,24,,,56.06872307855222
2020-05-23 00:00:00+00:00,9170.0,9307.85,9070.0,9179.15,43526.296966,400407195.62892234,512460,21377.616332,196682791.17593566,0.000997818974918241,0.09978189749182409,10344.36,-1165.210000000001,-11.264205808769233,0.002299269136622602,0.0032505714582364794,0.006361685936943578,0.2%,0.3%,0.6%,24,,,56.06872307855222
2020-05-24 00:00:00+00:00,9179.01,9298.0,8700.0,8720.34,70379.86645,636787240.3733248,774088,32046.411444,290362268.47214717,-0.04998393097400078,-4.998393097400077,10344.36,-1624.0200000000004,-15.69956962054685,0.004744787050963159,0.0162551298239477,0.028787000093982856,0.5%,1.6%,2.9%,24,,,56.06872307855222
2020-05-25 00:00:00+00:00,8718.14,8979.66,8642.72,8900.35,62833.910949,553545285.9140139,733557,30771.888744,271166770.94493836,0.020642543754027853,2.0642543754027853,10344.36,-1444.0100000000002,-13.959394297955608,0.005797334827912667,0.006005384375067292,0.012722371204490072,0.6%,0.6%,1.3%,24,,,56.06872307855222
2020-05-26 00:00:00+00:00,8900.35,9017.67,8700.0,8841.18,58299.770138,516455128.89068806,678304,28242.170083,250278944.16497475,-0.006648053166448564,-0.6648053166448564,10344.36,-1503.1800000000003,-14.531396819136223,0.006406259375553502,0.005838708834649758,0.023234786108423215,0.6%,0.6%,2.3%,24,,,56.06872307855222
2020-05-27 00:00:00+00:00,8841.0,9225.0,8811.73,9204.07,68910.355514,624660855.780037,662850,33532.620265,304057334.99150485,0.04104542606303685,4.104542606303685,10344.36,-1140.2900000000009,-11.023301586565049,0.002728072053437552,0.002765151794917486,0.00618970269743765,0.3%,0.3%,0.6%,24,,,56.06872307855222
2020-05-28 00:00:00+00:00,9204.07,9625.47,9110.0,9575.89,74110.787662,693930106.1813824,738725,37974.899609,355720464.8630843,0.04039734595673439,4.039734595673439,10344.36,-768.4700000000012,-7.4288791186695065,0.0037314915104821014,0.004436219825673589,0.003907515737112948,0.4%,0.4%,0.4%,24,,,56.06872307855222
2020-05-29 00:00:00+00:00,9575.87,9605.26,9330.0,9427.07,57374.362961,542758086.6064702,593705,26819.212894,253696538.73175293,-0.015541114194085326,-1.5541114194085326,10344.36,-917.2900000000009,-8.867537479360744,0.003334164820485733,0.0033623400050570747,0.0030034830527510825,0.3%,0.3%,0.3%,24,,,56.06872307855222
2020-05-30 00:00:00+00:00,9426.6,9740.0,9331.23,9697.72,55665.27254,530598690.0714505,651290,29252.679904,279016030.1311799,0.02870987486037535,2.870987486037535,10344.36,-646.6400000000012,-6.25113588467533,0.003167676726259426,0.0035533026813116472,0.00396370792259322,0.3%,0.4%,0.4%,24,,,56.06872307855222
2020-05-31 00:00:00+00:00,9697.72,9700.0,9381.41,9448.27,48333.786403,461272298.8525205,651473,22778.001169,217450165.0180633,-0.025722540968392438,-2.5722540968392438,10344.36,-896.0900000000001,-8.662594882622033,0.003240572766879447,0.0030891983437565224,0.003004352008970756,0.3%,0.3%,0.3%,24,,,56.06872307855222
2020-06-01 00:00:00+00:00,9448.27,10380.0,9421.67,10200.77,76649.12696,749707596.6593573,826964,41530.412316999995,406777189.28314984,0.07964420999823241,7.964420999823241,10344.36,-143.59000000000015,-1.3880994087599463,0.017432147205900902,0.0141982744779187,0.010709356371113227,1.7%,1.4%,1.1%,24,,,56.06872307855222
2020-06-02 00:00:00+00:00,10202.71,10228.99,9266.0,9518.04,108970.773151,1070060237.1302093,1004312,49354.907969,485973112.19351894,-0.06692926122243703,-6.692926122243703,10344.36,-826.3199999999997,-7.988121063072051,0.005168419120038858,0.004373553810559774,0.0037369900486892383,0.5%,0.4%,0.4%,24,,,56.06872307855222
2020-06-03 00:00:00+00:00,9518.02,9690.0,9365.21,9666.24,46252.644939,441928818.0430156,562784,22656.30815,216537558.0168512,0.015570432568049686,1.5570432568049686,10344.36,-678.1200000000008,-6.555456306625063,0.0035394560132921697,0.003692292159131394,0.00400954523743882,0.4%,0.4%,0.4%,24,,,56.06872307855222
2020-06-04 00:00:00+00:00,9666.32,9881.63,9450.0,9789.06,57456.100969,557234945.6467389,665881,28778.237371,279263924.70782906,0.01270607806137658,1.270607806137658,10344.36,-555.3000000000011,-5.368142640047335,0.004016602440957792,0.0037185199328617115,0.003747996023818126,0.4%,0.4%,0.4%,24,,,56.06872307855222
2020-06-05 00:00:00+00:00,9788.14,9854.75,9581.0,9621.16,47788.05005,465200788.20363384,566062,22329.107119,217444468.9505285,-0.01715180007069117,-1.715180007069117,10344.36,-723.2000000000007,-6.991249337803406,0.003900124782728088,0.0038992678923462066,0.003959878793967941,0.4%,0.4%,0.4%,24,,,56.06872307855222
2020-06-06 00:00:00+00:00,9621.17,9735.0,9531.05,9666.3,32752.950893,315604867.2361491,435796,15832.693765,152610794.9455491,0.004691741952113748,0.4691741952113748,10344.36,-678.0600000000013,-6.554876280407884,0.003542177044963818,0.0036935489557787062,0.004010345509193289,0.4%,0.4%,0.4%,24,,,56.06872307855222
2020-06-07 00:00:00+00:00,9666.85,9802.0,9372.46,9746.99,57952.848385,556919603.7915448,637766,28426.595129,273242856.19134754,0.00834755801082121,0.834755801082121,10344.36,-597.3700000000008,-5.774837689330237,0.003796462723399188,0.0035826880293521606,0.00409201215418279,0.4%,0.4%,0.4%,24,,,56.06872307855222
2020-06-08 00:00:00+00:00,9746.99,9800.0,9633.0,9782.01,40664.664125,395459395.8213372,485139,19744.039124,192037951.04548973,0.0035929040657680655,0.35929040657680655,10344.36,-562.3500000000004,-5.436295720566575,0.0039319197365483395,0.0035850230103780956,0.0036862569895113207,0.4%,0.4%,0.4%,24,,,56.06872307855222
2020-06-09 00:00:00+00:00,9782.0,9877.0,9570.0,9772.43,46024.001289,447208895.8386983,551863,21901.19095,212965408.6778281,-0.0009793488250369187,-0.09793488250369187,10344.36,-571.9300000000003,-5.528906573243775,0.0035559693592709268,0.003401580930107295,0.003664512859150525,0.4%,0.3%,0.4%,24,,,56.06872307855222
2020-06-10 00:00:00+00:00,9772.44,9992.72,9704.18,9885.0,47130.762982,462384305.3511994,560909,23128.161032,226982635.61915445,0.011519141093873309,1.1519141093873309,10344.36,-459.3600000000006,-4.440680718768498,0.006858235859847895,0.005511775702728013,0.004667582995218275,0.7%,0.6%,0.5%,24,,,56.06872307855222
2020-06-11 00:00:00+00:00,9885.22,9964.0,9113.0,9280.4,94418.98473,902075648.5453849,966502,40972.064749,391689549.6579659,-0.061163378856853856,-6.116337885685386,10344.36,-1063.960000000001,-10.28541156726952,0.00246021561819579,0.0026236383425540986,0.0029144986758003564,0.2%,0.3%,0.3%,24,,,56.06872307855222
2020-06-12 00:00:00+00:00,9278.88,9557.12,9232.51,9465.13,50119.066932,472007894.3756753,553203,24344.81637,229325970.87113217,0.019905392008965128,1.9905392008965128,10344.36,-879.2300000000014,-8.499607515593055,0.004160444486662025,0.0036304640345002793,0.0033048136493944087,0.4%,0.4%,0.3%,24,,,56.06872307855222
2020-06-13 00:00:00+00:00,9464.96,9494.73,9351.0,9473.34,27759.784851,261673162.2584724,392763,13531.007214,127577168.31734002,0.0008673943199934975,0.08673943199934975,10344.36,-871.0200000000004,-8.420240594874894,0.004147335600665514,0.0036494276503480326,0.003338369450515668,0.4%,0.4%,0.3%,24,,,56.06872307855222
2020-06-14 00:00:00+00:00,9473.34,9480.99,9245.0,9342.1,30055.506608,282131272.3800662,415568,14465.416151,135811554.06421557,-0.013853614459103047,-1.3853614459103047,10344.36,-1002.2600000000002,-9.688951273930913,0.003408915196066907,0.0029631929704906374,0.0027628098256829627,0.3%,0.3%,0.3%,24,,,56.06872307855222
2020-06-15 00:00:00+00:00,9342.1,9495.0,8910.45,9426.02,86107.924707,793518842.5509845,839521,41630.747529,384031123.18172884,0.008982990976333038,0.8982990976333038,10344.36,-918.3400000000001,-8.877687938161472,0.003343859488953614,0.0033667348300739502,0.003017724000729755,0.3%,0.3%,0.3%,24,,,56.06872307855222
2020-06-16 00:00:00+00:00,9426.05,9589.0,9373.09,9525.59,52052.446927000005,494458269.13979113,543481,25692.839625,244097412.8828076,0.010563313041983768,1.0563313041983768,10344.36,-818.7700000000004,-7.915134430742943,0.005168395578228951,0.004367406110956881,0.0037555361930569644,0.5%,0.4%,0.4%,24,,,56.06872307855222
2020-06-17 00:00:00+00:00,9526.97,9565.0,9236.61,9465.14,48046.411152,453209812.2257806,536158,22842.831276,215532725.63392767,-0.006346063603409391,-0.6346063603409391,10344.36,-879.2200000000012,-8.499510844556857,0.004164682490656726,0.003633706238347401,0.0033053350356212208,0.4%,0.4%,0.3%,24,,,56.06872307855222
2020-06-18 00:00:00+00:00,9465.13,9489.0,9280.0,9386.32,37381.953765,351649555.0725387,475074,17940.405253,168801558.37933227,-0.00832739927777082,-0.832739927777082,10344.36,-958.0400000000009,-9.261471951865563,0.003073181984575343,0.0030866214593185557,0.0028516452412398574,0.3%,0.3%,0.3%,24,,,56.06872307855222
2020-06-19 00:00:00+00:00,9386.32,9438.3,9215.79,9310.23,45330.983673,423086965.1927383,503484,22055.969046,205898368.34014913,-0.008106478364257819,-0.8106478364257819,10344.36,-1034.130000000001,-9.997041866292367,0.0026534243638729783,0.002619072488914975,0.002690905287527293,0.3%,0.3%,0.3%,24,,,56.06872307855222
2020-06-20 00:00:00+00:00,9310.23,9395.0,9170.95,9358.95,30329.065384,282120360.5567526,382778,15125.081769,140741525.62068328,0.005232953428647935,0.5232953428647935,10344.36,-985.4099999999999,-9.526060577938122,0.003571770726921933,0.0030604270669183677,0.002843295432257726,0.4%,0.3%,0.3%,24,,,56.06872307855222
2020-06-21 00:00:00+00:00,9358.95,9422.0,9281.54,9294.69,24316.926234,227467940.6102112,321015,11779.797182,110215504.55537862,-0.006866154857115392,-0.6866154857115392,10344.36,-1049.67,-10.147268656543273,0.0024447442887822767,0.0025641015011462717,0.0028818949498717462,0.2%,0.3%,0.3%,24,,,56.06872307855222
2020-06-22 00:00:00+00:00,9294.69,9780.0,9277.09,9685.69,57895.468343,550995799.0694704,588704,30738.200375,292712778.1434761,0.04206702966962861,4.206702966962861,10344.36,-658.6700000000001,-6.367431141220914,0.0030105946995673634,0.003582555500408291,0.003968569834749265,0.3%,0.4%,0.4%,24,,,56.06872307855222
2020-06-23 00:00:00+00:00,9685.69,9720.0,9577.03,9624.89,41031.02938,395487616.46087795,474319,19112.606216,184247416.84941235,-0.006277301875240782,-0.6277301875240782,10344.36,-719.4700000000012,-6.955191041301745,0.004047162417455336,0.0038289074260045115,0.003976199803387051,0.4%,0.4%,0.4%,24,,,56.06872307855222
2020-06-24 00:00:00+00:00,9624.33,9670.0,9208.0,9296.49,61571.561464,579426702.7966821,572362,26903.544061,253131387.59992126,-0.03411987046085718,-3.4119870460857182,10344.36,-1047.8700000000008,-10.12986787002773,0.002439754698053934,0.0025390977931851236,0.0028816431801240595,0.2%,0.3%,0.3%,24,,,56.06872307855222
2020-06-25 00:00:00+00:00,9298.33,9340.0,9009.69,9249.49,55831.619156,514396747.4047828,536205,26546.395563,244659133.8850236,-0.005055671549154539,-0.5055671549154539,10344.36,-1094.8700000000008,-10.584221740155996,0.0026632880927478304,0.0026793302503322403,0.0035230628347515886,0.3%,0.3%,0.4%,24,,,56.06872307855222
2020-06-26 00:00:00+00:00,9249.49,9298.0,9045.45,9162.21,50292.298277,461347064.82950306,510947,23307.903475,213866832.83863124,-0.009436195941614156,-0.9436195941614156,10344.36,-1182.1500000000015,-11.427966544087809,0.0025352218022785256,0.003305573300516392,0.006498862992324043,0.3%,0.3%,0.6%,24,,,56.06872307855222
2020-06-27 00:00:00+00:00,9162.21,9196.24,8833.0,9012.0,46290.930113,419606802.2372014,499415,21056.87686,191013780.26087573,-0.01639451617022525,-1.6394516170225248,10344.36,-1332.3600000000006,-12.880062178810492,0.00964182375666557,0.00811423706106942,0.00821622866920842,1.0%,0.8%,0.8%,24,,,56.06872307855222
2020-06-28 00:00:00+00:00,9012.0,9191.0,8948.06,9116.35,30688.176421,278721674.9221112,374404,14982.804528,136093615.8190654,0.011579005770084416,1.1579005770084416,10344.36,-1228.0100000000002,-11.871299916089539,0.003928280199194378,0.007868285024867274,0.006875392697258238,0.4%,0.8%,0.7%,21,,,56.06872307855222
2020-06-29 00:00:00+00:00,9116.16,9238.0,9024.67,9192.56,42120.293261,384206326.4706804,434299,20449.097796000002,186542867.41056207,0.008359705364537229,0.8359705364537229,10344.36,-1151.800000000001,-11.134569949228379,0.0025307651510922758,0.002739624197281656,0.006291390193741743,0.3%,0.3%,0.6%,24,,,56.06872307855222
2020-06-30 00:00:00+00:00,9192.93,9205.0,9064.89,9138.55,31463.162801,287781334.5170158,328083,15267.747467,139674651.10276634,-0.005875403587248806,-0.5875403587248806,10344.36,-1205.8100000000013,-11.656690215731091,0.003880568571986918,0.006156889632094744,0.006834913616325733,0.4%,0.6%,0.7%,24,,,56.06872307855222
2020-07-01 00:00:00+00:00,9138.08,9292.0,9080.1,9232.0,38488.528699,354087627.16966116,374832,19068.831705,175429466.2892198,0.010225911112813346,1.0225911112813346,10344.36,-1112.3600000000006,-10.753299382465432,0.002738853661262904,0.002558532497746295,0.005350060551432372,0.3%,0.3%,0.5%,24,,,56.06872307855222
2020-07-02 00:00:00+00:00,9231.99,9261.96,8940.0,9086.54,45725.168076,417724468.88735676,470292,21637.630489,197709875.24815685,-0.01575606585788547,-1.575606585788547,10344.36,-1257.8199999999997,-12.159476274994297,0.007866265683944216,0.008004626289507329,0.006906476174393953,0.8%,0.8%,0.7%,24,,,56.06872307855222
2020-07-03 00:00:00+00:00,9086.54,9125.0,9037.47,9058.26,28943.420177,263123750.46717235,343189,13719.524517,124722413.06761461,-0.0031122957693467956,-0.31122957693467956,10344.36,-1286.1000000000004,-12.432861965360843,0.009556061568598104,0.008136463302604915,0.006930374006738945,1.0%,0.8%,0.7%,24,,,56.06872307855222
2020-07-04 00:00:00+00:00,9057.79,9190.0,9040.04,9135.46,26441.968484,240576054.91572312,335225,13588.8196,123666216.06517515,0.00852260809471117,0.852260809471117,10344.36,-1208.9000000000015,-11.686561565916131,0.0037448444234416396,0.006180687376455684,0.006828793527908761,0.4%,0.6%,0.7%,24,,,56.06872307855222
2020-07-05 00:00:00+00:00,9135.0,9145.24,8893.03,9069.41,34073.653627,308410443.6592152,384500,16276.23427,147339875.53843993,-0.007230068327155892,-0.7230068327155892,10344.36,-1274.9500000000007,-12.325073760000627,0.009335447072441957,0.00811717497079363,0.0069037833408089055,0.9%,0.8%,0.7%,24,,,56.06872307855222
2020-07-06 00:00:00+00:00,9069.41,9375.0,9055.92,9344.2,54463.132277,502548376.20946366,533540,28132.942221999998,259636973.335946,0.03029855304810347,3.029855304810347,10344.36,-1000.1599999999999,-9.668650356329433,0.0034253874603353694,0.002951274635740379,0.0027687363136984426,0.3%,0.3%,0.3%,24,,,56.06872307855222
2020-07-07 00:00:00+00:00,9342.47,9379.42,9203.0,9257.39,34587.336678,320576525.3553498,433481,16284.849001999999,150931441.59977534,-0.009290254917489027,-0.9290254917489027,10344.36,-1086.9700000000012,-10.507851621559972,0.0026643674110730297,0.00269335098881932,0.003243007482108996,0.3%,0.3%,0.3%,24,,,56.06872307855222
2020-07-08 00:00:00+00:00,9257.4,9470.0,9231.0,9436.06,56140.517781,525344876.6999235,652605,28067.680642,262723969.14964062,0.019300256335749166,1.9300256335749166,10344.36,-908.3000000000011,-8.780630217819185,0.0033292109363486986,0.0032370834972998575,0.00299966645751625,0.3%,0.3%,0.3%,24,,,56.06872307855222
2020-07-09 00:00:00+00:00,9436.06,9440.79,9160.0,9232.43,48044.450645,447640493.54432976,575491,22644.915501,210991009.74510142,-0.021579981475319032,-2.157998147531903,10344.36,-1111.9300000000003,-10.749142527908928,0.002736174498760823,0.002556826976328169,0.005341300061180007,0.3%,0.3%,0.5%,24,,,56.06872307855222
2020-07-10 00:00:00+00:00,9232.42,9317.48,9125.0,9288.34,38295.494006,352238898.76948255,525484,18360.613168,168904319.25502697,0.006055827122436908,0.6055827122436908,10344.36,-1056.0200000000004,-10.20865476452869,0.002343163401686725,0.002539267280422157,0.0028981333855683552,0.2%,0.3%,0.3%,24,,,56.06872307855222
2020-07-11 00:00:00+00:00,9288.34,9299.28,9178.25,9234.03,22561.366,208410250.50959373,413452,10815.473293,99921646.88340026,-0.00584711584631914,-0.584711584631914,10344.36,-1110.33,-10.73367516211733,0.002771194416096716,0.0025798623964944966,0.005220174576137291,0.3%,0.3%,0.5%,24,,,56.06872307855222
2020-07-12 00:00:00+00:00,9234.02,9345.0,9157.5,9302.75,30872.702286,285591381.4915314,484875,14980.187704,138584259.00133508,0.007442037766825393,0.7442037766825393,10344.36,-1041.6100000000006,-10.069351801368098,0.002389904100789372,0.0025338797823323965,0.002646266381401003,0.2%,0.3%,0.3%,24,,,56.06872307855222
2020-07-13 00:00:00+00:00,9303.31,9343.82,9200.89,9242.62,42740.069115,396614086.79626995,642552,19689.443337,182734051.95071438,-0.006463680094595636,-0.6463680094595636,10344.36,-1101.7399999999998,-10.650634742023668,0.0026810107792250375,0.0026207519290520074,0.004130812685825317,0.3%,0.3%,0.4%,24,,,56.06872307855222
2020-07-14 00:00:00+00:00,9242.61,9279.54,9113.0,9255.85,45772.552509,421789086.4549474,613139,21666.536951,199673293.75001955,0.0014314123051688554,0.14314123051688554,10344.36,-1088.5100000000002,-10.522738961134381,0.0026865645118571107,0.0027008330177459186,0.0032448477674628918,0.3%,0.3%,0.3%,24,,,56.06872307855222
2020-07-15 00:00:00+00:00,9255.85,9276.49,9160.57,9197.6,39053.579665,360201683.49480516,554780,17977.679747000002,165822998.03166476,-0.006293317199392856,-0.6293317199392856,10344.36,-1146.7600000000002,-11.085847746984834,0.002625323597977755,0.002751870818830426,0.006209265586455669,0.3%,0.3%,0.6%,24,,,56.06872307855222
2020-07-16 00:00:00+00:00,9197.6,9226.15,9047.25,9133.72,43375.571191,395883667.02480036,681807,20410.130009,186271268.49276468,-0.006945290075672017,-0.6945290075672017,10344.36,-1210.6400000000012,-11.703382326214484,0.0037852511481163385,0.00685506275465172,0.00686502096794818,0.4%,0.7%,0.7%,24,,,56.06872307855222
2020-07-17 00:00:00+00:00,9133.72,9186.83,9089.81,9154.32,28054.358741,256360345.57676792,470991,13397.537805,122434361.70789555,0.0022553789693575688,0.22553789693575688,10344.36,-1190.0400000000009,-11.504239991647635,0.0029133017972575517,0.0037044427402749868,0.006646079105301861,0.3%,0.4%,0.7%,24,,,56.06872307855222
2020-07-18 00:00:00+00:00,9154.31,9219.3,9121.1,9170.28,22554.541457,206628105.36278895,430377,11502.704829,105387979.46391492,0.0017434391631492296,0.17434391631492296,10344.36,-1174.08,-11.349953017876402,0.002481842951581014,0.003224971344161251,0.006481415459235058,0.2%,0.3%,0.6%,24,,,56.06872307855222
2020-07-19 00:00:00+00:00,9170.3,9232.27,9101.35,9208.99,26052.019417,238521988.0313255,440449,12873.373493,117870221.42492929,0.00422124515281963,0.42212451528196304,10344.36,-1135.3700000000008,-10.975739436755882,0.002786439036267421,0.0026483661207455963,0.006095879297954612,0.3%,0.3%,0.6%,24,,,56.06872307855222
2020-07-20 00:00:00+00:00,9208.99,9221.52,9131.0,9160.78,35458.764082,325297289.27265835,557096,16527.692886,151623269.70394644,-0.005235101786406404,-0.5235101786406404,10344.36,-1183.58,-11.441790502264038,0.002783493737710372,0.0033758049029579042,0.006555959265893827,0.3%,0.3%,0.7%,24,,,56.06872307855222
2020-07-21 00:00:00+00:00,9160.78,9437.73,9152.8,9390.0,60413.582486,563360524.7994282,782959,29470.512051,274802209.580128,0.02502188678256645,2.502188678256645,10344.36,-954.3600000000006,-9.22589701054488,0.00297282003726657,0.003111296001030309,0.002852323889749281,0.3%,0.3%,0.3%,24,,,56.06872307855222
2020-07-22 00:00:00+00:00,9390.0,9544.0,9261.0,9518.16,48815.004107,457776105.6155714,663029,23362.19379,219166005.90788168,0.013648562300319522,1.3648562300319522,10344.36,-826.2000000000007,-7.986961010637684,0.005171255548819695,0.004371488233468482,0.0037370962895356182,0.5%,0.4%,0.4%,24,,,56.06872307855222
2020-07-23 00:00:00+00:00,9518.16,9664.0,9440.33,9603.27,51856.2335,494282948.7336824,735371,24461.265468,233235064.19448093,0.00894185430797556,0.8941854307975561,10344.36,-741.0900000000001,-7.164193821560739,0.003836098640505906,0.0044776714637782536,0.003932570453545863,0.4%,0.4%,0.4%,24,,,56.06872307855222
2020-07-24 00:00:00+00:00,9603.27,9637.0,9463.44,9537.8,43931.136205,419240263.5218282,677725,20416.299973,194861143.5855291,-0.006817469466129933,-0.6817469466129933,10344.36,-806.5600000000013,-7.797099095545801,0.004530179615556858,0.00434270337119106,0.0038171191535467633,0.5%,0.4%,0.4%,24,,,56.06872307855222
2020-07-25 00:00:00+00:00,9538.1,9732.9,9513.0,9700.42,40679.545416,391431695.7168218,675222,19626.608893,188907762.7521463,0.01705005347145061,1.705005347145061,10344.36,-643.9400000000005,-6.225034704901999,0.0032493230153281183,0.0035816717991601467,0.003979954849833438,0.3%,0.4%,0.4%,24,,,56.06872307855222
2020-07-26 00:00:00+00:00,9700.42,10111.0,9650.0,9931.54,65279.269319,644607634.4817771,945611,33748.331807,333445554.97564465,0.023825772492325203,2.3825772492325203,10344.36,-412.8199999999997,-3.990773716305307,0.00837267034919972,0.006783776418208615,0.005444148025380017,0.8%,0.7%,0.5%,24,,,56.06872307855222
2020-07-27 00:00:00+00:00,9931.54,11394.86,9917.21,11029.96,150188.933144,1580355372.0991797,1901088,76650.610051,806266386.3887895,0.11059916186210783,11.059916186210783,11029.96,0.0,0.0,0.00844772921042969,0.009328889424452022,0.009007233277304903,0.8%,0.9%,0.9%,24,,,56.06872307855222
2020-07-28 00:00:00+00:00,11029.96,11242.23,10565.0,10906.27,97267.734187,1065375500.1891887,1475636,46575.430534,510271018.989564,-0.011214002589311156,-1.1214002589311156,11029.96,-123.68999999999869,-1.1214002589311156,0.010053996660710057,0.008282957925037504,0.008539212148576562,1.0%,0.8%,0.9%,24,,,56.06872307855222
2020-07-29 00:00:00+00:00,10906.27,11342.82,10812.0,11100.53,76838.094233,853242253.6158237,1127302,36218.477065,402507227.08882374,0.017811772494170874,1.7811772494170874,11100.53,0.0,0.0,0.010584039122825,0.010364479456217797,0.009229422636419663,1.1%,1.0%,0.9%,24,,,56.06872307855222
2020-07-30 00:00:00+00:00,11100.52,11170.0,10831.0,11099.61,60794.826456,669779541.8872834,879960,28272.698765,311567992.0035252,-8.287892560088217e-05,-0.008287892560088217,11100.53,-0.9200000000000728,-0.008287892560088217,0.010581999921396272,0.010364356532468692,0.009224646871981363,1.1%,1.0%,0.9%,24,,,56.06872307855222
2020-07-31 00:00:00+00:00,11099.79,11444.0,10960.0,11335.46,70063.660974,786344325.8552314,971584,34068.143365,382632611.4413552,0.021248494316466804,2.1248494316466804,11335.46,0.0,0.0,0.012317975711262164,0.0117105186219394,0.010211932984449548,1.2%,1.2%,1.0%,24,,,56.06872307855222
2020-08-01 00:00:00+00:00,11335.46,11861.0,11220.0,11801.17,85087.485126,987817017.3186326,1174252,40523.733524,470714480.0111347,0.04108434946618855,4.108434946618855,11801.17,0.0,0.0,0.005655435268256507,0.005306278171709672,0.00556205845650776,0.6%,0.5%,0.6%,24,,,56.06872307855222
2020-08-02 00:00:00+00:00,11801.17,12123.46,10518.5,11071.35,97553.077604,1105757335.5281618,1459900,45974.786415,521934340.8317661,-0.06184302064964742,-6.184302064964742,11801.17,-729.8199999999997,-6.184302064964742,0.009349296999085257,0.009734120372238307,0.00907947834770966,0.9%,1.0%,0.9%,24,,,56.06872307855222
2020-08-03 00:00:00+00:00,11071.36,11473.0,10936.0,11219.81,56931.841475,641127593.2614517,919185,27133.035136,305554713.937307,0.013409385485961378,1.3409385485961378,11801.17,-581.3600000000006,-4.926291206719336,0.013977958543646841,0.0124239726803644,0.01021834803528981,1.4%,1.2%,1.0%,24,,,56.06872307855222
2020-08-04 00:00:00+00:00,11219.68,11414.98,11000.0,11191.97,58629.113709,658084242.6797222,863692,27861.615661,312734273.79301876,-0.0024813254413399433,-0.24813254413399433,11801.17,-609.2000000000007,-5.162200019150653,0.013814249315290678,0.012294541104919768,0.010163913921259607,1.4%,1.2%,1.0%,24,,,56.06872307855222
2020-08-05 00:00:00+00:00,11191.99,11780.93,11093.0,11744.91,74970.256852,861433645.4244397,964637,36130.384551,415113460.07729,0.04940506452393989,4.940506452393989,11801.17,-56.26000000000022,-0.4767323917882704,0.004782664935683076,0.005762527547117822,0.005677564101879025,0.5%,0.6%,0.6%,24,,,56.06872307855222
2020-08-06 00:00:00+00:00,11744.91,11900.0,11562.5,11762.46,63529.08502,746479211.7155949,919918,30044.203297,353083043.8420358,0.0014942643238644582,0.14942643238644582,11801.17,-38.710000000000946,-0.3280183236069045,0.004660207632697153,0.005658144498007638,0.005349194348948441,0.5%,0.6%,0.5%,24,,,56.06872307855222
2020-08-07 00:00:00+00:00,11762.47,11909.94,11322.0,11594.23,65755.926022,767005529.2821208,940045,29993.01871,349862123.74910676,-0.014302280305310222,-1.4302280305310222,11801.17,-206.9400000000005,-1.7535549441284215,0.006860908383359395,0.0060236920560375416,0.009437953217333473,0.7%,0.6%,0.9%,24,,,56.06872307855222
2020-08-08 00:00:00+00:00,11594.36,11808.27,11512.0,11761.41,41858.16104,489087264.3602809,779318,20448.352618,238996465.92770353,0.014419241295023477,1.4419241295023477,11801.17,-39.76000000000022,-0.33691574648954115,0.00466472872777534,0.0056481247877957046,0.0053714610686720525,0.5%,0.6%,0.5%,24,,,56.06872307855222
2020-08-09 00:00:00+00:00,11761.02,11797.11,11521.97,11681.68,41493.067342,483708602.8963804,853386,19031.223314,221877538.80726916,-0.006778949122596689,-0.6778949122596689,11801.17,-119.48999999999978,-1.0125267240451596,0.005444697206025772,0.006078095931094351,0.008563982558488427,0.5%,0.6%,0.9%,24,,,56.06872307855222
2020-08-10 00:00:00+00:00,11681.69,12067.35,11450.0,11892.92,84952.337887,1009169063.3832129,1340835,42058.722455,499909664.32169163,0.018083015456680895,1.8083015456680895,11892.92,0.0,0.0,0.006864254631206075,0.005915321585846484,0.0059966963221580695,0.7%,0.6%,0.6%,24,,,56.06872307855222
2020-08-11 00:00:00+00:00,11892.9,11935.0,11125.0,11392.08,90748.284634,1049615697.1379416,1343979,41221.961009,476990926.5770558,-0.04211245009635989,-4.211245009635989,11892.92,-500.84000000000015,-4.211245009635989,0.0033544737803093776,0.010711489521448273,0.010050046808512543,0.3%,1.1%,1.0%,24,,,56.06872307855222
2020-08-12 00:00:00+00:00,11392.09,11617.52,11150.0,11564.33,64909.613644,743303608.0999826,1104096,30943.672114,354308405.99191445,0.015120153650606483,1.5120153650606483,11892.92,-328.59000000000015,-2.7629043161813915,0.006640442409775571,0.00576766676921578,0.009396281599042869,0.7%,0.6%,0.9%,24,,,56.06872307855222
2020-08-13 00:00:00+00:00,11564.34,11792.96,11270.36,11780.0,70132.491502,809611114.2132484,1243382,34841.790602,402381474.7504298,0.0186495888650704,1.86495888650704,11892.92,-112.92000000000007,-0.9494724592446602,0.005182764232187336,0.005429685931764981,0.005416616566639353,0.5%,0.5%,0.5%,24,,,56.06872307855222
2020-08-14 00:00:00+00:00,11779.77,11850.0,11634.03,11760.54,59818.852697,702273220.6964158,1011746,28464.669553,334192256.65110326,-0.0016519524617996106,-0.16519524617996106,11892.92,-132.3799999999992,-1.113099222058156,0.004700340255427255,0.005655694811793396,0.0053709816603494135,0.5%,0.6%,0.5%,24,,,56.06872307855222
2020-08-15 00:00:00+00:00,11760.55,11980.0,11680.0,11852.4,56237.90505,667446824.0641296,1018956,27303.966321,324138943.4177591,0.007810865827589497,0.7810865827589497,11892.92,-40.52000000000044,-0.3407069079755076,0.006635908943427422,0.005904159565712432,0.0058873347932426046,0.7%,0.6%,0.6%,24,,,56.06872307855222
2020-08-16 00:00:00+00:00,11852.4,11931.72,11686.0,11911.0,41368.236906,489731524.6369436,790240,19342.045312,229032803.39445427,0.004944146333232036,0.49441463332320357,11911.0,0.0,0.0,0.007819179127174666,0.006533387225315529,0.006285006969479888,0.8%,0.7%,0.6%,24,,,56.06872307855222
2020-08-17 00:00:00+00:00,11910.99,12468.0,11769.78,12281.13,84734.21154,1026883452.8947719,1210228,42291.086199,512410754.0903758,0.031074636890269458,3.107463689026946,12281.13,0.0,0.0,0.04440640712382725,0.0325676460452385,0.022937072603737913,4.4%,3.3%,2.3%,24,,,56.06872307855222
2020-08-18 00:00:00+00:00,12281.15,12387.77,11817.93,11945.01,75923.835527,920402307.1768105,1189390,35954.349975,436020475.3183466,-0.02736881703882288,-2.736881703882288,12281.13,-336.119999999999,-2.736881703882288,0.008425295237233637,0.007083476036030636,0.006557382444668354,0.8%,0.7%,0.7%,24,,,56.06872307855222
2020-08-19 00:00:00+00:00,11945.1,12020.08,11561.0,11754.59,73940.169606,870612801.5295693,1258060,34861.135969,410547222.25978076,-0.015941384728853314,-1.5941384728853314,12281.13,-526.539999999999,-4.287390492568677,0.004621590863131378,0.005771904733489701,0.005418677490739296,0.5%,0.6%,0.5%,24,,,56.06872307855222
2020-08-20 00:00:00+00:00,11754.38,11888.0,11668.0,11853.55,46085.254350999996,543576025.0485107,798027,21992.907541,259381062.46462873,0.008418838938661244,0.8418838938661244,12281.13,-427.5799999999999,-3.4816014487266234,0.006637808569014463,0.0059039429658494045,0.005878698318428174,0.7%,0.6%,0.6%,24,,,56.06872307855222
2020-08-21 00:00:00+00:00,11853.54,11878.0,11485.81,11531.34,64448.306142,755451999.6540914,1189668,30531.732866,357993659.7185244,-0.027182573996819448,-2.718257399681945,12281.13,-749.789999999999,-6.10521995940112,0.00607875623106006,0.005175674661390757,0.009301885295867637,0.6%,0.5%,0.9%,24,,,56.06872307855222
2020-08-22 00:00:00+00:00,11531.23,11686.0,11376.81,11662.96,43678.701646,504305451.410864,809328,21605.070922,249466430.9099906,0.01141411145625737,1.141411145625737,12281.13,-618.1700000000001,-5.033494474856958,0.0063863357959735275,0.006309656038104537,0.008762892137799065,0.6%,0.6%,0.9%,24,,,56.06872307855222
2020-08-23 00:00:00+00:00,11663.51,11718.07,11514.13,11648.13,37900.00469,440406018.65187865,627352,18514.627525,215154211.01204568,-0.001271546845740712,-0.1271546845740712,12281.13,-633.0,-5.15424883540847,0.0066692647769741025,0.006335619110840476,0.009152735489543687,0.7%,0.6%,0.9%,24,,,56.06872307855222
2020-08-24 00:00:00+00:00,11648.12,11824.9,11585.09,11748.2,46212.391867,542298951.538298,656584,22780.419488,267322530.4323263,0.008591078567976362,0.8591078567976362,12281.13,-532.9299999999985,-4.339421535314736,0.004752122433257698,0.0058071684446165854,0.0056696420645139505,0.5%,0.6%,0.6%,24,,,56.06872307855222
2020-08-25 00:00:00+00:00,11748.19,11767.85,11117.64,11318.42,69590.923272,797034671.6452801,996668,33126.45198,379562265.5590256,-0.03658262542346913,-3.658262542346913,12281.13,-962.7099999999991,-7.838936645080697,0.013540592160877529,0.011722747317461446,0.010303718270070008,1.4%,1.2%,1.0%,24,,,56.06872307855222
2020-08-26 00:00:00+00:00,11318.42,11539.32,11244.0,11461.43,53998.231231,615452789.9673375,862654,25622.53674,291999409.36174107,0.012635155790295949,1.2635155790295949,12281.13,-819.6999999999989,-6.674467251791971,0.004853351837172208,0.005655556903956546,0.010037198197446506,0.5%,0.6%,1.0%,24,,,56.06872307855222
2020-08-27 00:00:00+00:00,11461.42,11592.2,11125.0,11330.38,63246.036383,717474981.6640126,959270,30793.180668,349359723.857759,-0.011434000818397072,-1.1434000818397072,12281.13,-950.75,-7.741551469612329,0.012670560713206786,0.011674428627210465,0.010221319744754848,1.3%,1.2%,1.0%,24,,,56.06872307855222
2020-08-28 00:00:00+00:00,11330.38,11542.65,11276.89,11526.91,45953.908365,525606229.654251,719985,21714.202859,248344753.12808138,0.017345402360732898,1.7345402360732898,12281.13,-754.2199999999993,-6.141291558675787,0.0062214458966750414,0.005160295096059698,0.009303358810482078,0.6%,0.5%,0.9%,24,,,56.06872307855222
2020-08-29 00:00:00+00:00,11526.9,11580.02,11417.04,11465.84,32973.7992,379228275.2707224,611834,15709.309985,180675288.37511048,-0.005298037375150777,-0.5298037375150777,12281.13,-815.289999999999,-6.638558503981306,0.004905193039242763,0.0053151098997163805,0.01004087742302905,0.5%,0.5%,1.0%,24,,,56.06872307855222
2020-08-30 00:00:00+00:00,11465.84,11719.0,11458.0,11711.16,43177.879054,501375342.9350389,756541,22258.115902,258461346.45546266,0.021395728529266078,2.139572852926608,12281.13,-569.9699999999993,-4.6410224466315375,0.005242345103452822,0.006113188218775753,0.006946308011350821,0.5%,0.6%,0.7%,24,,,56.06872307855222
2020-08-31 00:00:00+00:00,11711.17,11800.77,11570.0,11649.51,55353.617743999996,646723855.5714536,822062,26579.940284,310534861.61639535,-0.005264209523223928,-0.5264209523223928,12281.13,-631.619999999999,-5.143012084392873,0.006671724855994965,0.0063318644695296395,0.009140994269094788,0.7%,0.6%,0.9%,24,,,56.06872307855222
2020-09-01 00:00:00+00:00,11649.51,12050.85,11515.0,11921.97,78148.193668,928047313.4889667,1321492,37476.019382,444996773.6683221,0.023388108169356325,2.3388108169356325,12281.13,-359.15999999999985,-2.92448659040333,0.007742399738351429,0.006628614823039349,0.006329624827169866,0.8%,0.7%,0.6%,24,,,56.06872307855222
2020-09-02 00:00:00+00:00,11921.97,11954.57,11160.1,11388.54,87221.845602,1005391012.1338751,1373524,39972.309886999996,460939443.22481513,-0.044743444246210906,-4.474344424621091,12281.13,-892.5899999999983,-7.267979412317905,0.0036254311118713092,0.010928718970989858,0.010042186340626114,0.4%,1.1%,1.0%,24,,,56.06872307855222
2020-09-03 00:00:00+00:00,11388.54,11462.6,9960.8,10140.85,121950.106015,1325106403.3158674,1611610,54266.83286,590230451.1123078,-0.1095566244663495,-10.95566244663495,12281.13,-2140.279999999999,-17.42738656784839,0.01633891267383426,0.01312425854261074,0.009835304815978257,1.6%,1.3%,1.0%,24,,,56.06872307855222
2020-09-04 00:00:00+00:00,10138.29,10627.05,9875.5,10446.25,92733.599113,959925718.3512754,1434860,42707.834666,442163704.1972196,0.03011581869369917,3.011581869369917,12281.13,-1834.8799999999992,-14.9406447126608,0.009151650152972465,0.009713011108358479,0.011379639041505416,0.9%,1.0%,1.1%,24,,,56.06872307855222
2020-09-05 00:00:00+00:00,10446.25,10565.68,9825.0,10166.69,90001.605568,917578408.8761182,1476782,43478.132323,443342852.1870749,-0.02676175661122404,-2.676175661122404,12281.13,-2114.4399999999987,-17.2169824763682,0.016461433289373203,0.013180820578203186,0.009960000586614805,1.6%,1.3%,1.0%,24,,,56.06872307855222
2020-09-06 00:00:00+00:00,10166.69,10347.14,9994.86,10256.2,56368.788815,574903000.2351745,1053192,28033.438826999998,285904912.7509627,0.008804242088624736,0.8804242088624736,12281.13,-2024.9299999999985,-16.48814074926329,0.011091880216765958,0.014188140963670524,0.010820449455508306,1.1%,1.4%,1.1%,24,,,56.06872307855222
2020-09-07 00:00:00+00:00,10255.89,10410.75,9875.0,10373.44,62620.230676,634278537.8151095,927363,30576.700673,309796338.5452512,0.011431134338253823,1.1431134338253823,12281.13,-1907.6899999999987,-15.533505467330766,0.006746552426785848,0.009246223764274508,0.011016703834053947,0.7%,0.9%,1.1%,24,,,56.06872307855222
2020-09-08 00:00:00+00:00,10373.45,10438.0,9850.0,10126.65,73491.878418,742947901.9712393,1048125,34410.81447,348048428.8837255,-0.02379056513557709,-2.379056513557709,12281.13,-2154.4799999999996,-17.5430111072841,0.016216503568612095,0.013008906657358795,0.009698981491352949,1.6%,1.3%,1.0%,24,,,56.06872307855222
2020-09-09 00:00:00+00:00,10126.66,10343.0,9981.01,10219.2,49347.113776,503082625.21479094,755560,23815.412427,242759702.91500348,0.009139251381256486,0.9139251381256486,12281.13,-2061.9299999999985,-16.7894159576521,0.017336350606325393,0.014275564799841168,0.010806719828388458,1.7%,1.4%,1.1%,24,,,56.06872307855222
2020-09-10 00:00:00+00:00,10219.29,10483.35,10070.83,10336.87,58253.75375,602390078.4922807,851877,27690.112498,286362452.83931565,0.011514599968686312,1.1514599968686312,12281.13,-1944.2599999999984,-15.8312793692437,0.005961201247420698,0.013184711541531106,0.010898093585011892,0.6%,1.3%,1.1%,24,,,56.06872307855222
2020-09-11 00:00:00+00:00,10336.86,10397.6,10200.0,10387.89,43830.254467,451241002.66033626,637869,21231.610727,218592078.0289088,0.004935730061420784,0.49357300614207844,12281.13,-1893.2399999999998,-15.415845284595143,0.007320608611474587,0.00939181174981675,0.01108679698532439,0.7%,0.9%,1.1%,24,,,56.06872307855222
2020-09-12 00:00:00+00:00,10387.89,10477.97,10269.25,10440.92,35379.153096,366912671.4437269,577724,17560.768885,182148657.4569061,0.005104982821342974,0.5104982821342974,12281.13,-1840.2099999999991,-14.984044627815186,0.009043912770642539,0.009664372208908279,0.01136462258668247,0.9%,1.0%,1.1%,24,,,56.06872307855222
2020-09-13 00:00:00+00:00,10440.67,10580.11,10200.0,10332.83,43837.609865,455338605.3291489,692439,20785.517327999998,215965189.3161275,-0.01035253598341912,-1.035253598341912,12281.13,-1948.2999999999993,-15.864175364970478,0.005894766694567514,0.013496177660690308,0.01089591560455463,0.6%,1.3%,1.1%,24,,,56.06872307855222
2020-09-14 00:00:00+00:00,10332.84,10750.0,10212.34,10671.77,67059.291361,706175591.3866128,828957,31880.363157,335719021.0389043,0.03280224294796308,3.280224294796308,12281.13,-1609.3599999999988,-13.104331604665031,0.008246462828011034,0.008964774084717452,0.011612335776661297,0.8%,0.9%,1.2%,24,,,56.06872307855222
2020-09-15 00:00:00+00:00,10671.77,10930.04,10606.48,10785.31,61822.452786,666457161.1491377,893852,29744.087277,320640236.4058763,0.010639284767194113,1.0639284767194113,12281.13,-1495.8199999999997,-12.179823843571391,0.005745871916729518,0.0068585252576481796,0.00861931365148688,0.6%,0.7%,0.9%,24,,,56.06872307855222
2020-09-16 00:00:00+00:00,10785.23,11093.0,10661.22,10954.01,64991.51244,708644989.4830699,884153,31740.511691,346117690.57309234,0.015641645905402957,1.5641645905402957,12281.13,-1327.119999999999,-10.806171744782434,0.010067193721970753,0.008327606270043258,0.008598945008046702,1.0%,0.8%,0.9%,24,,,56.06872307855222
2020-09-17 00:00:00+00:00,10954.01,11045.46,10745.83,10939.99,55601.614529,605010288.7799246,829137,27029.927035,294147097.61187047,-0.001279896585816509,-0.1279896585816509,12281.13,-1341.1399999999994,-10.920330621042195,0.010164631263244411,0.008297804878064382,0.00860839215180673,1.0%,0.8%,0.9%,24,,,56.06872307855222
2020-09-18 00:00:00+00:00,10940.0,11038.03,10812.84,10933.39,47266.728275,516147935.6692284,717371,23044.919886,251654627.23674527,-0.0006032912278713942,-0.06032912278713942,12281.13,-1347.7399999999998,-10.974071604160207,0.009969436897686852,0.008163955672789292,0.008561095213331656,1.0%,0.8%,0.9%,24,,,56.06872307855222
2020-09-19 00:00:00+00:00,10933.4,11179.79,10887.37,11080.65,38440.036858,423651901.1577304,620127,19923.059267,219623766.3129781,0.013468832631050365,1.3468832631050365,12281.13,-1200.4799999999996,-9.774996274772763,0.009512220943846137,0.009833714166109859,0.009111092577354934,1.0%,1.0%,0.9%,24,,,56.06872307855222
2020-09-20 00:00:00+00:00,11080.64,11080.64,10723.0,10920.28,39157.922565,426815210.75551224,646329,19437.694363,211845335.515648,-0.014472977668277487,-1.4472977668277487,12281.13,-1360.8499999999985,-11.080820738808228,0.01001178197414803,0.008297008228124528,0.008547712558420293,1.0%,0.8%,0.9%,24,,,56.06872307855222
2020-09-21 00:00:00+00:00,10920.28,10988.86,10296.35,10417.22,70683.431179,751020795.2358837,1028531,33628.930588999996,357346575.16901845,-0.04606658437329458,-4.606658437329458,12281.13,-1863.9099999999999,-15.177023612648021,0.008742695923758318,0.009965210040983438,0.011304175492342859,0.9%,1.0%,1.1%,24,,,56.06872307855222
2020-09-22 00:00:00+00:00,10417.22,10572.71,10353.0,10529.61,43991.235476,460362500.7284081,738576,21497.461589,224981251.32868055,0.010788866895390603,1.0788866895390603,12281.13,-1751.5199999999986,-14.261879810734012,0.009954492267724376,0.008424514582321943,0.011555811593708777,1.0%,0.8%,1.2%,24,,,56.06872307855222
2020-09-23 00:00:00+00:00,10529.61,10537.15,10136.82,10241.46,51876.568079,539362015.157462,774391,25012.706819,260045385.65157038,-0.027365685908595005,-2.7365685908595005,12281.13,-2039.67,-16.608162278226846,0.011997029035419002,0.014198138740453562,0.010815162150100735,1.2%,1.4%,1.1%,24,,,56.06872307855222
2020-09-24 00:00:00+00:00,10241.46,10795.24,10190.93,10736.32,57676.619427,604520870.055638,789282,27946.804325,292936072.9870462,0.04831928260228535,4.831928260228535,12281.13,-1544.8099999999995,-12.57872850462457,0.00633537378793264,0.007731108797252798,0.008833093010948633,0.6%,0.8%,0.9%,24,,,56.06872307855222
2020-09-25 00:00:00+00:00,10736.33,10760.53,10556.24,10686.67,48101.117008,512647249.14932007,733430,23566.330337,251168863.92711732,-0.004624489583022862,-0.46244895830228616,12281.13,-1594.4599999999991,-12.983007263989544,0.00783648823570907,0.009015227002341768,0.011419588839066724,0.8%,0.9%,1.1%,24,,,56.06872307855222
2020-09-26 00:00:00+00:00,10686.57,10820.94,10644.68,10728.6,28420.836659,304511477.6808554,502670,14314.531345,153391173.49799377,0.003923579562202351,0.39235795622023506,12281.13,-1552.5299999999988,-12.641589169726231,0.006516358590000795,0.0077544830550447036,0.008838407236943825,0.7%,0.8%,0.9%,24,,,56.06872307855222
2020-09-27 00:00:00+00:00,10728.59,10799.0,10594.82,10774.25,30549.483253,327169249.4549957,516004,15101.03977,161737536.90897185,0.004254982010700292,0.4254982010700292,12281.13,-1506.8799999999992,-12.269880703160041,0.00558845402843306,0.007250154304205012,0.008634710420392554,0.6%,0.7%,0.9%,24,,,56.06872307855222
2020-09-28 00:00:00+00:00,10774.26,10950.0,10626.0,10696.12,50095.251734,544463219.5978092,686664,25219.073315,274111924.6613249,-0.007251548831705201,-0.7251548831705201,12281.13,-1585.0099999999984,-12.906059947252402,0.007944363509780334,0.008789373558799256,0.011224113488417531,0.8%,0.9%,1.1%,24,,,56.06872307855222
2020-09-29 00:00:00+00:00,10696.11,10867.54,10635.87,10840.48,41874.898399,449345822.46022886,587576,19896.076209,213544159.85659415,0.013496482836766965,1.3496482836766965,12281.13,-1440.6499999999996,-11.730598080144084,0.009751946004354873,0.008887472088555634,0.008524399527559954,1.0%,0.9%,0.9%,24,,,56.06872307855222
2020-09-30 00:00:00+00:00,10840.58,10849.34,10665.13,10776.59,39596.027322,425279696.2852634,595383,18712.059711,200976719.4408508,-0.005893650465662037,-0.5893650465662037,12281.13,-1504.539999999999,-12.25082708187275,0.0055916456841157425,0.007213789219833426,0.00863752385001135,0.6%,0.7%,0.9%,24,,,56.06872307855222
2020-10-01 00:00:00+00:00,10776.59,10920.0,10437.0,10619.13,60866.332893,652168989.4617349,794855,28449.975103,304779535.38197476,-0.01461130097739649,-1.461130097739649,12281.13,-1662.0,-13.532956657897122,0.008478343884145778,0.008821706319953389,0.011558251590709332,0.8%,0.9%,1.2%,24,,,56.06872307855222
2020-10-02 00:00:00+00:00,10619.13,10664.64,10374.0,10570.4,50130.393705,526864379.30936533,777193,24123.902545,253507685.50358704,-0.004588888166921379,-0.4588888166921379,12281.13,-1710.7299999999996,-13.929744249918363,0.0096308962802929,0.00855946620265466,0.01156439929229649,1.0%,0.9%,1.2%,24,,,56.06872307855222
2020-10-03 00:00:00+00:00,10570.4,10603.56,10496.46,10542.06,22298.221341,235160884.60853615,381329,10752.462882,113392722.762172,-0.0026810716718383976,-0.26810716718383976,12281.13,-1739.0699999999997,-14.160504774397797,0.009906107331659522,0.008374238052768511,0.011543008156084625,1.0%,0.8%,1.2%,24,,,56.06872307855222
2020-10-04 00:00:00+00:00,10542.07,10696.87,10517.87,10666.63,23212.001595,246252050.9068107,377553,12123.27565,128619845.13152087,0.011816476096702111,1.181647609670211,12281.13,-1614.5,-13.14618443091149,0.008358605764215236,0.008985208315158708,0.011660770264022314,0.8%,0.9%,1.2%,24,,,56.06872307855222
2020-10-05 00:00:00+00:00,10666.62,10798.0,10615.64,10792.21,34025.761653,364158510.23798054,483340,15551.584386999999,166457546.86846152,0.011773165470256197,1.1773165470256197,12281.13,-1488.92,-12.123640088493481,0.005887172738349548,0.006967049807260162,0.008654424924476732,0.6%,0.7%,0.9%,24,,,56.06872307855222
2020-10-06 00:00:00+00:00,10792.2,10800.0,10525.0,10599.66,48674.740471,520051256.08219916,734526,23189.6899,247740447.636706,-0.0178415727640584,-1.78415727640584,12281.13,-1681.4699999999993,-13.69149255809522,0.008708347337389432,0.008774224390575503,0.011573455355563082,0.9%,0.9%,1.2%,24,,,56.06872307855222
2020-10-07 00:00:00+00:00,10599.65,10681.87,10546.17,10666.39,32811.990279,348298562.85686266,503440,15783.355684,167548410.82933536,0.006295484949517149,0.6295484949517149,12281.13,-1614.7399999999998,-13.148138648479414,0.008358279269290213,0.008968426710964917,0.011657807696126203,0.8%,0.9%,1.2%,24,,,56.06872307855222
2020-10-08 00:00:00+00:00,10666.4,10950.0,10530.41,10925.57,51959.691572,559311760.4414803,659291,26482.599529,285240420.957764,0.024298755248964188,2.429875524896419,12281.13,-1355.5599999999995,-11.037746526581838,0.009955849287176743,0.008185373085032178,0.00854556832354234,1.0%,0.8%,0.9%,24,,,56.06872307855222
2020-10-09 00:00:00+00:00,10925.44,11104.64,10829.0,11050.64,48240.073237000004,530822321.5162347,635681,25658.631396,282409996.0093115,0.011447457661247773,1.1447457661247773,12281.13,-1230.4899999999998,-10.019354896495681,0.00903014552620153,0.009609067120100146,0.009029639216168499,0.9%,1.0%,0.9%,24,,,56.06872307855222
2020-10-10 00:00:00+00:00,11050.64,11491.0,11050.51,11293.22,43648.036943,494785212.2308736,698561,22807.204651,258432465.7904096,0.021951669767542814,2.1951669767542814,12281.13,-987.9099999999999,-8.04412948971308,0.013950112016781195,0.01173714229802072,0.010344722217983854,1.4%,1.2%,1.0%,24,,,56.06872307855222
2020-10-11 00:00:00+00:00,11293.22,11445.0,11221.0,11369.02,29043.851339,329927755.03808504,509714,14470.444269,164384653.13411286,0.006711991796848116,0.6711991796848116,12281.13,-912.1099999999988,-7.426922441176009,0.005666275900966753,0.011637718643781058,0.010062668493180762,0.6%,1.2%,1.0%,24,,,56.06872307855222
2020-10-12 00:00:00+00:00,11369.02,11720.01,11172.0,11528.25,52825.283709999996,604779845.7920177,740823,26865.929321,307665447.3392344,0.014005604704715013,1.4005604704715013,12281.13,-752.8799999999992,-6.130380510588185,0.006239898943231846,0.005173207798975854,0.009306399024110509,0.6%,0.5%,0.9%,24,,,56.06872307855222
2020-10-13 00:00:00+00:00,11528.24,11557.0,11300.0,11420.56,42205.283709,482663390.7240358,618262,19346.158605,221257357.56527472,-0.009341400472751782,-0.9341400472751782,12281.13,-860.5699999999997,-7.0072542184636095,0.003973450142059788,0.007914312030557811,0.010048378220299026,0.4%,0.8%,1.0%,24,,,56.06872307855222
2020-10-14 00:00:00+00:00,11420.57,11547.98,11280.0,11417.89,41415.106015,472007015.7209343,590025,19070.057307,217375960.31094742,-0.00023378888600911196,-0.023378888600911196,12281.13,-863.2399999999998,-7.028994888906803,0.00390389640801289,0.008417317144358628,0.01004886437406896,0.4%,0.8%,1.0%,24,,,56.06872307855222
2020-10-15 00:00:00+00:00,11417.89,11617.34,11250.83,11505.12,48760.717679,556436445.5576282,662386,24019.237669,274171016.90668136,0.007639765315658353,0.7639765315658353,12281.13,-776.0099999999984,-6.318718228697184,0.005905469066822801,0.004912516258970105,0.009302150004465215,0.6%,0.5%,0.9%,24,,,56.06872307855222
2020-10-16 00:00:00+00:00,11505.13,11541.15,11200.0,11319.32,48797.749502,553211001.6122569,693210,22821.593484,258752919.33224073,-0.01614933177576605,-1.6149331775766051,12281.13,-961.8099999999995,-7.831608329200979,0.013545760931238915,0.011717245219414956,0.010295174215735817,1.4%,1.2%,1.0%,24,,,56.06872307855222
2020-10-17 00:00:00+00:00,11319.24,11402.42,11255.0,11360.2,22368.915241,253582775.96265447,365973,10318.024614,116996094.14462668,0.003611524367188146,0.3611524367188146,12281.13,-920.9299999999985,-7.498739936797339,0.006354194636296309,0.011727678044872809,0.010089502635147268,0.6%,1.2%,1.0%,24,,,56.06872307855222
2020-10-18 00:00:00+00:00,11360.31,11505.0,11346.22,11503.14,23284.041191,266150824.34809864,346946,12396.127099000001,141743879.128419,0.012582524955546459,1.258252495554646,12281.13,-777.9899999999998,-6.334840523632601,0.005910963009496592,0.004941724669581364,0.009304374707721552,0.6%,0.5%,0.9%,24,,,56.06872307855222
2020-10-19 00:00:00+00:00,11503.14,11823.99,11407.96,11751.47,47414.534692,550728683.7992793,650960,24716.395136,287236347.5490607,0.021588018575797507,2.1588018575797507,12281.13,-529.6599999999999,-4.312795320951734,0.004705168693967968,0.005812814307007614,0.005551232742198968,0.5%,0.6%,0.6%,24,,,56.06872307855222
2020-10-20 00:00:00+00:00,11751.46,12038.38,11677.59,11909.99,62134.750663,737425592.0819718,906111,31911.708832,378905888.9600628,0.013489376222719507,1.3489376222719507,12281.13,-371.1399999999994,-3.0220346173357004,0.007836519114262619,0.0065350521036440816,0.0062855882016004585,0.8%,0.7%,0.6%,24,,,56.06872307855222
2020-10-21 00:00:00+00:00,11910.0,13217.68,11886.95,12780.96,114584.456767,1437122186.6339955,1453620,59033.671755999996,740274649.2807958,0.07312936450828245,7.312936450828245,12780.96,0.0,0.0,0.13109252790138617,0.09444089799692136,0.06522327979288293,13.1%,9.4%,6.5%,24,,,56.06872307855222
2020-10-22 00:00:00+00:00,12780.75,13185.0,12678.08,12968.52,70038.824144,905778888.8702906,1035811,33259.495044,430203750.0189252,0.014674953994066264,1.4674953994066264,12968.52,0.0,0.0,0.1310135698887865,0.09502036686309522,0.06588299120886955,13.1%,9.5%,6.6%,24,,,56.06872307855222
2020-10-23 00:00:00+00:00,12968.84,13027.69,12720.08,12923.07,50386.999841,650680239.1101469,699313,24685.925495,318827712.19820076,-0.003504640467840603,-0.3504640467840603,12968.52,-45.45000000000073,-0.3504640467840603,0.131221247426709,0.09511454651421637,0.06588414028241177,13.1%,9.5%,6.6%,24,,,56.06872307855222
2020-10-24 00:00:00+00:00,12923.06,13166.73,12870.0,13111.73,35952.209070000004,468299521.7696653,536821,18382.744579,239455378.09125662,0.01459869829692173,1.459869829692173,13111.73,0.0,0.0,0.13084651837019207,0.09477519153207496,0.06588192504295824,13.1%,9.5%,6.6%,24,,,56.06872307855222
2020-10-25 00:00:00+00:00,13111.73,13350.0,12888.0,13028.83,38481.579504,502672049.22905165,610498,17988.7671,235115943.8271322,-0.006322582908586449,-0.6322582908586449,13111.73,-82.89999999999964,-0.6322582908586449,0.13076961815977253,0.09489314163266253,0.06586060839990146,13.1%,9.5%,6.6%,24,,,56.06872307855222
2020-10-26 00:00:00+00:00,13029.64,13238.81,12765.0,13052.19,60951.672986,794395722.4533455,818144,29609.994698,385986654.6578821,0.0017929468724360298,0.17929468724360298,13111.73,-59.539999999999054,-0.4540972091402029,0.13077336227398592,0.09486097423663234,0.0658765332390483,13.1%,9.5%,6.6%,24,,,56.06872307855222
2020-10-27 00:00:00+00:00,13052.15,13789.29,13019.87,13636.17,80811.01945,1085403903.1259663,1003615,39833.890541,534896062.83588016,0.04474191687371998,4.474191687371998,13636.17,0.0,0.0,0.02750829335172652,0.0950865755782397,0.06697915201666611,2.8%,9.5%,6.7%,24,,,56.06872307855222
2020-10-28 00:00:00+00:00,13636.16,13859.48,12888.0,13266.4,94440.561226,1263487952.995157,1234511,43387.692275,580505216.8726094,-0.027116851725961233,-2.7116851725961233,13636.17,-369.77000000000044,-2.7116851725961233,0.12585129756824706,0.09501293618956572,0.06627844266843715,12.6%,9.5%,6.6%,24,,,56.06872307855222
2020-10-29 00:00:00+00:00,13266.4,13642.91,12920.77,13455.7,74872.602132,997867948.8609743,1008433,37203.245658,495772429.354768,0.014269131037809801,1.4269131037809801,13636.17,-180.46999999999935,-1.3234654598761941,0.02571526106512972,0.09524647005516225,0.06680901159706652,2.6%,9.5%,6.7%,24,,,56.06872307855222
2020-10-30 00:00:00+00:00,13455.69,13669.98,13115.0,13560.1,70657.778881,946818817.5575092,1060387,34438.58889,461667557.3935711,0.007758793671083675,0.7758793671083675,13636.17,-76.06999999999971,-0.5578545882018116,0.026825787047760313,0.09515703149419638,0.06692027173377807,2.7%,9.5%,6.7%,24,,,56.06872307855222
2020-10-31 00:00:00+00:00,13560.1,14100.0,13411.5,13791.0,67339.238515,927048458.5423619,1022202,35823.22565,493309455.8389813,0.017027898024350785,1.7027898024350785,13791.0,0.0,0.0,0.028758162594325194,0.09167827026348169,0.06707658604754493,2.9%,9.2%,6.7%,24,,,56.06872307855222
2020-11-01 00:00:00+00:00,13791.0,13895.0,13603.0,13761.5,36285.648526,499124369.07532644,606248,17839.54476,245432626.6153179,-0.002139076209121904,-0.2139076209121904,13791.0,-29.5,-0.2139076209121904,0.028020774630445895,0.09501016568344704,0.0670040489801254,2.8%,9.5%,6.7%,24,,,56.06872307855222
2020-11-02 00:00:00+00:00,13761.49,13830.0,13195.05,13549.37,64566.421908000004,873629993.8313928,869850,29243.233664,395698601.61694086,-0.015414744032263838,-1.5414744032263838,13791.0,-241.6299999999992,-1.7520846929156675,0.02690033419390699,0.09516615003083004,0.06692678091903269,2.7%,9.5%,6.7%,24,,,56.06872307855222
2020-11-03 00:00:00+00:00,13549.63,14066.11,13284.99,14023.53,74115.630787,1009402087.7104615,1052569,38332.71333,522431362.8878826,0.034994985006682855,3.4994985006682855,14023.53,0.0,0.0,0.042781837981682926,0.03674480668166202,0.06915742880810473,4.3%,3.7%,6.9%,24,,,56.06872307855222
2020-11-04 00:00:00+00:00,14023.53,14259.0,13525.0,14144.01,93016.988262,1293872665.4179618,1212959,45333.661596,630831907.0732926,0.008591274807412841,0.8591274807412841,14144.01,0.0,0.0,0.04706872814033731,0.039557062398194856,0.0701154418520425,4.7%,4.0%,7.0%,24,,,56.06872307855222
2020-11-05 00:00:00+00:00,14144.01,15750.0,14093.56,15590.02,143741.522673,2131865609.2908912,1736055,72196.127118,1071067716.594869,0.1022347976281126,10.22347976281126,15590.02,0.0,0.0,0.12803034929294685,0.09469280137590534,0.09218969325962566,12.8%,9.5%,9.2%,24,,,56.06872307855222
2020-11-06 00:00:00+00:00,15590.02,15960.0,15166.0,15579.92,122618.197695,1909660728.8229203,1654968,58528.760533,911733812.2792956,-0.0006478503555480408,-0.06478503555480408,15590.02,-10.100000000000364,-0.06478503555480408,0.12812035373520805,0.09469030696524916,0.09220159422711467,12.8%,9.5%,9.2%,24,,,56.06872307855222
2020-11-07 00:00:00+00:00,15579.93,15753.52,14344.22,14818.3,101431.206553,1536510177.0914736,1557021,46204.870621,700220031.3003472,-0.048884718278399464,-4.888471827839947,15590.02,-771.7200000000012,-4.950089865182994,0.1271461460196851,0.09297895067022019,0.09126705658051212,12.7%,9.3%,9.1%,24,,,56.06872307855222
2020-11-08 00:00:00+00:00,14818.3,15650.0,14703.88,15475.1,65547.178574,998031373.8397803,998773,31175.660892,474978556.38937914,0.04432357287948019,4.432357287948019,15590.02,-114.92000000000007,-0.7371382461343834,0.12853592488864965,0.09492436981988296,0.0922746954321009,12.9%,9.5%,9.2%,24,,,56.06872307855222
2020-11-09 00:00:00+00:00,15475.1,15840.0,14805.54,15328.41,108976.334134,1670447935.514179,1505441,51350.446641,787324390.7670984,-0.009479098681107079,-0.9479098681107079,15590.02,-261.6100000000006,-1.678060708068374,0.12862472136678263,0.094871954885316,0.09239180419437792,12.9%,9.5%,9.2%,24,,,56.06872307855222
2020-11-10 00:00:00+00:00,15328.41,15460.0,15072.46,15297.21,61681.919606,943615126.0891505,1093466,28945.766567,442891690.01260024,-0.002035436160697679,-0.2035436160697679,15590.02,-292.8100000000013,-1.8781887386930984,0.12858227436919367,0.09489928607742541,0.09242812324411814,12.9%,9.5%,9.2%,24,,,56.06872307855222
2020-11-11 00:00:00+00:00,15297.21,15965.0,15272.68,15684.24,78469.746458,1226425496.3618553,1247167,40030.002173,625865373.3783411,0.025300692086988485,2.5300692086988485,15684.24,0.0,0.0,0.12485630964634972,0.09460262862339977,0.092144714340153,12.5%,9.5%,9.2%,24,,,56.06872307855222
2020-11-12 00:00:00+00:00,15684.25,16340.7,15440.64,16291.86,102196.356592,1628755508.6741984,1472049,50444.978874,804204066.4386283,0.03874079968171884,3.874079968171884,16291.86,0.0,0.0,0.016645681295642038,0.028561614340472153,0.09014732778408245,1.7%,2.9%,9.0%,24,,,56.06872307855222
2020-11-13 00:00:00+00:00,16291.85,16480.0,15952.35,16320.7,75691.881014,1230358611.1248894,1208773,35301.73094,574048021.7365239,0.0017702091719422608,0.17702091719422608,16320.7,0.0,0.0,0.01569912345490552,0.027426849976683446,0.09004264769403128,1.6%,2.7%,9.0%,24,,,56.06872307855222
2020-11-14 00:00:00+00:00,16320.04,16326.99,15670.0,16070.45,59116.347179,944765868.609419,931424,27724.767801,443001467.22337943,-0.015333288400620093,-1.5333288400620093,16320.7,-250.25,-1.5333288400620093,0.02245102256203415,0.09449113869151363,0.09189417186519155,2.2%,9.4%,9.2%,24,,,56.06872307855222
2020-11-15 00:00:00+00:00,16069.56,16180.0,15774.72,15957.0,43596.841513,696651729.7452534,854441,20853.270846,333239080.6418138,-0.007059540958716193,-0.7059540958716193,16320.7,-363.7000000000007,-2.228458338184025,0.022495807764002146,0.09445079862916322,0.09201136600214599,2.2%,9.4%,9.2%,24,,,56.06872307855222
2020-11-16 00:00:00+00:00,15957.0,16880.0,15864.0,16713.57,81300.675924,1335728013.9057605,1202386,41370.213659,679593360.6495738,0.04741304756533182,4.741304756533182,16713.57,0.0,0.0,0.0029542842259349927,0.002864498809450185,0.014976151059905029,0.3%,0.3%,1.5%,24,,,56.06872307855222
2020-11-17 00:00:00+00:00,16713.08,17858.82,16538.0,17659.38,115221.403102,1982752071.450512,1646652,58262.062597,1003081009.6160429,0.05658934626175016,5.658934626175016,17659.38,0.0,0.0,0.018974249613740037,0.014704514665759573,0.010982839383094713,1.9%,1.5%,1.1%,24,,,56.06872307855222
2020-11-18 00:00:00+00:00,17659.38,18476.93,17214.45,17776.12,149019.788134,2663337935.5002985,2091832,73412.736278,1312369471.6524818,0.006610651110061427,0.6610651110061427,17776.12,0.0,0.0,0.0194716682397727,0.015250284865189506,0.011513520562135076,1.9%,1.5%,1.2%,24,,,56.06872307855222
2020-11-19 00:00:00+00:00,17777.75,18179.8,17335.65,17802.82,93009.561008,1656794228.8537636,1513304,45376.577851,808306886.9741907,0.0015020150629045936,0.15020150629045936,17802.82,0.0,0.0,0.01919050090509747,0.015318618195041038,0.011566621626573986,1.9%,1.5%,1.2%,24,,,56.06872307855222
2020-11-20 00:00:00+00:00,17802.81,18815.22,17740.04,18655.67,88423.018489,1623135138.5910714,1444692,43549.51207,799574963.8058716,0.04790533185192003,4.790533185192003,18655.67,0.0,0.0,0.012655470169257952,0.013830461223483349,0.014277600856100048,1.3%,1.4%,1.4%,24,,,56.06872307855222
2020-11-21 00:00:00+00:00,18655.66,18965.9,18308.58,18703.8,75577.458394,1413641591.284171,1451352,36788.094693,688352207.1131533,0.0025799127021437496,0.25799127021437496,18703.8,0.0,0.0,0.012239785508321223,0.01380472746181331,0.014291316943259066,1.2%,1.4%,1.4%,24,,,56.06872307855222
2020-11-22 00:00:00+00:00,18703.8,18750.0,17610.86,18414.43,81645.737778,1497662550.0540428,1528524,39164.42638,718709271.1371768,-0.015471187673093079,-1.5471187673093079,18703.8,-289.369999999999,-1.5471187673093079,0.013626544404577072,0.017158177572742628,0.013794971634412094,1.4%,1.7%,1.4%,24,,,56.06872307855222
2020-11-23 00:00:00+00:00,18413.88,18766.0,18000.0,18368.0,82961.506093,1529064319.6694436,1629379,39611.360617,730350629.7170513,-0.0025213921907981662,-0.2521392190798166,18703.8,-335.7999999999993,-1.795357093211003,0.01528648897415998,0.017100025465582022,0.013810791562286335,1.5%,1.7%,1.4%,24,,,56.06872307855222
2020-11-24 00:00:00+00:00,18368.01,19418.97,18018.0,19160.01,113581.509241,2145301450.4579413,2179862,58179.200882,1098976481.125705,0.043119011324041834,4.311901132404183,19160.01,0.0,0.0,0.0016934255970606972,0.0024980390718057203,0.008088567441296594,0.2%,0.2%,0.8%,24,,,56.06872307855222
2020-11-25 00:00:00+00:00,19160.0,19484.21,18500.27,18719.11,93266.576887,1774870796.2882328,1785408,44575.076758,848724583.3300527,-0.023011470244535204,-2.3011470244535204,19160.01,-440.8999999999978,-2.3011470244535204,0.012438957407607948,0.013879199303902578,0.014337457743856506,1.2%,1.4%,1.4%,24,,,56.06872307855222
2020-11-26 00:00:00+00:00,18718.83,18915.03,16188.0,17149.47,181005.246693,3127314143.104575,2770483,84478.809131,1459155975.9531503,-0.08385227716488652,-8.385227716488652,19160.01,-2010.5399999999972,-10.493418322850545,0.005702153838604523,0.004921824638167481,0.004037011116870037,0.6%,0.5%,0.4%,24,,,56.06872307855222
2020-11-27 00:00:00+00:00,17149.47,17457.62,16438.08,17139.52,85297.024787,1446670351.435088,1572299,42507.358433,720985570.3407377,-0.000580192857272066,-0.058019285727206604,19160.01,-2020.489999999998,-10.545349402218463,0.0057522626143099885,0.00495483562890352,0.004033223088644395,0.6%,0.5%,0.4%,24,,,56.06872307855222
2020-11-28 00:00:00+00:00,17139.53,17880.49,16865.56,17719.85,64910.69997,1128061605.1072252,1209385,31785.706898,552044705.3606101,0.033859174585985974,3.3859174585985974,19160.01,-1440.1599999999999,-7.516488770099805,0.019191792431056703,0.015094146560643052,0.01130706459058001,1.9%,1.5%,1.1%,24,,,56.06872307855222
2020-11-29 00:00:00+00:00,17719.84,18360.05,17517.0,18184.99,55329.016303000004,996743798.8649217,1141289,27883.985296,502287686.119384,0.02624965786956457,2.624965786956457,19160.01,-975.0199999999968,-5.088828241738897,0.014711882406765043,0.01710543141824135,0.01336653128920776,1.5%,1.7%,1.3%,24,,,56.06872307855222
2020-11-30 00:00:00+00:00,18185.0,19863.16,18184.99,19695.87,115463.466888,2205929119.5053363,1744149,61033.414903,1166943549.1842446,0.08308390601259585,8.308390601259585,19695.87,0.0,0.0,0.006821340164561817,0.005453072249478786,0.004326289791222268,0.7%,0.5%,0.4%,23,,,56.06872307855222
2020-12-01 00:00:00+00:00,19695.87,19888.0,18001.12,18764.96,127698.762652,2446070334.828799,2023802,63805.392898,1223282816.3192167,-0.047264223413334916,-4.726422341333492,19695.87,-930.9099999999999,-4.726422341333492,0.011441358793209743,0.013159636384040134,0.014300884842790117,1.1%,1.3%,1.4%,24,,,56.06872307855222
2020-12-02 00:00:00+00:00,18764.96,19342.0,18330.0,19204.09,75911.013478,1436895344.8259494,1566635,36421.690398,689901298.5700688,0.023401595313818913,2.3401595313818913,19695.87,-491.77999999999884,-2.4968686328656675,0.0014423387129902522,0.00164715620022144,0.004996989654528211,0.1%,0.2%,0.5%,24,,,56.06872307855222
2020-12-03 00:00:00+00:00,19204.08,19598.0,18867.2,19421.9,66689.391279,1286548310.8267057,1242229,33868.341698,653783366.9045953,0.011341854781976135,1.1341854781976135,19695.87,-273.9699999999975,-1.3910022761116747,0.002613107092629046,0.002680067565541375,0.002381233370920304,0.3%,0.3%,0.2%,24,,,56.06872307855222
2020-12-04 00:00:00+00:00,19422.34,19527.0,18565.31,18650.52,71283.6682,1358079975.025498,1286657,32363.453715,616745259.3145112,-0.03971702047688441,-3.9717020476884413,19695.87,-1045.3499999999985,-5.307457857916398,0.0127078453550914,0.013815160534088187,0.014260114165899906,1.3%,1.4%,1.4%,24,,,56.06872307855222
2020-12-05 00:00:00+00:00,18650.51,19177.0,18500.0,19147.66,42922.748573,813445434.1308142,932124,21360.260281,405002656.0699713,0.026655557056854073,2.6655557056854073,19695.87,-548.2099999999991,-2.783375397989518,0.001810011768507801,0.002832829520612056,0.008649403471562268,0.2%,0.3%,0.9%,24,,,56.06872307855222
2020-12-06 00:00:00+00:00,19147.66,19420.0,18857.0,19359.4,37043.091861,709558933.5829058,820382,19009.407662999998,364303500.9570982,0.011058270305614348,1.1058270305614348,19695.87,-336.4699999999975,-1.7083276849410467,0.0026106870626988097,0.0026903294652756565,0.0023117105208076173,0.3%,0.3%,0.2%,24,,,56.06872307855222
2020-12-07 00:00:00+00:00,19358.67,19420.91,18902.88,19166.9,41372.296293,793517668.683946,840954,18881.806014,362249650.0534163,-0.009943489984193699,-0.9943489984193699,19695.87,-528.9699999999975,-2.685689944135483,0.0017193263780390755,0.0024326765654018286,0.007580666171892127,0.2%,0.2%,0.8%,24,,,56.06872307855222
2020-12-08 00:00:00+00:00,19166.9,19294.84,18200.0,18324.11,61626.947614,1160658077.404659,1143181,27811.37851,524064471.55038375,-0.04397111687335986,-4.397111687335986,19695.87,-1371.7599999999984,-6.9647088450522805,0.01507240979188515,0.017124940935901802,0.013613326993188991,1.5%,1.7%,1.4%,24,,,56.06872307855222
2020-12-09 00:00:00+00:00,18324.11,18639.57,17650.0,18541.28,79585.553801,1450130664.0645843,1302476,36809.009287,671042442.4745308,0.01185159879524833,1.185159879524833,19695.87,-1154.5900000000001,-5.862091900484723,0.012944724324935548,0.013956167632028244,0.014118265302906835,1.3%,1.4%,1.4%,24,,,56.06872307855222
2020-12-10 00:00:00+00:00,18541.29,18557.32,17911.12,18254.63,52890.675094,966149529.0006071,891151,25604.608068999998,467840780.52674687,-0.015460097684733665,-1.5460097684733665,19695.87,-1441.239999999998,-7.3174731555397,0.014770986913115909,0.017284240790310615,0.013498898646672948,1.5%,1.7%,1.3%,24,,,56.06872307855222
2020-12-11 00:00:00+00:00,18254.81,18292.73,17572.33,18036.53,72610.724259,1301081647.3079002,1117810,34194.988471,612882050.9167273,-0.011947653828097482,-1.1947653828097482,19695.87,-1659.3400000000001,-8.424811902190665,0.020008883500997846,0.016631179887902723,0.012783488839610613,2.0%,1.7%,1.3%,24,,,56.06872307855222
2020-12-12 00:00:00+00:00,18036.53,18948.66,18020.7,18808.69,49519.978432,915552835.9061834,891810,26056.332648,481756117.71600103,0.04281089544385752,4.281089544385752,19695.87,-887.1800000000003,-4.504396099283758,0.010409434859930506,0.011349507041017337,0.01432684645349167,1.0%,1.1%,1.4%,24,,,56.06872307855222
2020-12-13 00:00:00+00:00,18808.69,19411.0,18711.12,19174.99,56560.821744,1083520569.0948539,938022,29593.4651,566907850.6233119,0.019475040526480303,1.9475040526480303,19695.87,-520.8799999999974,-2.6446153432166053,0.0016217256962769277,0.001996810998882555,0.007527619696233161,0.2%,0.2%,0.8%,24,,,56.06872307855222
2020-12-14 00:00:00+00:00,19174.99,19349.0,19000.0,19273.14,47257.201294,906101687.739595,842382,22657.463401,434506325.32761055,0.005118646737234167,0.5118646737234167,19695.87,-422.72999999999956,-2.1462875211909926,0.002775180089871163,0.0022876390548429775,0.0036762963375936582,0.3%,0.2%,0.4%,24,,,56.06872307855222
2020-12-15 00:00:00+00:00,19273.69,19570.0,19050.0,19426.43,61834.366011,1196361527.9258018,1046423,31194.160849,603826364.4139218,0.007953556088940328,0.7953556088940328,19695.87,-269.4399999999987,-1.3680025304797283,0.00253945982027086,0.0026830274330867745,0.0023724000026512674,0.3%,0.3%,0.2%,24,,,56.06872307855222
2020-12-16 00:00:00+00:00,19426.43,21560.0,19278.6,21335.52,114306.33557,2325135958.6418414,1659135,61245.262375,1245917122.1720212,0.098272816981813,9.8272816981813,21335.52,0.0,0.0,0.0032735534916582157,0.00461470274531931,0.004497532536779823,0.3%,0.5%,0.4%,24,,,56.06872307855222
2020-12-17 00:00:00+00:00,21335.52,23800.0,21230.0,22797.16,184882.476748,4196645567.4258776,2795084,92409.405079,2097021808.629566,0.06850735299631783,6.850735299631783,22797.16,0.0,0.0,0.005553149474859351,0.005931288668988746,0.008189587150182044,0.6%,0.6%,0.8%,24,,,56.06872307855222
2020-12-18 00:00:00+00:00,22797.15,23285.18,22350.0,23107.39,79646.134315,1820875361.2945976,1613775,38359.302158,877296889.5114686,0.013608274013078736,1.3608274013078736,23107.39,0.0,0.0,0.003012975259456077,0.0032348533766911446,0.0050107909169603195,0.3%,0.3%,0.5%,24,,,56.06872307855222
2020-12-19 00:00:00+00:00,23107.39,24171.47,22750.0,23821.61,86045.064677,2018969878.8868675,1678611,42709.111498,1002105538.8592925,0.030908726602182357,3.0908726602182357,23821.61,0.0,0.0,0.005206707717247958,0.00603369157381629,0.004898615492798967,0.5%,0.6%,0.5%,24,,,56.06872307855222
2020-12-20 00:00:00+00:00,23821.6,24295.0,23060.0,23455.52,76690.145685,1810862074.730308,1743225,37124.115358,877166936.6057343,-0.015367978906547508,-1.5367978906547508,23821.61,-366.09000000000015,-1.5367978906547508,0.0032575315178925,0.0035005231918624423,0.003333377291546618,0.3%,0.4%,0.3%,24,,,56.06872307855222
2020-12-21 00:00:00+00:00,23455.54,24102.77,21815.0,22719.71,88030.29724300001,2035446293.928971,1593949,41983.046103,971417184.6896445,-0.03137044073207507,-3.1370440732075067,23821.61,-1101.9000000000015,-4.625631936716291,0.00688389026476461,0.007602739075987889,0.008210394519424818,0.7%,0.8%,0.8%,20,,,56.06872307855222
2020-12-22 00:00:00+00:00,22719.88,23837.1,22353.4,23810.79,87033.12616,2010758620.243527,1496277,42681.326708,986428672.7376071,0.04802350029995983,4.802350029995983,23821.61,-10.819999999999709,-0.04542094342070424,0.005166952029151129,0.005998274943945102,0.004875859727376214,0.5%,0.6%,0.5%,24,,,56.06872307855222
2020-12-23 00:00:00+00:00,23810.79,24100.0,22600.0,23232.76,119047.259733,2797688007.0718794,2194611,56660.201961,1332358610.2684052,-0.024275969003968445,-2.4275969003968445,23821.61,-588.8500000000022,-2.4719152064029304,0.0031700377142936526,0.003083888523143054,0.004044926049942781,0.3%,0.3%,0.4%,24,,,56.06872307855222
2020-12-24 00:00:00+00:00,23232.39,23794.43,22703.42,23729.2,69013.834252,1602394244.0767715,1421257,35789.111318999996,831484211.6986719,0.021368102627496777,2.1368102627496777,23821.61,-92.40999999999985,-0.3879250814701418,0.007495588391308881,0.00591898499219765,0.00481508532696614,0.7%,0.6%,0.5%,24,,,56.06872307855222
2020-12-25 00:00:00+00:00,23728.99,24789.86,23433.6,24712.47,79519.943569,1919766316.6677368,1504426,41219.088164,995215944.5725682,0.04143713230955948,4.143713230955948,24712.47,0.0,0.0,0.007033702161881979,0.008903789925711635,0.0076849671474032094,0.7%,0.9%,0.8%,23,,,56.06872307855222
2020-12-26 00:00:00+00:00,24712.47,26867.03,24500.0,26493.39,97806.513386,2496533065.1755805,1735574,49839.034072,1272279529.8870606,0.07206564135434457,7.206564135434457,26493.39,0.0,0.0,0.0029892529970652845,0.0037287435957408777,0.0033046622202206363,0.3%,0.4%,0.3%,24,,,56.06872307855222
2020-12-27 00:00:00+00:00,26493.4,28422.0,25700.0,26281.66,148455.586214,4028928683.882025,2438493,72649.340484,1972635486.1835065,-0.007991804748278653,-0.7991804748278653,26493.39,-211.72999999999956,-0.7991804748278653,0.0038310197821699505,0.003139694106883698,0.003077031654498166,0.4%,0.3%,0.3%,24,,,56.06872307855222
2020-12-28 00:00:00+00:00,26281.54,27500.0,26101.0,27079.41,79721.742496,2151806808.5743527,1508204,37895.345621,1023061029.3655897,0.03035386653658856,3.035386653658856,27079.41,0.0,0.0,0.002875129950381429,0.0024003639819030957,0.002523750335622174,0.3%,0.2%,0.3%,24,,,56.06872307855222
2020-12-29 00:00:00+00:00,27079.42,27410.0,25880.0,27385.0,69411.592606,1851617219.7682347,1605166,34276.922601,914954320.8347605,0.011284957833276321,1.1284957833276321,27385.0,0.0,0.0,0.0031651623842435033,0.0027071586306646697,0.0025314055703510004,0.3%,0.3%,0.3%,24,,,56.06872307855222
2020-12-30 00:00:00+00:00,27385.0,28996.0,27320.0,28875.54,95356.057826,2683953237.460271,1916095,48057.906366,1352877359.6514735,0.05442906700748584,5.442906700748584,28875.54,0.0,0.0,0.005457309357391784,0.005162451320937519,0.004548567245861852,0.5%,0.5%,0.5%,24,,,56.06872307855222
2020-12-31 00:00:00+00:00,28875.55,29300.0,27850.0,28923.63,75508.505152,2173600125.420074,1552793,36431.62208,1049389143.5562063,0.0016654233998740775,0.16654233998740775,28923.63,0.0,0.0,0.00544888809772449,0.005151853172492413,0.004593265105578197,0.5%,0.5%,0.5%,24,,,56.06872307855222
2021-01-01 00:00:00+00:00,28923.63,29600.0,28624.57,29331.69,54182.925011,1582526989.1618726,1314910,27455.801725,802247744.545104,0.014108187665241134,1.4108187665241134,29331.69,0.0,0.0,0.0017266847309311555,0.0016411929522898265,0.002979334492138544,0.2%,0.2%,0.3%,24,,,56.06872307855222
2021-01-02 00:00:00+00:00,29331.7,33300.0,28946.53,32178.33,129993.873362,4073842163.671541,2245922,67446.305246,2110334723.887146,0.09704998245924479,9.704998245924479,32178.33,0.0,0.0,0.010359617801867472,0.009114800463176967,0.008543197255429865,1.0%,0.9%,0.9%,24,,,56.06872307855222
2021-01-03 00:00:00+00:00,32176.45,34778.11,31962.99,33000.05,120957.56675,4057598425.4920163,2369698,59750.332871,2004428433.9318461,0.025536440206810118,2.553644020681012,33000.05,0.0,0.0,0.008157823148359219,0.009997655471214607,0.009213144715299182,0.8%,1.0%,0.9%,24,,,56.06872307855222
2021-01-04 00:00:00+00:00,33000.05,33600.0,28130.0,31988.71,140899.88569,4429010349.695345,2642408,69088.46923,2173435409.016988,-0.03064662023239373,-3.064662023239373,33000.05,-1011.3400000000038,-3.064662023239373,0.007498638123776586,0.0070658167395447665,0.00750189206102704,0.7%,0.7%,0.8%,24,,,56.06872307855222
2021-01-05 00:00:00+00:00,31989.75,34360.0,29900.0,33949.53,116049.997038,3743617144.6469154,2526851,59691.754755,1927195093.6415496,0.061297251436522426,6.129725143652243,33949.53,0.0,0.0,0.004952602063280866,0.006967132759042718,0.00861994343606606,0.5%,0.7%,0.9%,24,,,56.06872307855222
2021-01-06 00:00:00+00:00,33949.53,36939.21,33288.0,36769.36,127139.20131,4431954248.519614,2591783,63052.914652,2199632470.221549,0.08305947092640165,8.305947092640164,36769.36,0.0,0.0,0.0041887736052610815,0.00413711847300557,0.004842558870196492,0.4%,0.4%,0.5%,24,,,56.06872307855222
2021-01-07 00:00:00+00:00,36769.36,40365.0,36300.0,39432.28,132825.700437,5062569943.383371,2814686,65055.107136,2482583239.856497,0.0724222559217782,7.24222559217782,39432.28,0.0,0.0,0.003433725890314043,0.003131471279313149,0.0032345625432324233,0.3%,0.3%,0.3%,24,,,56.06872307855222
2021-01-08 00:00:00+00:00,39432.48,41950.0,36500.0,40582.81,139789.957499,5568443208.731365,2925632,67300.155216,2684975445.978905,0.029177364331963496,2.9177364331963496,40582.81,0.0,0.0,0.004860833619230171,0.004384343319334263,0.0038963476890881725,0.5%,0.4%,0.4%,24,,,56.06872307855222
2021-01-09 00:00:00+00:00,40586.96,41380.0,38720.0,40088.22,75785.979675,3054779029.1617765,1998156,37007.321909,1491990705.5516992,-0.012187179744330034,-1.2187179744330034,40582.81,-494.5899999999965,-1.2187179744330034,0.0036400095494949322,0.003613137206722684,0.003406750810792462,0.4%,0.4%,0.3%,24,,,56.06872307855222
2021-01-10 00:00:00+00:00,40088.22,41350.0,35111.11,38150.02,118209.544503,4604034729.507071,2628050,55451.344673,2160976896.8280272,-0.04834836767509265,-4.834836767509265,40582.81,-2432.790000000001,-5.994631717222143,0.004078556354193051,0.0034573823434352444,0.003590532404928151,0.4%,0.3%,0.4%,24,,,56.06872307855222
2021-01-11 00:00:00+00:00,38150.02,38264.74,30420.0,35404.47,251156.138287,8497730017.898506,4472957,123241.588782,4171891522.056786,-0.07196719687171849,-7.196719687171848,40582.81,-5178.3399999999965,-12.759934563427223,0.0061884482736070424,0.005411767216527932,0.004623261036213232,0.6%,0.5%,0.5%,24,,,56.06872307855222
2021-01-12 00:00:00+00:00,35410.37,36628.0,32531.0,34051.24,133948.151996,4651302423.484117,2674145,65098.310196,2261732478.8300514,-0.03822200981966406,-3.822200981966406,40582.81,-6531.57,-16.094425201212037,0.004976029180790049,0.005958533377028991,0.007658129928234912,0.5%,0.6%,0.8%,24,,,56.06872307855222
2021-01-13 00:00:00+00:00,34049.15,37850.0,32380.0,37371.38,124477.914938,4322876606.419626,2514289,63981.038306,2222872691.371912,0.09750423185763579,9.75042318576358,40582.81,-3211.4300000000003,-7.913276581882823,0.0028671865909602125,0.0033169794233795175,0.003629523750025411,0.3%,0.3%,0.4%,24,,,56.06872307855222
2021-01-14 00:00:00+00:00,37371.38,40100.0,36701.23,39144.5,102950.389421,3974826638.1450887,2297466,51264.467092,1979442593.0499995,0.04744593322483692,4.744593322483692,40582.81,-1438.3099999999977,-3.5441360516928144,0.0026503536891718726,0.0030962871704121766,0.003390613026465777,0.3%,0.3%,0.3%,24,,,56.06872307855222
2021-01-15 00:00:00+00:00,39145.21,39747.76,34408.0,36742.22,118300.920916,4371588898.681637,2560801,57738.03422,2133723812.7598622,-0.06136954105940806,-6.136954105940806,40582.81,-3840.5899999999965,-9.463588154689129,0.0041532237226617865,0.0041130720475918954,0.004854703318299538,0.4%,0.4%,0.5%,24,,,56.06872307855222
2021-01-16 00:00:00+00:00,36737.43,37950.0,35357.8,35994.98,86348.43150800001,3178840336.1492844,2066363,42420.423736,1563160122.0113344,-0.020337366658846334,-2.0337366658846334,40582.81,-4587.8299999999945,-11.304860358363545,0.005097601717521708,0.005266824829406609,0.005171932377071346,0.5%,0.5%,0.5%,24,,,56.06872307855222
2021-01-17 00:00:00+00:00,35994.98,36852.5,33850.0,35828.61,80157.727384,2843103040.240664,1860642,39513.638561,1402648632.8512247,-0.004622033405769388,-0.4622033405769388,40582.81,-4754.199999999997,-11.714812256716566,0.005716647834558369,0.005938788354270322,0.005140145156371569,0.6%,0.6%,0.5%,24,,,56.06872307855222
2021-01-18 00:00:00+00:00,35824.99,37469.83,34800.0,36631.27,70698.11875,2554843260.524399,1707766,35621.506047999996,1289347187.166529,0.02240276695076915,2.240276695076915,40582.81,-3951.540000000001,-9.736979770498888,0.0034740133086008577,0.004275024418266776,0.004864757782132483,0.3%,0.4%,0.5%,24,,,56.06872307855222
2021-01-19 00:00:00+00:00,36622.46,37850.0,35844.06,35891.49,79611.307769,2935348499.344214,1939371,38704.68162,1428235709.8519692,-0.02019531400358221,-2.019531400358221,40582.81,-4691.32,-11.559869806945356,0.005350084627681414,0.005561934495171909,0.0051024741439063635,0.5%,0.6%,0.5%,24,,,56.06872307855222
2021-01-20 00:00:00+00:00,35901.94,36415.31,33400.0,35468.23,89368.422918,3126721093.5207763,2234539,42546.634077,1489289968.43647,-0.011792767589197228,-1.1792767589197228,40582.81,-5114.5799999999945,-12.602823707870392,0.0063449620994967945,0.005652481651236088,0.004755507802734201,0.6%,0.6%,0.5%,24,,,56.06872307855222
2021-01-21 00:00:00+00:00,35468.23,35600.0,30071.0,30850.13,135004.076658,4386783586.504226,2881505,63256.210448,2057240516.6191926,-0.13020384721763678,-13.020384721763678,40582.81,-9732.679999999997,-23.9822722970637,0.003965977971120862,0.0037191638261688574,0.0030280155728673224,0.4%,0.4%,0.3%,24,,,56.06872307855222
2021-01-22 00:00:00+00:00,30851.99,33826.53,28850.0,32945.17,142971.684049,4483295872.022273,2707810,70150.188455,2201161570.4986706,0.06791024867642359,6.791024867642359,40582.81,-7637.639999999999,-18.819889504940633,0.008724594795250848,0.010079772688561632,0.009385790730110836,0.9%,1.0%,0.9%,24,,,56.06872307855222
2021-01-23 00:00:00+00:00,32950.0,33456.0,31390.16,32078.0,64595.287675,2089098295.7584367,1700056,32680.776128,1057114174.5522273,-0.026321612545936124,-2.6321612545936124,40582.81,-8504.809999999998,-20.956680919827875,0.01055092683055299,0.008791471100375375,0.008346346037224605,1.1%,0.9%,0.8%,24,,,56.06872307855222
2021-01-24 00:00:00+00:00,32078.0,33071.0,30900.0,32259.9,57978.037965999996,1864609665.3657017,1528287,27826.119197,895721122.0169544,0.005670553026996705,0.5670553026996705,40582.81,-8322.909999999996,-20.50846158755394,0.01041925866548172,0.009060112651994969,0.008586127945664988,1.0%,0.9%,0.9%,24,,,56.06872307855222
2021-01-25 00:00:00+00:00,32259.45,34875.0,31910.0,32254.2,88499.226921,2958759288.563568,2106548,44489.524132,1488432034.4924214,-0.00017668994634212343,-0.017668994634212343,40582.81,-8328.609999999997,-20.522506943210683,0.01041654821745468,0.009062043787312736,0.00859032313827651,1.0%,0.9%,0.9%,24,,,56.06872307855222
2021-01-26 00:00:00+00:00,32254.19,32921.88,30837.37,32467.77,84972.20691000001,2708545364.4946413,2010392,42402.312917,1352678098.866321,0.0066214632512975324,0.6621463251297532,40582.81,-8115.039999999997,-19.996249643629895,0.011106924489184366,0.009475932427654038,0.00891740727114191,1.1%,0.9%,0.9%,24,,,56.06872307855222
2021-01-27 00:00:00+00:00,32464.01,32557.29,29241.72,30366.15,95911.961711,2958081421.641559,2065953,46664.381638,1440079785.1205118,-0.06472942243954538,-6.472942243954538,40582.81,-10216.659999999996,-25.17484619719531,0.0015182450750684633,0.0017318434121994563,0.0021442171437217735,0.2%,0.2%,0.2%,24,,,56.06872307855222
2021-01-28 00:00:00+00:00,30362.19,33783.98,29842.1,33364.86,92621.145617,2953553214.065682,2060660,46067.782326,1468956156.4850712,0.09875173507342883,9.875173507342883,40582.81,-7217.949999999997,-17.785732432032177,0.008334290967544792,0.008843052321489062,0.008876504243206336,0.8%,0.9%,0.9%,24,,,56.06872307855222
2021-01-29 00:00:00+00:00,33368.18,38531.9,31915.4,34252.2,231827.005626,8195593336.228467,4403349,116537.247847,4121941033.6373253,0.0265950464051099,2.65950464051099,40582.81,-6330.610000000001,-15.599240170899954,0.0036006890430240407,0.004462753124237395,0.006786452898246129,0.4%,0.4%,0.7%,24,,,56.06872307855222
2021-01-30 00:00:00+00:00,34246.28,34933.0,32825.0,34262.88,84889.68134,2884500062.9380784,2201040,42418.467099,1441981400.6536381,0.00031180478918146903,0.031180478918146903,40582.81,-6319.93,-15.57292360977468,0.003396393022029452,0.004449220260538914,0.006780702276127508,0.3%,0.4%,0.7%,24,,,56.06872307855222
2021-01-31 00:00:00+00:00,34262.89,34342.69,32171.67,33092.98,68742.280384,2289641045.7580123,1707064,32480.447358,1082502551.5205712,-0.03414482378597461,-3.414482378597461,40582.81,-7489.8299999999945,-18.455671255883942,0.007749559543001597,0.008606570495003348,0.00913967037314717,0.8%,0.9%,0.9%,24,,,56.06872307855222
2021-02-01 00:00:00+00:00,33092.97,34717.27,32296.16,33526.37,82718.276882,2791776658.0056057,1810492,41855.841486,1413158966.728098,0.013096130961913977,1.3096130961913977,40582.81,-7056.439999999995,-17.38775604744963,0.008251780466337478,0.008222743790530888,0.008875832990122732,0.8%,0.8%,0.9%,24,,,56.06872307855222
2021-02-02 00:00:00+00:00,33517.09,35984.33,33418.0,35466.24,78056.65988,2716321896.3176084,1789672,39216.563106,1364790964.6368997,0.057861021041049066,5.7861021041049066,40582.81,-5116.57,-12.607727261862845,0.006343268970709121,0.005648543848236243,0.0047573704295718125,0.6%,0.6%,0.5%,24,,,56.06872307855222
2021-02-03 00:00:00+00:00,35472.71,37662.63,35362.38,37618.87,80784.333663,2951232788.184305,1881740,39863.07506,1456248046.1419172,0.06069518505485805,6.069518505485805,40582.81,-2963.939999999995,-7.303437095656995,0.004323414130678709,0.0036459380767826953,0.0039050723277449665,0.4%,0.4%,0.4%,24,,,56.06872307855222
2021-02-04 00:00:00+00:00,37620.26,38708.27,36161.95,36936.66,92080.735898,3452669022.1532927,2211866,45516.21369,1707710013.8895385,-0.018134781826248392,-1.8134781826248392,40582.81,-3646.149999999994,-8.984469039970355,0.004162194891665951,0.003913723608544883,0.004444147525330137,0.4%,0.4%,0.4%,24,,,56.06872307855222
2021-02-05 00:00:00+00:00,36936.65,38310.12,36570.0,38290.24,66681.334275,2509278291.7515864,1853253,32756.385030999998,1232713879.8381383,0.03664597719447271,3.664597719447271,40582.81,-2292.5699999999997,-5.649115968066287,0.0042491435971778405,0.0037533801633726914,0.003689718902357277,0.4%,0.4%,0.4%,24,,,56.06872307855222
2021-02-06 00:00:00+00:00,38289.32,40955.51,38215.94,39186.94,98757.311183,3922095148.92815,2291646,52015.513362,2065180747.347224,0.023418500380253615,2.3418500380253615,40582.81,-1395.8699999999953,-3.439559754487176,0.002762772663609087,0.0030233704780221857,0.003340750252262324,0.3%,0.3%,0.3%,24,,,56.06872307855222
2021-02-07 00:00:00+00:00,39181.01,39700.0,37351.0,38795.69,84363.679763,3256521384.240611,1976357,40764.388959,1574482907.5639021,-0.009984193713517775,-0.9984193713517775,40582.81,-1787.1199999999953,-4.403637894960932,0.0032184119191819784,0.003573290005590018,0.003639453210560961,0.3%,0.4%,0.4%,24,,,56.06872307855222
2021-02-08 00:00:00+00:00,38795.69,46794.45,37988.89,46374.87,138597.536914,5881536976.635699,3230961,72345.891568,3069313839.441136,0.1953613919484356,19.53613919484356,46374.87,0.0,0.0,0.004334214117567019,0.004741757443408798,0.005804171061969712,0.4%,0.5%,0.6%,24,,,56.06872307855222
2021-02-09 00:00:00+00:00,46374.86,48142.19,44961.09,46420.42,115499.861712,5386255398.017187,3119034,57429.564347,2679451036.4918036,0.0009822129959609072,0.09822129959609072,46420.42,0.0,0.0,0.004388218981667287,0.004627597889510111,0.005643232120544138,0.4%,0.5%,0.6%,24,,,56.06872307855222
2021-02-10 00:00:00+00:00,46420.42,47310.0,43727.0,44807.58,97154.1822,4431650130.251105,2891592,47971.985731,2190231238.817587,-0.03474419231881132,-3.4744192318811318,46420.42,-1612.8399999999965,-3.4744192318811318,0.005816473509660496,0.005066685437719254,0.004059269007042554,0.6%,0.5%,0.4%,24,,,56.06872307855222
2021-02-11 00:00:00+00:00,44807.58,48678.9,43994.02,47969.51,89561.081454,4185630934.410895,2570949,46138.33674,2158335922.692323,0.07056685498301851,7.056685498301851,47969.51,0.0,0.0,0.003000153422068772,0.002852754472930265,0.002712953166357837,0.3%,0.3%,0.3%,23,,,56.06872307855222
2021-02-12 00:00:00+00:00,47968.66,48985.8,46125.0,47287.6,85870.035697,4080571908.9676614,2418841,41841.039135,1990472918.9285848,-0.014215488129855847,-1.4215488129855847,47969.51,-681.9100000000035,-1.4215488129855847,0.002586134508890919,0.002511411890817272,0.00290237426833882,0.3%,0.3%,0.3%,24,,,56.06872307855222
2021-02-13 00:00:00+00:00,47298.15,48150.0,46202.53,47153.69,63768.097399,3007710147.4181595,2058823,30996.309859,1462495399.9928117,-0.0028318206041328953,-0.2831820604132895,47969.51,-815.8199999999997,-1.700705302180494,0.002523370926233565,0.0026321925248496206,0.0033159781545441564,0.3%,0.3%,0.3%,24,,,56.06872307855222
2021-02-14 00:00:00+00:00,47156.78,49707.43,47014.17,48577.79,73735.475533,3584808348.8347325,2090070,38752.156681,1884009921.0628607,0.03020124193885998,3.020124193885998,48577.79,0.0,0.0,0.003803840405140632,0.0036306226800801337,0.003268235010455744,0.4%,0.4%,0.3%,24,,,56.06872307855222
2021-02-15 00:00:00+00:00,48580.47,49010.92,45570.79,47911.1,79398.156784,3782219060.664722,2313155,38176.364661,1819251655.781427,-0.013724173125208128,-1.3724173125208128,48577.79,-666.6900000000023,-1.3724173125208128,0.0031129540977823476,0.002948439314690482,0.002741983905491878,0.3%,0.3%,0.3%,24,,,56.06872307855222
2021-02-16 00:00:00+00:00,47911.1,50689.18,47003.62,49133.45,88813.266298,4349983777.692368,2199849,45608.603838,2236524604.988356,0.025512876974229215,2.5512876974229215,49133.45,0.0,0.0,0.0033196742524722127,0.00325514878885176,0.0034013274816673995,0.3%,0.3%,0.3%,24,,,56.06872307855222
2021-02-17 00:00:00+00:00,49133.45,52618.74,48947.0,52119.71,85743.637818,4365831514.815298,2514374,45055.446241,2294099235.2800226,0.060778553103842725,6.0778553103842725,52119.71,0.0,0.0,0.0052651749800820226,0.0052678877835151345,0.005300086091712909,0.5%,0.5%,0.5%,24,,,56.06872307855222
2021-02-18 00:00:00+00:00,52117.67,52530.0,50901.9,51552.6,60758.046954,3149973077.487466,1891592,28893.358623,1498231635.843909,-0.01088091242257494,-1.088091242257494,52119.71,-567.1100000000006,-1.088091242257494,0.005765025634863141,0.0054184923221444374,0.0055307970371741705,0.6%,0.5%,0.6%,24,,,56.06872307855222
2021-02-19 00:00:00+00:00,51552.61,56368.0,50710.2,55906.0,79659.77802,4251167827.6842465,2339215,40556.020246,2164871310.2239413,0.08444578934913083,8.444578934913082,55906.0,0.0,0.0,0.006320786763086748,0.005679721267537415,0.005546260325638051,0.6%,0.6%,0.6%,24,,,56.06872307855222
2021-02-20 00:00:00+00:00,55906.0,57700.46,53863.93,55841.19,80948.205314,4551890859.8512745,2642846,38636.066274,2172833878.4409647,-0.0011592673416090937,-0.11592673416090937,55906.0,-64.80999999999767,-0.11592673416090937,0.006227924661309907,0.005550991328117252,0.005982745801929916,0.6%,0.6%,0.6%,24,,,56.06872307855222
2021-02-21 00:00:00+00:00,55841.19,58352.8,55477.59,57408.57,58166.708511,3317998263.3478894,1950533,29506.089085,1683107088.1573696,0.02806852790923675,2.806852790923675,57408.57,0.0,0.0,0.0026030929717096502,0.0027147906046024036,0.00289611024958998,0.3%,0.3%,0.3%,24,,,56.06872307855222
2021-02-22 00:00:00+00:00,57412.35,57508.47,47622.0,54087.67,134019.434944,7213386720.436798,3313083,63677.661979,3427217154.5209727,-0.05784676399359889,-5.784676399359889,57408.57,-3320.9000000000015,-5.784676399359889,0.016936853021236563,0.015102968233197954,0.011452352243082659,1.7%,1.5%,1.1%,24,,,56.06872307855222
2021-02-23 00:00:00+00:00,54087.67,54183.59,44892.56,48891.0,169375.025051,8215839131.243386,3825196,82464.142992,4002195292.097356,-0.09607864417158285,-9.607864417158286,57408.57,-8517.57,-14.83675695109633,0.0032030698209589287,0.003516110575238831,0.00334392586858153,0.3%,0.4%,0.3%,24,,,56.06872307855222
2021-02-24 00:00:00+00:00,48891.0,51374.99,46988.69,49676.2,91881.209252,4574033001.379536,2194532,45750.714831,2278566606.1383467,0.016060215581599868,1.6060215581599868,57408.57,-7732.370000000003,-13.469016908102748,0.004735785227799876,0.004137581510547935,0.003814974295813081,0.5%,0.4%,0.4%,24,,,56.06872307855222
2021-02-25 00:00:00+00:00,49676.21,52041.73,46674.34,47073.73,83310.673121,4152188728.141615,2305679,40610.664759,2026068517.6463618,-0.05238866902057715,-5.238866902057715,57408.57,-10334.839999999997,-18.002259941329314,0.002433013793656059,0.002661761330494976,0.003470790744731008,0.2%,0.3%,0.3%,24,,,56.06872307855222
2021-02-26 00:00:00+00:00,47073.73,48424.11,44106.78,46276.87,109423.200663,5086374532.734615,2371766,53626.904622,2494190193.252283,-0.016927912871998907,-1.6927912871998907,57408.57,-11131.699999999997,-19.390310540743304,0.004498150487396306,0.0054439766585242565,0.005895430005787341,0.4%,0.5%,0.6%,24,,,56.06872307855222
2021-02-27 00:00:00+00:00,46276.88,48394.0,45000.0,46106.43,66060.834292,3105897438.550972,1757720,31987.019647,1505012110.949598,-0.0036830494370082567,-0.36830494370082567,57408.57,-11302.14,-19.68720001212363,0.004828347459359638,0.005838244144178884,0.005817881989945058,0.5%,0.6%,0.6%,24,,,56.06872307855222
2021-02-28 00:00:00+00:00,46103.67,46638.46,43000.0,45135.66,83055.369042,3708359965.4545813,1838345,40688.17185,1817797446.602381,-0.021054980834560366,-2.1054980834560366,57408.57,-12272.909999999996,-21.37818447663824,0.005850877340408228,0.005864644315042019,0.004733590222840619,0.6%,0.6%,0.5%,24,,,56.06872307855222
2021-03-01 00:00:00+00:00,45134.11,49790.0,44950.53,49587.03,85086.11164799999,4057515794.8657284,2147223,42616.994361000005,2032566685.614307,0.09862202081458427,9.862202081458427,57408.57,-7821.540000000001,-13.624342149612856,0.0042528153059494195,0.0038180883207352256,0.003718300300992739,0.4%,0.4%,0.4%,24,,,56.06872307855222
2021-03-02 00:00:00+00:00,49595.76,50200.0,47047.6,48440.65,64221.06214,3120472069.909453,1855583,31377.038077,1525145370.1435206,-0.02311854531315949,-2.311854531315949,57408.57,-8967.919999999998,-15.62122170958099,0.003998717805307241,0.0035512575380031975,0.0031698313989051083,0.4%,0.4%,0.3%,24,,,56.06872307855222
2021-03-03 00:00:00+00:00,48436.61,52640.0,48100.71,50349.37,81035.913705,4109521257.5407004,2242131,40955.368399,2077586898.6782105,0.03940326977445596,3.9403269774455962,57408.57,-7059.199999999997,-12.2964219453646,0.005603179273132765,0.005375804237200025,0.004585118654488009,0.6%,0.5%,0.5%,24,,,56.06872307855222
2021-03-04 00:00:00+00:00,50349.37,51773.88,47500.0,48374.09,82649.716829,4079837240.856762,2291936,40269.977888,1987955554.8048146,-0.0392314739985824,-3.92314739985824,57408.57,-9034.480000000003,-15.737162587397668,0.003850642107947484,0.00341109379255422,0.0030832922549211585,0.4%,0.3%,0.3%,24,,,56.06872307855222
2021-03-05 00:00:00+00:00,48374.09,49448.93,46300.0,48751.71,78192.496372,3727133104.8373103,2054216,38318.310377,1827025012.2175493,0.007806245037374371,0.7806245037374371,57408.57,-8656.86,-15.07938623101046,0.003164769807624943,0.0036257632436834126,0.0032629946694145936,0.3%,0.4%,0.3%,24,,,56.06872307855222
2021-03-06 00:00:00+00:00,48746.81,49200.0,47070.0,48882.2,44399.234242,2143910705.2915032,1476474,21500.615617,1038365872.9799548,0.0026766240609816805,0.26766240609816805,57408.57,-8526.370000000003,-14.852085672923055,0.0031729151782546304,0.003503813209133879,0.0033393228497347097,0.3%,0.4%,0.3%,23,,,56.06872307855222
2021-03-07 00:00:00+00:00,48882.2,51450.03,48882.2,50971.75,55235.028032,2778875909.4491262,1758101,27885.596964,1402782879.7211533,0.04274664397265271,4.274664397265271,57408.57,-6436.82,-11.21229809416956,0.005462297342678804,0.005716593487704247,0.005166487111319038,0.5%,0.6%,0.5%,24,,,56.06872307855222
2021-03-08 00:00:00+00:00,50959.11,52402.78,49274.67,52375.17,66987.359664,3400847931.036074,1999401,33595.42957,1706117798.1054993,0.027533290499148988,2.753329049914899,57408.57,-5033.4000000000015,-8.767680504844488,0.007100015169746499,0.006191455704565978,0.005786100363337665,0.7%,0.6%,0.6%,24,,,56.06872307855222
2021-03-09 00:00:00+00:00,52375.18,54895.0,51789.41,54884.5,71656.737076,3861450964.6549034,2194398,35011.541086,1886844773.68463,0.04791067981259056,4.791067981259056,57408.57,-2524.0699999999997,-4.396678056952119,0.004049053698085937,0.004503070103190441,0.011405042721823726,0.4%,0.5%,1.1%,24,,,56.06872307855222
2021-03-10 00:00:00+00:00,54874.67,57387.69,53005.0,55851.59,84749.238943,4700197563.359213,2647284,42651.887405,2366856292.8667717,0.017620457506217546,1.7620457506217546,57408.57,-1556.9800000000032,-2.712103785201414,0.0061616425824974706,0.005550285978210719,0.005971913787694148,0.6%,0.6%,0.6%,24,,,56.06872307855222
2021-03-11 00:00:00+00:00,55851.59,58150.0,54272.82,57773.16,81914.812859,4612366201.00222,2509970,40603.449668,2288704819.0951066,0.034404929206133694,3.4404929206133694,57773.16,0.0,0.0,0.0024254597025848306,0.0026980409791992717,0.002676471044572973,0.2%,0.3%,0.3%,24,,,56.06872307855222
2021-03-12 00:00:00+00:00,57773.15,58081.51,54962.84,57221.72,73405.406047,4162054726.3788385,2489931,35802.941462,2030616300.4734313,-0.009544916705265916,-0.9544916705265916,57773.16,-551.4400000000023,-0.9544916705265916,0.002852264938578281,0.0025871666343687525,0.003615332233272076,0.3%,0.3%,0.4%,24,,,56.06872307855222
2021-03-13 00:00:00+00:00,57221.72,61844.0,56078.23,61188.39,83245.091346,4933383453.245978,2559002,44387.231918,2631390814.772793,0.06932105501197783,6.932105501197783,61188.39,0.0,0.0,0.001938479309486927,0.0017656928634926013,0.002534738879632173,0.2%,0.2%,0.3%,24,,,56.06872307855222
2021-03-14 00:00:00+00:00,61188.38,61724.79,58966.78,58968.31,52601.05275,3176397573.8846426,1829769,25325.267050000002,1530051005.3980403,-0.03628270003508838,-3.6282700035088378,61188.39,-2220.0800000000017,-3.6282700035088378,0.0026641717499995368,0.0027354162082760597,0.0029030214848910596,0.3%,0.3%,0.3%,24,,,56.06872307855222
2021-03-15 00:00:00+00:00,58976.08,60633.43,54600.0,55605.2,102771.427298,5874241052.093372,2683815,49825.438347,2848907086.6343694,-0.05703249762457163,-5.703249762457164,61188.39,-5583.190000000002,-9.124590465609572,0.006351003236383175,0.00537224359110798,0.01050870672120978,0.6%,0.5%,1.1%,24,,,56.06872307855222
2021-03-16 00:00:00+00:00,55605.2,56938.29,53271.34,56900.75,77986.694355,4304259207.6451,2241208,37825.501493,2088111362.5512385,0.023299079942163736,2.3299079942163736,61188.39,-4287.639999999999,-7.007277034090942,0.0027758094708113736,0.003066285182219553,0.004698933168595899,0.3%,0.3%,0.5%,24,,,56.06872307855222
2021-03-17 00:00:00+00:00,56900.74,58974.73,54123.69,58912.97,70421.620841,3960992972.154292,2204296,34778.745775,1957825522.6803286,0.03536368149804714,3.536368149804714,61188.39,-2275.4199999999983,-3.718711997488411,0.0026681513498432482,0.002866704366978343,0.00291639359174615,0.3%,0.3%,0.3%,24,,,56.06872307855222
2021-03-18 00:00:00+00:00,58912.97,60129.97,57023.0,57648.16,66580.406675,3900885761.2128057,2040947,32287.379911,1892327691.3666964,-0.021469126407987926,-2.1469126407987926,61188.39,-3540.229999999996,-5.785787140338217,0.002919608204027412,0.002762805837073453,0.0028085082041708373,0.3%,0.3%,0.3%,24,,,56.06872307855222
2021-03-19 00:00:00+00:00,57641.0,59468.0,56270.74,58030.01,52392.652961,3052711147.934925,1885830,25552.511223,1489274083.264342,0.0066238020432916045,0.6623802043291604,61188.39,-3158.3799999999974,-5.161730844691281,0.002404949961007485,0.0024100326388465532,0.002693276347803407,0.2%,0.2%,0.3%,24,,,56.06872307855222
2021-03-20 00:00:00+00:00,58030.01,59880.0,57820.17,58102.28,44476.941776,2616535093.051585,1724131,22212.446723,1307023993.1234434,0.0012453901007425383,0.12453901007425383,61188.39,-3086.1100000000006,-5.043620203113697,0.002543440823927088,0.002530684623535617,0.002744375758135975,0.3%,0.3%,0.3%,24,,,56.06872307855222
2021-03-21 00:00:00+00:00,58100.02,58589.1,55450.11,57351.56,48564.470274,2774223129.62381,1773546,23648.941676,1350989191.2768385,-0.012920663354346829,-1.2920663354346829,61188.39,-3836.8300000000017,-6.270519619816772,0.0026005128336991684,0.002753129247436172,0.0030736430405602995,0.3%,0.3%,0.3%,24,,,56.06872307855222
2021-03-22 00:00:00+00:00,57351.56,58430.73,53650.0,54083.25,62581.626169,3527479514.3256526,1927345,30749.059028,1733579080.5690005,-0.05698729031956584,-5.698729031956584,61188.39,-7105.139999999999,-11.611908729744314,0.016907375904210802,0.01509849719556265,0.011456584552159237,1.7%,1.5%,1.1%,24,,,56.06872307855222
2021-03-23 00:00:00+00:00,54083.25,55830.9,53000.0,54340.89,59789.365427,3264650774.8174615,1740349,29563.40974,1614722150.8192565,0.004763766970365069,0.47637669703650687,61188.39,-6847.5,-11.190848459977454,0.006483846360189356,0.01517245413752846,0.011489781777766248,0.6%,1.5%,1.1%,24,,,56.06872307855222
2021-03-24 00:00:00+00:00,54342.8,57200.0,51700.0,52303.65,83537.465021,4583159614.046461,2401988,39323.130067,2161386678.806821,-0.03749000062383956,-3.749000062383956,61188.39,-8884.739999999998,-14.52030360661557,0.0062066617291144125,0.005729797441442465,0.005554760500696289,0.6%,0.6%,0.6%,24,,,56.06872307855222
2021-03-25 00:00:00+00:00,52303.66,53287.0,50427.56,51293.78,87400.534538,4536327184.95786,2099425,42947.397733,2229351569.587026,-0.019307830333064713,-1.9307830333064713,61188.39,-9894.61,-16.17073108150092,0.004870273875002145,0.005454727590955544,0.005328528079104324,0.5%,0.5%,0.5%,24,,,56.06872307855222
2021-03-26 00:00:00+00:00,51293.78,55073.46,51214.6,55025.59,63813.774692,3397036140.7516375,1773150,31822.545238,1694326043.3371158,0.07275365551144786,7.275365551144786,61188.39,-6162.800000000003,-10.07184532882791,0.004130652764126875,0.004236222629180549,0.01138080501189516,0.4%,0.4%,1.1%,24,,,56.06872307855222
2021-03-27 00:00:00+00:00,55025.59,56700.36,53950.0,55817.14,50105.475055,2767070175.861931,1528776,24739.948471,1365965317.2505236,0.014385125175395697,1.4385125175395697,61188.39,-5371.25,-8.778217567090751,0.0062204042784799836,0.005543255862804599,0.006020099011626456,0.6%,0.6%,0.6%,24,,,56.06872307855222
2021-03-28 00:00:00+00:00,55817.14,56559.75,54691.84,55777.63,39050.387511,2178777329.4452167,1551283,19262.725935,1074959545.959009,-0.0007078470878300047,-0.07078470878300047,61188.39,-5410.760000000002,-8.842788640132548,0.006337200859059442,0.005582949635769452,0.006319599050732118,0.6%,0.6%,0.6%,24,,,56.06872307855222
2021-03-29 00:00:00+00:00,55777.65,58405.82,54800.01,57635.47,67857.937398,3877131109.734646,1983437,34373.804556,1963800173.6560595,0.03330797669244823,3.3307976692448227,61188.39,-3552.9199999999983,-5.8065263688095055,0.0029583192258556754,0.0027446545116041306,0.002801111153296579,0.3%,0.3%,0.3%,24,,,56.06872307855222
2021-03-30 00:00:00+00:00,57635.46,59368.0,57071.35,58746.57,55122.443122000004,3221944107.4550304,1612744,27541.52668,1610812657.9299018,0.01927805915350378,1.927805915350378,61188.39,-2441.8199999999997,-3.990659012273401,0.002696055119540344,0.0031938517622959045,0.0028827329526833817,0.3%,0.3%,0.3%,24,,,56.06872307855222
2021-03-31 00:00:00+00:00,58746.57,59800.0,56769.0,58740.55,60975.542666,3575976083.8045754,1928224,31074.813187,1823822792.91045,-0.00010247406784769097,-0.010247406784769097,61188.39,-2447.8399999999965,-4.00049747999579,0.0027030260714087694,0.0031852346491980446,0.0028773399621599455,0.3%,0.3%,0.3%,24,,,56.06872307855222
2021-04-01 00:00:00+00:00,58739.46,59490.0,57935.45,58720.44,47415.61722,2789238879.9433737,1594431,22966.256736,1351151697.892222,-0.00034235294017503914,-0.034235294017503914,61188.39,-2467.949999999997,-4.033363191938855,0.002815783149791965,0.0032229823010666795,0.0028799097424654216,0.3%,0.3%,0.3%,24,,,56.06872307855222
2021-04-02 00:00:00+00:00,58720.45,60200.0,58428.57,58950.01,47382.418781,2811159761.2684674,1666356,23695.695154,1406393729.8307693,0.0039095415497567565,0.39095415497567565,61188.39,-2238.3799999999974,-3.658177637947324,0.0026453273832813123,0.002727546932277781,0.0029047376336392367,0.3%,0.3%,0.3%,24,,,56.06872307855222
2021-04-03 00:00:00+00:00,58950.01,59791.72,56880.0,57051.94,47409.852113,2783151686.164537,1606805,23057.967017,1353960264.6219625,-0.03219795891468047,-3.219795891468047,61188.39,-4136.449999999997,-6.760187676126139,0.002344222856628642,0.0026439996943422588,0.0043410882067498316,0.2%,0.3%,0.4%,24,,,56.06872307855222
2021-04-04 00:00:00+00:00,57051.95,58492.85,56388.0,58202.01,41314.081973,2380139010.7302327,1499113,20609.134160999998,1187123542.5798833,0.020158297859809826,2.0158297859809826,61188.39,-2986.3799999999974,-4.880631766908716,0.002836003873369416,0.0026022381899749505,0.002661189073267828,0.3%,0.3%,0.3%,24,,,56.06872307855222
2021-04-05 00:00:00+00:00,58202.01,59272.0,56777.77,59129.99,54258.01579,3155214764.1644855,2035877,27269.49269,1586344787.554169,0.015944122891975665,1.5944122891975665,61188.39,-2058.4000000000015,-3.3640368703932277,0.002529642725928527,0.0026342815581002054,0.0029197451431147406,0.3%,0.3%,0.3%,24,,,56.06872307855222
2021-04-06 00:00:00+00:00,59129.99,59495.24,57413.02,57991.15,54201.000727,3166911557.1481576,1960513,26699.197872,1560539125.7780592,-0.019259938992041037,-1.9259938992041037,61188.39,-3197.239999999998,-5.225239624706579,0.002147128784412236,0.0026478540209029415,0.0026719126033140656,0.2%,0.3%,0.3%,24,,,56.06872307855222
2021-04-07 00:00:00+00:00,57990.03,58655.0,55473.0,55953.45,71228.405659,4053294016.4845147,2206433,34737.582155,1977438033.9286299,-0.03513812021317053,-3.513812021317053,61188.39,-5234.940000000002,-8.555446547948076,0.006454269103301193,0.005776933129967141,0.00534320255242206,0.6%,0.6%,0.5%,24,,,56.06872307855222
2021-04-08 00:00:00+00:00,55953.44,58153.31,55700.0,58077.52,44283.147019,2531779682.552427,1661080,22161.69051,1267126859.4438906,0.03796137682305556,3.796137682305556,61188.39,-3110.8700000000026,-5.084085395938676,0.0022436528299054057,0.0023789900937656546,0.0026826584211956527,0.2%,0.2%,0.3%,24,,,56.06872307855222
2021-04-09 00:00:00+00:00,58077.52,58894.9,57654.0,58142.54,40831.884911,2378340697.289584,1615962,20354.234456,1185679367.9100363,0.0011195381620978662,0.11195381620978662,61188.39,-3045.8499999999985,-4.977823407349002,0.00264017714695186,0.0025634880988681477,0.0026305223190840935,0.3%,0.3%,0.3%,24,,,56.06872307855222
2021-04-10 00:00:00+00:00,58142.55,61500.0,57900.01,59769.13,69906.424117,4197138552.4690337,2470398,36018.637566,2162858397.75344,0.0279759019815784,2.79759019815784,61188.39,-1419.260000000002,-2.319492308916782,0.0036837583485607233,0.0031989140202726652,0.002911493898474511,0.4%,0.3%,0.3%,24,,,56.06872307855222
2021-04-11 00:00:00+00:00,59769.13,60699.0,59232.52,60002.43,41156.715391,2462032926.6179814,1746102,20798.058779,1244349091.4434774,0.0039033527842884386,0.39033527842884386,61188.39,-1185.9599999999991,-1.9382108272500753,0.004053820928553744,0.0035675651522281146,0.0030951687744516132,0.4%,0.4%,0.3%,24,,,56.06872307855222
2021-04-12 00:00:00+00:00,59998.8,61300.0,59350.59,59860.0,56375.037117,3393042867.8714666,1806298,27645.201153,1664588823.4110289,-0.002373737196976866,-0.2373737196976866,61188.39,-1328.3899999999994,-2.1709837438115276,0.0038997640011430336,0.0033731191600609367,0.002996361372141689,0.4%,0.3%,0.3%,24,,,56.06872307855222
2021-04-13 00:00:00+00:00,59860.01,63777.77,59805.15,63575.0,82848.688746,5154877375.389618,2703735,41662.533028,2592724448.3698506,0.062061476779151414,6.206147677915141,63575.0,0.0,0.0,0.0021874345092828067,0.002043243126666696,0.0021021545804611585,0.2%,0.2%,0.2%,24,,,56.06872307855222
2021-04-14 00:00:00+00:00,63575.01,64854.0,61301.0,62959.53,82616.343993,5239081228.156977,2645625,40070.377527000004,2542171083.4126883,-0.009681006685017701,-0.9681006685017701,63575.0,-615.4700000000012,-0.9681006685017701,0.0016900169840062928,0.0023978615185951306,0.002744011729463322,0.2%,0.2%,0.3%,24,,,56.06872307855222
2021-04-15 00:00:00+00:00,62959.53,63800.0,62020.0,63159.98,51649.700339999996,3248931738.293182,1938028,25628.168379,1612303095.2882545,0.003183791238594136,0.3183791238594136,63575.0,-415.0199999999968,-0.6528037750688109,0.0021060063779465804,0.001981516561005314,0.0027202674117573654,0.2%,0.2%,0.3%,24,,,56.06872307855222
2021-04-16 00:00:00+00:00,63158.74,63520.61,60000.0,61334.8,91764.139884,5647292669.615493,2639940,43570.023147,2680750914.504573,-0.028897729226640023,-2.8897729226640023,63575.0,-2240.199999999997,-3.5237121510027447,0.002188214949230618,0.0020148405255295734,0.002152983010216322,0.2%,0.2%,0.2%,24,,,56.06872307855222
2021-04-17 00:00:00+00:00,61334.81,62506.05,59580.91,60006.66,58912.256128,3605701810.675047,2268816,28386.274106,1737722135.3795059,-0.021653938710161302,-2.1653938710161302,63575.0,-3568.3399999999965,-5.612803775068809,0.004044128984713215,0.00356057970855326,0.0030947988477795433,0.4%,0.4%,0.3%,24,,,56.06872307855222
2021-04-18 00:00:00+00:00,60006.67,60499.0,50931.3,56150.01,124882.131824,6949379727.429154,3444089,59404.616809,3303953081.096218,-0.06427036598937519,-6.427036598937519,63575.0,-7424.989999999998,-11.679103421156112,0.005086495257800165,0.005868979939032906,0.005142791346560262,0.5%,0.6%,0.5%,24,,,56.06872307855222
2021-04-19 00:00:00+00:00,56150.01,57526.81,54221.58,55633.14,78229.042267,4398619580.647143,2390527,38362.384979,2156617047.238732,-0.009205163097922964,-0.9205163097922964,63575.0,-7941.860000000001,-12.492111679119155,0.006608591635337366,0.005523449617162113,0.01054077153795163,0.7%,0.6%,1.1%,24,,,56.06872307855222
2021-04-20 00:00:00+00:00,55633.14,57076.24,53329.96,56425.0,72744.482151,4037701391.6195264,2148820,35519.589727,1971916967.5849755,0.01423360248945138,1.423360248945138,63575.0,-7150.0,-11.246559182068427,0.004030845011550227,0.005483092893138162,0.005028033941041867,0.4%,0.5%,0.5%,22,,,56.06872307855222
2021-04-21 00:00:00+00:00,56425.0,56757.91,53536.02,53787.63,66984.756909,3704549578.6973033,2134946,32188.929493,1780065583.272094,-0.0467411608329642,-4.67411608329642,63575.0,-9787.370000000003,-15.39499803381833,0.019243177677401475,0.015237366617610028,0.01141381204686127,1.9%,1.5%,1.1%,24,,,56.06872307855222
2021-04-22 00:00:00+00:00,53787.62,55521.48,50500.0,51690.96,104656.631337,5594983857.318092,2744621,50550.77147,2703745286.3887057,-0.03898052396062068,-3.8980523960620683,63575.0,-11884.04,-18.692945340149436,0.0052772203578615685,0.005037441019513994,0.005499774745828821,0.5%,0.5%,0.5%,24,,,56.06872307855222
2021-04-23 00:00:00+00:00,51690.95,52131.85,47500.0,51125.14,132230.780719,6571097317.467918,2888237,63769.621253,3170392794.0548844,-0.010946208002327706,-1.0946208002327706,63575.0,-12449.86,-19.582949272512785,0.004972766736604069,0.005360287470937063,0.00520703960990716,0.5%,0.5%,0.5%,24,,,56.06872307855222
2021-04-24 00:00:00+00:00,51110.56,51166.22,48657.14,50047.84,55361.512573,2762081002.878663,1164985,26782.233007,1336607709.8567977,-0.021071824937789918,-2.107182493778992,63575.0,-13527.160000000003,-21.277483287455766,0.006071442139089697,0.00526965148182532,0.004384247610362488,0.6%,0.5%,0.4%,24,,,56.06872307855222
2021-04-25 00:00:00+00:00,50047.84,50567.91,46930.0,49066.77,58255.645004,2867858315.1873198,1475479,27767.331394,1367920871.5281665,-0.019602644190038987,-1.9602644190038987,63575.0,-14508.230000000003,-22.820652772316162,0.0031924026280301947,0.003151270931738452,0.003366340831957118,0.3%,0.3%,0.3%,21,,,56.06872307855222
2021-04-26 00:00:00+00:00,49066.76,54356.62,48753.44,54001.39,86310.802124,4555688503.397387,2174544,43183.936749,2277375506.8553133,0.10056948928979836,10.056948928979836,63575.0,-9573.61,-15.058765237907979,0.0181894933623742,0.015136905127395524,0.011456164968861168,1.8%,1.5%,1.1%,24,,,56.06872307855222
2021-04-27 00:00:00+00:00,54001.38,55460.0,53222.0,55011.97,54064.034675,2949719328.3669896,1568666,25631.074629,1398731801.176336,0.0187139627331816,1.87139627331816,63575.0,-8563.029999999999,-13.469178136059767,0.003966495252834414,0.004191128545506886,0.011376898988027457,0.4%,0.4%,1.1%,24,,,56.06872307855222
2021-04-28 00:00:00+00:00,55011.97,56428.0,53813.16,54846.22,55130.459015,3020242787.5066776,1830042,26762.033422,1466278915.015322,-0.0030129806294884043,-0.30129806294884043,63575.0,-8728.779999999999,-13.729893826189542,0.004069436463822492,0.0047817995557307875,0.01141065292814971,0.4%,0.5%,1.1%,24,,,56.06872307855222
2021-04-29 00:00:00+00:00,54846.23,55195.84,52330.94,53555.0,52486.019455,2823220335.4760413,1763676,25339.743902,1362821167.9325395,-0.023542552248814963,-2.3542552248814963,63575.0,-10020.0,-15.760912308297282,0.01901572454734491,0.014919865360768501,0.011145871780216332,1.9%,1.5%,1.1%,24,,,56.06872307855222
2021-04-30 00:00:00+00:00,53555.0,57963.0,53013.01,57694.27,68578.910045,3808187372.7393794,2267648,35634.129087,1978866536.224178,0.07729007562319112,7.729007562319112,63575.0,-5880.730000000003,-9.250066850176964,0.0030394694378253245,0.0027983846743873772,0.002770019832166322,0.3%,0.3%,0.3%,24,,,56.06872307855222
2021-05-01 00:00:00+00:00,57697.25,58458.07,56956.14,57800.37,42600.351836,2460342954.8425207,1743013,20574.810226,1188354972.0137234,0.0018390041160067927,0.18390041160067927,63575.0,-5774.629999999997,-9.083177349587102,0.002438825091119925,0.0026466049823631542,0.0026803945105023344,0.2%,0.3%,0.3%,24,,,56.06872307855222
2021-05-02 00:00:00+00:00,57797.35,57911.02,56035.25,56578.21,36812.878863,2089763230.439627,1371638,18172.891836,1031569632.4391578,-0.021144501324126486,-2.1144501324126486,63575.0,-6996.790000000001,-11.005568226504126,0.003436812534081664,0.004351896656652924,0.004982960510719023,0.3%,0.4%,0.5%,24,,,56.06872307855222
2021-05-03 00:00:00+00:00,56578.21,58981.44,56435.0,57169.39,57649.931286,3337604542.627381,2102128,28536.055533,1652286174.1582646,0.010448898966580966,1.0448898966580966,63575.0,-6405.610000000001,-10.075674400314593,0.002819300883425125,0.0027939113300968223,0.003671149522287632,0.3%,0.3%,0.4%,24,,,56.06872307855222
2021-05-04 00:00:00+00:00,57169.39,57200.0,53046.69,53200.01,85324.62590300001,4705402064.300975,2492629,41029.688246,2262794503.8147497,-0.06943191102791191,-6.943191102791191,63575.0,-10374.989999999998,-16.31929217459693,0.018171655063097425,0.013981471736079358,0.010504878829755192,1.8%,1.4%,1.1%,24,,,56.06872307855222
2021-05-05 00:00:00+00:00,53205.05,58069.82,52900.0,57436.11,77263.923439,4327994296.151437,2378119,38729.475016,2170539511.7772765,0.07962592488234499,7.962592488234499,63575.0,-6138.889999999999,-9.65613841918993,0.002611763174834373,0.0027248240437240264,0.0028934432227025095,0.3%,0.3%,0.3%,24,,,56.06872307855222
2021-05-06 00:00:00+00:00,57436.11,58360.0,55200.0,56393.68,70181.671908,3992289527.7370973,2459881,34248.899643,1949210281.6920164,-0.0181493837239326,-1.81493837239326,63575.0,-7181.32,-11.295823830121899,0.004447914770912966,0.005619040783301286,0.005023776275325868,0.4%,0.6%,0.5%,24,,,56.06872307855222
2021-05-07 00:00:00+00:00,56393.68,58650.0,55241.63,57314.75,74542.747829,4239374487.4747725,2361692,36877.602566,2097609397.229757,0.016332858575641707,1.6332858575641707,63575.0,-6260.25,-9.847031065670464,0.0031508210345069527,0.0027789514670304525,0.003191875218560966,0.3%,0.3%,0.3%,24,,,56.06872307855222
2021-05-08 00:00:00+00:00,57315.49,59500.0,56900.0,58862.05,69709.906028,4079553831.9880643,2311378,34329.699156,2009442622.588905,0.026996541030014143,2.6996541030014143,63575.0,-4712.949999999997,-7.413212740857256,0.0027373031612563884,0.0032305611676212726,0.002914645268623245,0.3%,0.3%,0.3%,24,,,56.06872307855222
2021-05-09 00:00:00+00:00,58866.53,59300.0,56235.66,58240.84,69806.11991000001,4043552701.5065985,2170139,34301.050457,1987959541.940182,-0.010553658936445554,-1.0553658936445554,63575.0,-5334.1600000000035,-8.390342115611492,0.002886437312478926,0.0025573074554966686,0.0026779755189246532,0.3%,0.3%,0.3%,24,,,56.06872307855222
2021-05-10 00:00:00+00:00,58240.83,59500.0,53400.0,55816.14,89586.34925,5131782639.966137,2575419,43057.977029,2468201497.9675717,-0.04163229788581346,-4.163229788581346,63575.0,-7758.860000000001,-12.204262681871803,0.00621987534958822,0.005547164885142229,0.006025515673569568,0.6%,0.6%,0.6%,24,,,56.06872307855222
2021-05-11 00:00:00+00:00,55816.14,56862.43,54370.0,56670.02,64329.54055,3583030654.763019,1911480,30880.828339,1720075588.2236335,0.01529808403089139,1.529808403089139,63575.0,-6904.980000000003,-10.861156114825011,0.0032841094061043276,0.004173491604778458,0.004981249298662654,0.3%,0.4%,0.5%,24,,,56.06872307855222
2021-05-12 00:00:00+00:00,56670.02,58000.01,48600.0,49631.32,99842.789836,5476115093.110468,2676826,48299.826001,2654897646.092577,-0.12420500292747383,-12.420500292747382,63575.0,-13943.68,-21.9326464805348,0.004743793417644453,0.004123691737161239,0.003865435582909994,0.5%,0.4%,0.4%,24,,,56.06872307855222
2021-05-13 00:00:00+00:00,49537.15,51367.19,46000.0,49670.97,147332.002121,7303694688.601401,3570506,71742.003359,3558735468.0045953,0.0007988907004690127,0.07988907004690127,63575.0,-13904.029999999999,-21.87027919779787,0.004737742941864529,0.004146971614132222,0.003857053629150741,0.5%,0.4%,0.4%,24,,,56.06872307855222
2021-05-14 00:00:00+00:00,49671.92,51483.0,48799.75,49841.45,80082.204306,4015904915.407911,2095860,37184.128863,1864162620.5027146,0.0034321858421528795,0.34321858421528795,63575.0,-13733.550000000003,-21.60212347620921,0.005280495318821873,0.004633732587662093,0.004045018096065969,0.5%,0.5%,0.4%,24,,,56.06872307855222
2021-05-15 00:00:00+00:00,49844.16,50700.0,46555.0,46762.99,89437.449359,4350775846.517358,2286791,42257.918463,2056302844.861021,-0.061765056995733425,-6.176505699573342,63575.0,-16812.010000000002,-26.444372788045623,0.003013425949190414,0.00367946376422913,0.0049220971362985465,0.3%,0.4%,0.5%,24,,,56.06872307855222
2021-05-16 00:00:00+00:00,46762.99,49795.89,43825.39,46431.5,114269.812775,5367497608.115901,2661295,53797.590877,2528671396.1080194,-0.007088725507072957,-0.7088725507072957,63575.0,-17143.5,-26.965788438851746,0.004374972471891628,0.004621366903004314,0.005642372016696469,0.4%,0.5%,0.6%,24,,,56.06872307855222
2021-05-17 00:00:00+00:00,46426.83,46686.0,42001.0,43538.04,166657.172736,7346755531.933858,3216821,80610.146581,3555755756.3229218,-0.062316746174472026,-6.231674617447203,63575.0,-20036.96,-31.517042862760512,0.0025115127280710176,0.0025567488610294432,0.0023276904668902447,0.3%,0.3%,0.2%,24,,,56.06872307855222
2021-05-18 00:00:00+00:00,43538.02,45799.29,42250.02,42849.78,116979.860784,5146670282.547902,2561165,55703.00041,2450848779.21598,-0.015808244927883797,-1.5808244927883797,63575.0,-20725.22,-32.59963822257177,0.0019014752972440674,0.001861716858777432,0.002099698320408235,0.2%,0.2%,0.2%,24,,,56.06872307855222
2021-05-19 00:00:00+00:00,42849.78,43584.9,30000.0,36690.09,354347.243161,13477694934.871798,6331062,168271.347308,6410032516.523526,-0.1437507963868193,-14.375079638681932,63575.0,-26884.910000000003,-42.28849390483681,0.003647077629465316,0.004166451058000562,0.0048294339961690485,0.4%,0.4%,0.5%,24,,,56.06872307855222
2021-05-20 00:00:00+00:00,36671.23,42451.67,34850.0,40526.64,203017.596923,8019897067.17622,4269898,100167.126413,3959645913.2324944,0.10456638291157105,10.456638291157105,63575.0,-23048.36,-36.25381046008651,0.004539059222010356,0.004133981179395608,0.0037581344497706172,0.5%,0.4%,0.4%,24,,,56.06872307855222
2021-05-21 00:00:00+00:00,40525.39,42200.0,33488.0,37252.01,202100.888258,7713346610.274129,3993336,94002.431409,3591749386.78765,-0.08080191202626219,-8.080191202626219,63575.0,-26322.989999999998,-41.40462445930003,0.003122941674983109,0.0036072684793085406,0.003958488452610791,0.3%,0.4%,0.4%,24,,,56.06872307855222
2021-05-22 00:00:00+00:00,37263.35,38829.0,35200.62,37449.73,126542.243689,4730567647.674401,2716691,63310.452012,2367081500.530058,0.005307633064632,0.5307633064632,63575.0,-26125.269999999997,-41.09362170664569,0.003189559621992533,0.003299390450409112,0.0036516710820223342,0.3%,0.3%,0.4%,24,,,56.06872307855222
2021-05-23 00:00:00+00:00,37458.51,38270.64,31111.01,34655.25,217136.046593,7431242463.203842,4082004,104637.659409,3584259319.7463818,-0.07461949658916112,-7.461949658916112,63575.0,-28919.75,-45.489186000786475,0.0036826940249287117,0.0037258546404922844,0.004586628579321401,0.4%,0.4%,0.5%,24,,,56.06872307855222
2021-05-24 00:00:00+00:00,34681.44,39920.0,34031.0,38796.29,161630.89397099998,5996773032.151345,3510578,81584.825314,3031032098.518881,0.1194924289970496,11.94924289970496,63575.0,-24778.71,-38.97555642941407,0.0032175836093892244,0.003577813697431425,0.003638981650785434,0.3%,0.4%,0.4%,24,,,56.06872307855222
2021-05-25 00:00:00+00:00,38810.99,39791.77,36419.62,38324.72,111996.228404,4253519579.378729,2508310,54153.536814,2057463609.950911,-0.012155028225637077,-1.2155028225637077,63575.0,-25250.28,-39.71731026346834,0.0043735003668947175,0.0038532132849428513,0.0037326233540571235,0.4%,0.4%,0.4%,24,,,56.06872307855222
2021-05-26 00:00:00+00:00,38324.72,40841.0,37800.44,39241.91,104780.773396,4113717505.2635546,2432319,50485.076994,1983423341.5599248,0.023932073084943717,2.3932073084943717,63575.0,-24333.089999999997,-38.27462052693669,0.0030387948788465416,0.0031630188309156007,0.0033152749851721374,0.3%,0.3%,0.3%,24,,,56.06872307855222
2021-05-27 00:00:00+00:00,39241.92,40411.14,37134.27,38529.98,86547.158794,3361413526.0535436,2102182,42256.012801,1641681553.5291371,-0.018142083298188116,-1.8142083298188116,63575.0,-25045.019999999997,-39.39444750294927,0.0039575537876826335,0.004104956898707068,0.0037428835048256004,0.4%,0.4%,0.4%,24,,,56.06872307855222
2021-05-28 00:00:00+00:00,38529.99,38877.83,34684.0,35663.49,135377.62972,4926260941.933614,2659178,64327.281853,2341060689.073459,-0.07439635317744797,-7.439635317744797,63575.0,-27911.510000000002,-43.90327959103422,0.0055097467615531255,0.005941707361095737,0.004951496663530555,0.6%,0.6%,0.5%,24,,,56.06872307855222
2021-05-29 00:00:00+00:00,35661.79,37338.58,33632.76,34605.15,112663.092689,3949843335.322595,2169643,54284.199652,1904345668.7790062,-0.029675727193272383,-2.9675727193272383,63575.0,-28969.85,-45.56799056232796,0.0037186254261527196,0.0037377452858000353,0.005000422403041224,0.4%,0.4%,0.5%,24,,,56.06872307855222
2021-05-30 00:00:00+00:00,34605.15,36488.0,33379.0,35641.27,73535.386967,2601994948.148242,1559892,37406.813903,1324617922.554574,0.029941208172771905,2.9941208172771905,63575.0,-27933.730000000003,-43.93823043649233,0.005453534032210565,0.005922450810727483,0.00495014440761679,0.5%,0.6%,0.5%,24,,,56.06872307855222
2021-05-31 00:00:00+00:00,35641.26,37499.0,34153.84,37253.81,94160.735289,3406047734.8311286,1896359,46337.932504000004,1677796724.0573614,0.04524361786210207,4.524361786210207,63575.0,-26321.190000000002,-41.40179315768777,0.003117223014302762,0.0036070899252928466,0.003957541382975486,0.3%,0.4%,0.4%,24,,,56.06872307855222
2021-06-01 00:00:00+00:00,37253.82,37894.81,35666.0,36693.09,81234.66377,2973928300.375587,1760417,40291.834851,1475008291.2336473,-0.015051346426043444,-1.5051346426043444,63575.0,-26881.910000000003,-42.28377506881637,0.0036324264509080702,0.004168047959800984,0.004807965993736822,0.4%,0.4%,0.5%,24,,,56.06872307855222
2021-06-02 00:00:00+00:00,36694.85,38225.0,35920.0,37568.68,67587.372495,2523462575.6884375,1530915,34328.496287,1281854474.9120827,0.02386253106511349,2.386253106511349,63575.0,-26006.32,-40.90651985843492,0.004159154387941417,0.0036040122040580705,0.0038684363325418754,0.4%,0.4%,0.4%,24,,,56.06872307855222
2021-06-03 00:00:00+00:00,37568.68,39476.0,37170.0,39246.79,75889.106011,2930945325.709207,1949658,38664.297849,1493504667.613802,0.044667792427096176,4.466779242709618,63575.0,-24328.21,-38.266944553676765,0.0030279095323976356,0.003164226442081975,0.0033108560557061134,0.3%,0.3%,0.3%,24,,,56.06872307855222
2021-06-04 00:00:00+00:00,39246.78,39289.07,35555.15,36829.0,91317.799245,3379399754.930523,1926311,43105.97173,1595098152.9668267,-0.06160478347401155,-6.160478347401154,63575.0,-26746.0,-42.06999606763665,0.004274263751140576,0.0038643936848559465,0.004687455402437359,0.4%,0.4%,0.5%,24,,,56.06872307855222
2021-06-05 00:00:00+00:00,36829.15,37925.0,34800.0,35513.2,70459.62149,2560547116.8364058,1463754,34397.77436,1249708171.2723918,-0.03572728013250437,-3.572728013250437,63575.0,-28061.800000000003,-44.13967754620527,0.006199851999066534,0.005679372752222942,0.0047938299367448,0.6%,0.6%,0.5%,24,,,56.06872307855222
2021-06-06 00:00:00+00:00,35516.07,36480.0,35222.0,35796.31,47650.206637,1711857075.0471697,993430,23661.260636,850204250.7625557,0.007971965353727573,0.7971965353727573,63575.0,-27778.690000000002,-43.69436099095557,0.005843526702785264,0.0060153101542738795,0.005136130753468015,0.6%,0.6%,0.5%,24,,,56.06872307855222
2021-06-07 00:00:00+00:00,35796.31,36900.0,33300.0,33552.79,77574.952573,2755673601.713914,1532260,36431.560586,1295757611.7086458,-0.06267461646186423,-6.2674616461864225,63575.0,-30022.21,-47.223295320487615,0.008240705184984367,0.008214629168504007,0.008852866039477669,0.8%,0.8%,0.9%,24,,,56.06872307855222
2021-06-08 00:00:00+00:00,33556.96,34068.01,31000.0,33380.81,123251.189037,4030784324.609684,2074885,60095.990201,1966354847.5691981,-0.00512565423024447,-0.512565423024447,63575.0,-30194.190000000002,-47.493810460086515,0.008455817278086216,0.008898180773907981,0.008894553194997518,0.8%,0.9%,0.9%,24,,,56.06872307855222
2021-06-09 00:00:00+00:00,33380.8,37534.79,32396.82,37388.05,136607.59751700002,4794741674.438823,2601479,68790.289265,2415789675.0859303,0.12004621817145855,12.004621817145855,63575.0,-26186.949999999997,-41.19064097522611,0.0029497147557205694,0.0033569068158263624,0.0036335611095406496,0.3%,0.3%,0.4%,24,,,56.06872307855222
2021-06-10 00:00:00+00:00,37388.05,38491.0,35782.0,36675.72,109527.284943,4062957162.3643003,2231430,53639.424022,1990486079.2177145,-0.0190523442650794,-1.9052344265079402,63575.0,-26899.28,-42.31109712937475,0.0036510893258528266,0.004249772107621427,0.004831815235508203,0.4%,0.4%,0.5%,24,,,56.06872307855222
2021-06-11 00:00:00+00:00,36677.83,37680.4,35936.77,37331.98,78466.0053,2903043643.310072,1727645,39406.719224,1458619433.2768435,0.017893581911957,1.7893581911957002,63575.0,-26243.019999999997,-41.27883602044828,0.0026797204443820234,0.003447108418214911,0.00367402960157612,0.3%,0.3%,0.4%,24,,,56.06872307855222
2021-06-12 00:00:00+00:00,37331.98,37463.63,34600.36,35546.11,87717.54999,3132387326.5375137,1719650,42571.205313,1520432734.299909,-0.047837537682169584,-4.783753768216958,63575.0,-28028.89,-44.08791191506095,0.0059559762916562104,0.005803825594864563,0.004875760279009061,0.6%,0.6%,0.5%,24,,,56.06872307855222
2021-06-13 00:00:00+00:00,35546.12,39380.0,34757.0,39020.57,86921.025555,3208991521.63768,1894103,45675.273616,1688611358.4117024,0.09774515411109674,9.774515411109675,63575.0,-24554.43,-38.62277624852536,0.0033034795001843434,0.003106120193489077,0.003675974869614855,0.3%,0.3%,0.4%,24,,,56.06872307855222
2021-06-14 00:00:00+00:00,39020.56,41064.05,38730.0,40516.29,108522.391949,4320307646.765389,2185089,53645.908744,2135285912.6205053,0.03833157742185733,3.8331577421857332,63575.0,-23058.71,-36.27009044435706,0.004551315109032143,0.004138444946289885,0.0037719710836409083,0.5%,0.4%,0.4%,24,,,56.06872307855222
2021-06-15 00:00:00+00:00,40516.28,41330.0,39506.4,40144.04,80679.622838,3247746713.6274095,1931890,39428.829726,1587381565.815413,-0.009187662542646469,-0.9187662542646469,63575.0,-23430.96,-36.85561934722769,0.003686478739939241,0.0034892626201740566,0.003410270078985629,0.4%,0.3%,0.3%,24,,,56.06872307855222
2021-06-16 00:00:00+00:00,40143.8,40527.14,38116.01,38349.01,87771.976937,3450556041.6005836,2134897,42137.242251,1657135674.8230217,-0.04471473224917066,-4.471473224917066,63575.0,-25225.989999999998,-39.679103421156114,0.0039548653244481065,0.0038354453735489125,0.0037238560506613312,0.4%,0.4%,0.4%,24,,,56.06872307855222
2021-06-17 00:00:00+00:00,38349.0,39559.88,37365.0,38092.97,79541.307119,3065622530.039886,1620210,37936.812673,1462729677.1158257,-0.006676573919378925,-0.6676573919378925,63575.0,-25482.03,-40.08184034604797,0.0037222366528101443,0.0033561212019154367,0.0034626553017270065,0.4%,0.3%,0.3%,24,,,56.06872307855222
2021-06-18 00:00:00+00:00,38092.97,38202.84,35129.29,35819.84,95228.042935,3507868126.3062024,1809253,44824.436567,1651613641.3868167,-0.05967321529405567,-5.967321529405567,63575.0,-27755.160000000003,-43.657349587101855,0.005760864562205655,0.005942792315189278,0.005141929735574174,0.6%,0.6%,0.5%,24,,,56.06872307855222
2021-06-19 00:00:00+00:00,35820.48,36457.0,34803.52,35483.72,68712.449461,2453817534.777169,1212278,33788.293345,1207082481.7647178,-0.00938362650419422,-0.938362650419422,63575.0,-28091.28,-44.186047974832874,0.006318728106183737,0.005662695022924237,0.004768191273114994,0.6%,0.6%,0.5%,24,,,56.06872307855222
2021-06-20 00:00:00+00:00,35483.72,36137.72,33336.0,35600.16,89878.17085,3124634336.8407607,1691871,44194.067387,1537385055.4929118,0.003281504870402685,0.3281504870402685,63575.0,-27974.839999999997,-44.00289421942587,0.0056468712283253356,0.00597588792515771,0.004954607255241388,0.6%,0.6%,0.5%,24,,,56.06872307855222
2021-06-21 00:00:00+00:00,35600.17,35750.0,31251.23,31608.93,168778.873159,5545926077.788067,2688993,81297.469751,2671033140.1889787,-0.11211269836989501,-11.211269836989501,63575.0,-31966.07,-50.280880849390485,0.006602184755242078,0.00878190094907949,0.00688303941458069,0.7%,0.9%,0.7%,24,,,56.06872307855222
2021-06-22 00:00:00+00:00,31614.12,33298.78,28805.0,32509.56,204208.17976199999,6406159197.076789,3113977,99149.182266,3115465362.9670815,0.028492897418546104,2.8492897418546104,63575.0,-31065.44,-48.86423908769169,0.011215007158863486,0.009498567460181405,0.008933639881266551,1.1%,0.9%,0.9%,24,,,56.06872307855222
2021-06-23 00:00:00+00:00,32509.56,34881.0,31683.0,33678.07,126966.100563,4282250433.919445,2026228,63340.033137,2136458765.586804,0.0359435809035864,3.5943580903586403,63575.0,-29896.93,-47.026236728273695,0.0070909854913405075,0.007576041548520284,0.008861425280045404,0.7%,0.8%,0.9%,24,,,56.06872307855222
2021-06-24 00:00:00+00:00,33675.07,35298.0,32286.57,34663.09,86625.80426,2925373222.105977,1531230,43994.708298,1486960778.326773,0.029248113089615835,2.9248113089615835,63575.0,-28911.910000000003,-45.47685410931971,0.0036623109621686384,0.0037246219651973045,0.004560780095178536,0.4%,0.4%,0.5%,24,,,56.06872307855222
2021-06-25 00:00:00+00:00,34663.08,35500.0,31275.0,31584.45,116061.130356,3846120542.6572967,2094932,55656.156252,1846078278.3047829,-0.08881608650584805,-8.881608650584806,63575.0,-31990.55,-50.319386551317336,0.006654757867856094,0.00878715042035836,0.006862048593601609,0.7%,0.9%,0.7%,24,,,56.06872307855222
2021-06-26 00:00:00+00:00,31576.09,32730.0,30151.0,32283.65,107820.375287,3376415451.793124,1814051,52978.159256,1659918820.240478,0.022137475878161617,2.2137475878161617,63575.0,-31291.35,-49.21958316948486,0.010529878318344416,0.009158872183962385,0.008638659308933486,1.1%,0.9%,0.9%,24,,,56.06872307855222
2021-06-27 00:00:00+00:00,32283.65,34749.0,31973.45,34700.34,96613.244211,3199980157.7503333,1799875,48772.52918,1616348030.4826243,0.07485801636432043,7.485801636432043,63575.0,-28874.660000000003,-45.418261895399134,0.0035545711248473302,0.003702741037246575,0.004391140385856524,0.4%,0.4%,0.4%,24,,,56.06872307855222
2021-06-28 00:00:00+00:00,34702.49,35297.71,33862.72,34494.89,82222.267819,2837122779.5244017,1868627,40552.29218,1399861431.1646347,-0.0059206912670018985,-0.5920691267001899,63575.0,-29080.11,-45.74142351553283,0.0038227251171186988,0.003625574272437952,0.005859182180219193,0.4%,0.4%,0.6%,24,,,56.06872307855222
2021-06-29 00:00:00+00:00,34494.89,36600.0,34225.43,35911.73,90788.79622,3233947791.8633885,1673802,45376.587629,1616093004.8521647,0.04107390978779768,4.107390978779768,63575.0,-27663.269999999997,-43.512811639795515,0.005208653215515483,0.0053306997591857355,0.005111295608852195,0.5%,0.5%,0.5%,24,,,56.06872307855222
2021-06-30 00:00:00+00:00,35911.72,36100.0,34017.55,35045.0,77152.197634,2688939291.095673,1301036,37035.769674,1290873346.2241626,-0.0241350110395685,-2.41350110395685,63575.0,-28530.0,-44.87613055446323,0.004702190746700652,0.004121681211447988,0.004130789598531158,0.5%,0.4%,0.4%,24,,,56.06872307855222
2021-07-01 00:00:00+00:00,35045.0,35057.57,32711.0,33504.69,71708.266112,2410809595.390457,1240681,34986.055016,1176002216.565681,-0.043952346982451096,-4.39523469824511,63575.0,-30070.309999999998,-47.2989539913488,0.008336511670485337,0.008515764237064901,0.008846721400832942,0.8%,0.9%,0.9%,24,,,56.06872307855222
2021-07-02 00:00:00+00:00,33502.33,33977.04,32699.0,33786.55,56172.181378,1870193042.393537,1176457,27271.658005,908203511.3411496,0.008412553585781524,0.8412553585781524,63575.0,-29788.449999999997,-46.85560361777428,0.005987179007012474,0.007464536714356972,0.008646069069955898,0.6%,0.7%,0.9%,24,,,56.06872307855222
2021-07-03 00:00:00+00:00,33786.54,34945.61,33316.73,34669.13,43044.578641,1478423023.503483,1078278,21331.875045,732586226.4725718,0.026122229111880113,2.6122229111880113,63575.0,-28905.870000000003,-45.467353519465206,0.0036695722926674045,0.003730078047088201,0.004538401991705778,0.4%,0.4%,0.5%,24,,,56.06872307855222
2021-07-04 00:00:00+00:00,34669.12,35967.85,34357.15,35286.51,43703.475789000004,1544458212.3926332,1164970,21180.335069,748187394.2395809,0.017807773082278322,1.7807773082278322,63575.0,-28288.489999999998,-44.49624852536373,0.006347654884066474,0.005223492493455369,0.004511169026078543,0.6%,0.5%,0.5%,24,,,56.06872307855222
2021-07-05 00:00:00+00:00,35288.13,35293.78,33125.55,33690.14,64123.874245,2183406257.4938293,1109367,31489.855372,1071967415.425311,-0.04524023486595874,-4.524023486595874,63575.0,-29884.86,-47.00725127801809,0.006793395996647839,0.007551785206478497,0.008855493775897621,0.7%,0.8%,0.9%,24,,,56.06872307855222
2021-07-06 00:00:00+00:00,33690.15,35118.88,33532.0,34220.01,58210.596349,1991691100.9482658,1184687,27801.954493,951269024.0379497,0.01572774705002722,1.5727747050027219,63575.0,-29354.989999999998,-46.17379473063311,0.004187871619591666,0.004578230831920928,0.007008361711838741,0.4%,0.5%,0.7%,24,,,56.06872307855222
2021-07-07 00:00:00+00:00,34220.02,35059.09,33777.77,33862.12,53807.521675,1857658028.480804,1041416,27294.923927,941984587.9756222,-0.010458500742694055,-1.0458500742694055,63575.0,-29712.879999999997,-46.73673613841919,0.005369667143540579,0.007168971033499768,0.008646197638795676,0.5%,0.7%,0.9%,24,,,56.06872307855222
2021-07-08 00:00:00+00:00,33862.11,33929.64,32077.0,32875.71,70136.48032,2304973020.298715,1257892,35104.655225,1152928339.821843,-0.02913019031295161,-2.913019031295161,63575.0,-30699.29,-48.288305151395996,0.008710276806429267,0.00995524461056278,0.009398605646436646,0.9%,1.0%,0.9%,24,,,56.06872307855222
2021-07-09 00:00:00+00:00,32875.71,34100.0,32261.07,33815.81,47153.939899,1562958239.3913763,1236351,23660.068601,784288611.1325287,0.028595580141082877,2.8595580141082877,63575.0,-29759.190000000002,-46.80957923712151,0.005736914451906073,0.007499410358656411,0.008649765618374494,0.6%,0.7%,0.9%,24,,,56.06872307855222
2021-07-10 00:00:00+00:00,33815.81,34262.0,33004.78,33502.87,34761.175468,1171790111.0829954,865508,17012.759197,573638406.5470238,-0.009254251191971874,-0.9254251191971874,63575.0,-30072.129999999997,-47.30181675186786,0.008293440938704832,0.008486131813678629,0.008837991725108308,0.8%,0.8%,0.9%,24,,,56.06872307855222
2021-07-11 00:00:00+00:00,33502.87,34666.0,33306.47,34258.99,31572.647448,1070033013.1920449,952891,16434.537508,557336788.6966077,0.022568812761414092,2.256881276141409,63575.0,-29316.010000000002,-46.11248132127409,0.0034109823086818157,0.004455508942553913,0.006789402245905485,0.3%,0.4%,0.7%,24,,,56.06872307855222
2021-07-12 00:00:00+00:00,34259.0,34678.43,32658.34,33086.63,48181.403762,1620646741.3349633,1176847,22602.907306,759877911.0350466,-0.03422050679252364,-3.422050679252364,63575.0,-30488.370000000003,-47.956539520251674,0.0082473637369613,0.008605457968123708,0.009143531802184326,0.8%,0.9%,0.9%,24,,,56.06872307855222
2021-07-13 00:00:00+00:00,33086.94,33340.0,32202.25,32729.77,41126.361008,1348583017.010343,956053,19588.278507,642576716.6041436,-0.010785625492834905,-1.0785625492834905,63575.0,-30845.23,-48.517860794337395,0.009383802235231664,0.009886048245093494,0.0093562768003629,0.9%,1.0%,0.9%,24,,,56.06872307855222
2021-07-14 00:00:00+00:00,32729.12,33114.03,31550.0,32820.02,46777.823484,1515692074.9875476,1123129,22516.485719,730009068.0708965,0.002757428481776625,0.2757428481776625,63575.0,-30754.980000000003,-48.37590247738892,0.009326877810396211,0.009957304112473978,0.009394292285947362,0.9%,1.0%,0.9%,24,,,56.06872307855222
2021-07-15 00:00:00+00:00,32820.03,33185.25,31133.0,31880.0,51639.576353000004,1652077965.43656,1099367,24866.405787,795831015.696149,-0.02864166444749261,-2.864166444749261,63575.0,-31695.0,-49.854502556036174,0.006704288829883713,0.008276228768923123,0.007305544175317445,0.7%,0.8%,0.7%,24,,,56.06872307855222
2021-07-16 00:00:00+00:00,31874.49,32249.18,31020.0,31383.87,48499.864154,1538342711.5796566,1067591,23963.744568000002,760274744.5520707,-0.015562421580928465,-1.5562421580928465,63575.0,-32191.13,-50.63488792764452,0.01060761430525859,0.00845678903614246,0.006498682286767855,1.1%,0.8%,0.6%,24,,,56.06872307855222
2021-07-17 00:00:00+00:00,31383.86,31955.92,31164.31,31520.07,34012.242132,1072815966.3363075,883442,16649.051308,525240023.82137984,0.004339808952815494,0.4339808952815494,63575.0,-32054.93,-50.42065277231615,0.00950706277861814,0.008733347458168117,0.006785610582745564,1.0%,0.9%,0.7%,24,,,56.06872307855222
2021-07-18 00:00:00+00:00,31520.07,32435.0,31108.97,31778.56,35923.716186,1140964365.6466014,760979,17554.182653,557709781.1191803,0.008200806660645155,0.8200806660645155,63575.0,-31796.44,-50.01406213134094,0.007369546219018404,0.009122258057559719,0.007214256474197632,0.7%,0.9%,0.7%,24,,,56.06872307855222
2021-07-19 00:00:00+00:00,31778.57,31899.0,30407.44,30839.65,47340.468499,1470563281.936503,846029,22709.510045,705480091.1446748,-0.02954539160994074,-2.954539160994074,63575.0,-32735.35,-51.49091624066063,0.003997762592669671,0.003689418268954142,0.0030019975395306343,0.4%,0.4%,0.3%,24,,,56.06872307855222
2021-07-20 00:00:00+00:00,30839.65,31063.07,29278.0,29790.35,61034.049017000005,1821230700.020391,1062139,28424.82505,847855259.1399384,-0.034024380951145794,-3.4024380951145794,63575.0,-33784.65,-53.141407786079434,0.0037108404929409623,0.0032979412732701296,0.002703718027311566,0.4%,0.3%,0.3%,24,,,56.06872307855222
2021-07-21 00:00:00+00:00,29790.34,32858.0,29482.61,32144.51,82796.265128,2603140706.0822244,1415058,42584.672219,1338356405.5419319,0.079024247784937,7.9024247784937,63575.0,-31430.49,-49.438442784113256,0.010107951088828282,0.00898366163982521,0.008463006655082013,1.0%,0.9%,0.8%,24,,,56.06872307855222
2021-07-22 00:00:00+00:00,32144.51,32591.35,31708.0,32287.83,46148.092433,1482763544.9505365,1000742,23274.512805,747848528.8767201,0.004458615172544311,0.44586151725443113,63575.0,-31287.17,-49.21300825796303,0.010525845050093957,0.009153933141625476,0.008635784795165167,1.1%,0.9%,0.9%,24,,,56.06872307855222
2021-07-23 00:00:00+00:00,32287.58,33650.0,31924.32,33634.09,50112.863626,1631947003.0730464,1394786,25018.977079,815391041.1933738,0.04169558623171632,4.169558623171632,63575.0,-29940.910000000003,-47.09541486433347,0.008264396176671681,0.007667634031961542,0.00886536535504977,0.8%,0.8%,0.9%,24,,,56.06872307855222
2021-07-24 00:00:00+00:00,33634.1,34500.0,33401.14,34258.14,47977.550138,1625046258.4365523,1196914,23937.617814,810983258.0424594,0.018554091994164246,1.8554091994164246,63575.0,-29316.86,-46.11381832481322,0.0034241463527724387,0.0044677635868863,0.006783619660972001,0.3%,0.4%,0.7%,24,,,56.06872307855222
2021-07-25 00:00:00+00:00,34261.51,35398.0,33851.12,35381.02,47852.928313,1646935552.8055446,1245775,24632.1493,848320775.42419,0.03277702759110679,3.277702759110679,63575.0,-28193.980000000003,-44.347589461266224,0.006173753999264883,0.005388187399223528,0.0046077023050221984,0.6%,0.5%,0.5%,24,,,56.06872307855222
2021-07-26 00:00:00+00:00,35381.02,40550.0,35205.78,37237.6,152452.512724,5832475057.065677,3330102,77191.346075,2953296773.15355,0.05247389702162342,5.247389702162342,63575.0,-26337.4,-41.42729060165159,0.0034518790343737817,0.003692290996896226,0.004051983638702498,0.3%,0.4%,0.4%,24,,,56.06872307855222
2021-07-27 00:00:00+00:00,37241.33,39542.61,36383.0,39457.87,88397.267015,3335658261.995547,1938478,45137.303439,1703810516.3378596,0.05962441188476175,5.962441188476175,63575.0,-24117.129999999997,-37.93492725127802,0.0035301117622454255,0.003210482290121766,0.0032308537222298594,0.4%,0.3%,0.3%,24,,,56.06872307855222
2021-07-28 00:00:00+00:00,39456.61,40900.0,38772.0,40019.56,101344.528441,4040889461.661528,2631048,49019.136276,1954994215.0046122,0.014235182993912021,1.4235182993912021,63575.0,-23555.440000000002,-37.05141958316949,0.0033234335161286556,0.0034219444252630905,0.0033004397834390177,0.3%,0.3%,0.3%,24,,,56.06872307855222
2021-07-29 00:00:00+00:00,40019.57,40640.0,39200.0,40016.48,53998.439283,2154190697.3453183,1428738,26700.926244000002,1065505374.5052506,-7.696236540322143e-05,-0.007696236540322143,63575.0,-23558.519999999997,-37.05626425481714,0.0033409493521270642,0.0034261367132246935,0.0033010067122126335,0.3%,0.3%,0.3%,24,,,56.06872307855222
2021-07-30 00:00:00+00:00,40018.49,42316.71,38313.23,42206.37,73602.784805,2939833541.3815365,1797012,37730.426862,1509172746.2039785,0.054724703422190046,5.472470342219005,63575.0,-21368.629999999997,-33.611686983877306,0.0023783952326871046,0.0024666219635770367,0.002632163514888276,0.2%,0.2%,0.3%,24,,,56.06872307855222
2021-07-31 00:00:00+00:00,42206.36,42448.0,41000.15,41461.83,44849.791012,1868285510.8846788,1565380,22844.24505,951887855.6214969,-0.01764046517148954,-1.7640465171489539,63575.0,-22113.17,-34.78280770743216,0.003173459354880597,0.004691660764612821,0.004617852723036446,0.3%,0.5%,0.5%,24,,,56.06872307855222
2021-08-01 00:00:00+00:00,41461.84,42599.0,39422.01,39845.44,53953.186326,2227567271.4878654,1603964,25796.753795,1066579608.8398235,-0.03898501344489613,-3.8985013444896133,63575.0,-23729.559999999998,-37.325300825796305,0.003299690026869682,0.003342296479092876,0.0033428339327607735,0.3%,0.3%,0.3%,24,,,56.06872307855222
2021-08-02 00:00:00+00:00,39850.27,40480.01,38690.0,39147.82,50837.351954,2010928003.5944088,1162878,24558.005343,971596720.9467593,-0.017508151497385938,-1.7508151497385938,63575.0,-24427.18,-38.422618953991346,0.002603078550312198,0.003041328714242605,0.0033758427928503782,0.3%,0.3%,0.3%,24,,,56.06872307855222
2021-08-03 00:00:00+00:00,39146.86,39780.0,37642.03,38207.05,57117.435853,2195360658.567329,1379871,27683.466598,1064118781.8498573,-0.0240312231945482,-2.40312231945482,63575.0,-25367.949999999997,-39.90239874164372,0.004180131217679081,0.0036272035184760788,0.0036390247038994125,0.4%,0.4%,0.4%,24,,,56.06872307855222
2021-08-04 00:00:00+00:00,38207.04,39969.66,37508.56,39723.18,52329.35243,2028792778.1848047,1220555,26804.211169,1039347051.5555266,0.0396819435156599,3.96819435156599,63575.0,-23851.82,-37.51760912308298,0.0035561517655707743,0.0035616754943269225,0.00331875686655468,0.4%,0.4%,0.3%,24,,,56.06872307855222
2021-08-05 00:00:00+00:00,39723.17,41350.0,37332.7,40862.46,84343.755621,3314527738.339733,1913281,41673.129081,1638359889.802016,0.028680483284570846,2.8680483284570846,63575.0,-22712.54,-35.72558395595753,0.004812100132572724,0.004691129926272847,0.004183461722400695,0.5%,0.5%,0.4%,24,,,56.06872307855222
2021-08-06 00:00:00+00:00,40862.46,43392.43,39853.86,42836.87,75753.941347,3148022459.9161587,2223356,38278.004758,1591634314.1008012,0.04831843212572129,4.831843212572129,63575.0,-20738.129999999997,-32.619944946913094,0.0018032161378464787,0.0018802860562612362,0.0020741416322881514,0.2%,0.2%,0.2%,24,,,56.06872307855222
2021-08-07 00:00:00+00:00,42836.87,44700.0,42446.41,44572.54,73396.740808,3197407326.036793,2258213,37355.623845,1627865923.8789735,0.040518133094224584,4.051813309422458,63575.0,-19002.46,-29.889830908375934,0.005587491619422144,0.004535216083210931,0.0036175905371528304,0.6%,0.5%,0.4%,24,,,56.06872307855222
2021-08-08 00:00:00+00:00,44572.54,45310.0,43261.0,43794.37,69329.092698,3074924734.87934,1857112,34099.15066,1512451140.398916,-0.017458506964153186,-1.7458506964153186,63575.0,-19780.629999999997,-31.113849783720017,0.0023422154819940453,0.0023285494211570043,0.002384036197284438,0.2%,0.2%,0.2%,24,,,56.06872307855222
2021-08-09 00:00:00+00:00,43794.36,46454.15,42779.0,46253.4,74587.884845,3362870286.258118,2130595,38464.605429999996,1735618666.8181322,0.056149454827184364,5.614945482718436,63575.0,-17321.6,-27.24593000393236,0.004512200609060174,0.005720413068267726,0.005891838695136745,0.5%,0.6%,0.6%,24,,,56.06872307855222
2021-08-10 00:00:00+00:00,46248.87,46700.0,44589.46,45584.99,53814.643421,2452485823.9336543,1951330,26592.369314,1212338434.7318356,-0.014451045760960346,-1.4451045760960346,63575.0,-17990.010000000002,-28.297302398741643,0.006350275792433294,0.006178402581831214,0.005408750651034932,0.6%,0.6%,0.5%,24,,,56.06872307855222
2021-08-11 00:00:00+00:00,45585.0,46743.47,45341.14,45511.0,52734.901977,2432788769.8326964,1862925,27064.393843,1248929298.8285875,-0.0016231219969555788,-0.16231219969555788,63575.0,-18064.0,-28.4136846244593,0.0064476719105665894,0.006276096600779319,0.005350033038465953,0.6%,0.6%,0.5%,24,,,56.06872307855222
2021-08-12 00:00:00+00:00,45510.67,46218.12,43770.0,44399.0,55266.108781,2478758524.8641763,1623329,26765.08804,1200329050.573911,-0.024433653402474165,-2.4433653402474165,63575.0,-19176.0,-30.162799842705468,0.004597243599943389,0.0037253630813181846,0.003088727602504511,0.5%,0.4%,0.3%,24,,,56.06872307855222
2021-08-13 00:00:00+00:00,44400.06,47886.0,44217.39,47800.0,48239.370431,2239435701.1177917,1804716,25367.988236,1177391788.09299,0.07660082434289062,7.660082434289062,63575.0,-15775.0,-24.81321274085726,0.002907126199707611,0.0028136405777491463,0.002674040300781226,0.3%,0.3%,0.3%,20,,,56.06872307855222
2021-08-14 00:00:00+00:00,47799.99,48144.0,45971.03,47068.51,46114.359022,2166461458.668249,1849556,22999.528519,1080741765.6874592,-0.015303138075313805,-1.5303138075313805,63575.0,-16506.489999999998,-25.963806527723154,0.002442406281324726,0.002663564194509376,0.003471884356409144,0.2%,0.3%,0.3%,24,,,56.06872307855222
2021-08-15 00:00:00+00:00,47068.5,47372.27,45500.0,46973.82,42110.711334,1950753713.2121248,1580122,21129.919776,979120004.2028339,-0.002011748406737346,-0.2011748406737346,63575.0,-16601.18,-26.112748721981916,0.0027312285491012784,0.002841496584186167,0.003911418830586262,0.3%,0.3%,0.4%,24,,,56.06872307855222
2021-08-16 00:00:00+00:00,46973.82,48053.83,45660.0,45901.29,52480.574014,2462127629.6090236,1655378,25847.872438,1213162181.6654189,-0.022832505425362415,-2.2832505425362415,63575.0,-17673.71,-27.79977978765238,0.006543259098901451,0.006514913648072676,0.005759101333365578,0.7%,0.7%,0.6%,24,,,56.06872307855222
2021-08-17 00:00:00+00:00,45901.3,47160.0,44376.0,44695.95,57039.341629,2616339597.9157424,1781303,27320.261808,1253906922.582097,-0.026259392709878204,-2.6259392709878204,63575.0,-18879.050000000003,-29.695713723948103,0.0057704166118167834,0.004778741278830448,0.0038360444132303773,0.6%,0.5%,0.4%,24,,,56.06872307855222
2021-08-18 00:00:00+00:00,44695.95,46000.0,44203.28,44705.29,54099.415985,2439673265.947117,1656723,28538.223727,1286718404.7064972,0.00020896747915655212,0.02089674791565521,63575.0,-18869.71,-29.68102241447109,0.005764319132620471,0.004786391664653035,0.003844187640248343,0.6%,0.5%,0.4%,24,,,56.06872307855222
2021-08-19 00:00:00+00:00,44699.37,47033.0,43927.7,46760.62,53411.75392,2416320067.133769,1774382,27193.50515,1230827552.4101412,0.04597509601212746,4.597509601212746,63575.0,-16814.379999999997,-26.448100668501763,0.00301522974437564,0.003688351101117017,0.004923648635662028,0.3%,0.4%,0.5%,24,,,56.06872307855222
2021-08-20 00:00:00+00:00,46760.62,49382.99,46622.99,49322.47,56850.352228,2721131744.2778172,1950404,29725.885112,1422944576.3472955,0.05478648486696702,5.478648486696702,63575.0,-14252.529999999999,-22.41845064883995,0.0037214277046983373,0.0033692778318687253,0.0034898359891450516,0.4%,0.3%,0.3%,24,,,56.06872307855222
2021-08-21 00:00:00+00:00,49322.47,49757.04,48222.0,48821.87,46745.136584,2290966131.376161,2069725,23119.673786,1133342367.7445276,-0.01014953225173032,-1.014953225173032,63575.0,-14753.129999999997,-23.205867086118747,0.0031883395462022524,0.0036963489200096495,0.0033229504128125717,0.3%,0.4%,0.3%,24,,,56.06872307855222
2021-08-22 00:00:00+00:00,48821.88,49500.0,48050.0,49239.22,37007.887795,1807169840.1691713,1610192,18587.877551999998,907708162.1109709,0.008548423073512001,0.8548423073512001,63575.0,-14335.779999999999,-22.54939834840739,0.00334561784921351,0.00327319208356619,0.003398784703111616,0.3%,0.3%,0.3%,24,,,56.06872307855222
2021-08-23 00:00:00+00:00,49239.22,50500.0,49029.0,49488.85,52462.541954,2616721363.685172,2143309,26218.97512,1307817635.390983,0.005069739122593786,0.5069739122593786,63575.0,-14086.150000000001,-22.15674400314589,0.004009699810072061,0.003701196813785927,0.003673491522701435,0.4%,0.4%,0.4%,24,,,56.06872307855222
2021-08-24 00:00:00+00:00,49488.85,49860.0,47600.0,47674.01,51014.594748,2486079315.5644236,1692896,24702.923443,1203899649.6998262,-0.03667169473527865,-3.667169473527865,63575.0,-15900.989999999998,-25.01138812426268,0.002691530151345235,0.00267601327271007,0.0026260888296267175,0.3%,0.3%,0.3%,24,,,56.06872307855222
2021-08-25 00:00:00+00:00,47674.01,49264.3,47126.28,48973.32,44655.830342,2149442271.5264206,1559186,21796.877672,1049712097.3482182,0.027254053099372122,2.725405309937212,63575.0,-14601.68,-22.967644514353125,0.0030132729757791333,0.0033850582437761467,0.003349837205532508,0.3%,0.3%,0.3%,24,,,56.06872307855222
2021-08-26 00:00:00+00:00,48973.32,49352.84,46250.0,46843.87,49371.277774,2333900030.229628,1532753,23686.563496,1120008931.619874,-0.04348183868277655,-4.348183868277655,63575.0,-16731.129999999997,-26.31715296893432,0.00284885840582021,0.003228492274000129,0.004685653977847817,0.3%,0.3%,0.5%,24,,,56.06872307855222
2021-08-27 00:00:00+00:00,46843.86,49149.93,46348.0,49069.9,42068.104965,2007071230.219995,1320503,21727.05079,1036769755.559603,0.047520198480612175,4.7520198480612175,63575.0,-14505.099999999999,-22.815729453401488,0.003175632345429534,0.003145398421232917,0.003363915606811821,0.3%,0.3%,0.3%,24,,,56.06872307855222
2021-08-28 00:00:00+00:00,49069.9,49299.0,48346.88,48895.35,26681.063786,1303966035.7705495,793012,13895.763676999999,679193791.5995204,-0.0035571704853688546,-0.35571704853688546,63575.0,-14679.650000000001,-23.090287062524585,0.0032083005906017037,0.003523031787160567,0.003343993009149951,0.3%,0.4%,0.3%,24,,,56.06872307855222
2021-08-29 00:00:00+00:00,48895.35,49632.27,47762.54,48767.83,32652.283473,1588661416.3603797,1193046,16157.043096000001,786599088.6916698,-0.0026080189629483774,-0.26080189629483774,63575.0,-14807.169999999998,-23.290869052300433,0.003135094618112641,0.00364318466476682,0.003275175796575603,0.3%,0.4%,0.3%,24,,,56.06872307855222
2021-08-30 00:00:00+00:00,48767.84,48888.61,46853.0,46982.91,40288.35083,1932344430.923926,1204012,19637.84056,942218565.0215595,-0.036600357243699366,-3.6600357243699366,63575.0,-16592.089999999997,-26.098450648839943,0.0027516013110007627,0.002823078848127866,0.0038817373059307756,0.3%,0.3%,0.4%,24,,,56.06872307855222
2021-08-31 00:00:00+00:00,46982.91,48246.11,46700.0,47100.89,48645.52737,2303799571.3822727,1300400,24426.21235,1156878830.6908386,0.0025111258540604364,0.25111258540604364,63575.0,-16474.11,-25.912874557609122,0.0025935758102903724,0.0026582834544450163,0.0034370669090554523,0.3%,0.3%,0.3%,24,,,56.06872307855222
2021-09-01 00:00:00+00:00,47100.89,49156.0,46512.0,48810.52,49904.65528,2386074445.415852,1280384,25102.36864,1200480555.049387,0.036297190987261585,3.6297190987261585,63575.0,-14764.480000000003,-23.223720015729455,0.00320752651593175,0.003707699190706822,0.003319518891903276,0.3%,0.4%,0.3%,24,,,56.06872307855222
2021-09-02 00:00:00+00:00,48810.51,50450.13,48584.06,49246.64,54410.770538,2704192314.674689,1549849,28351.807225,1409412062.219681,0.008934959103078732,0.8934959103078732,63575.0,-14328.36,-22.537727093983484,0.0033092957772442185,0.0032715575081149082,0.003392125714657008,0.3%,0.3%,0.3%,24,,,56.06872307855222
2021-09-03 00:00:00+00:00,49246.63,51000.0,48316.84,49999.14,59025.644157,2949574478.071738,1645163,29625.443383,1481238133.394633,0.015280230285761531,1.5280230285761531,63575.0,-13575.86,-21.354085725521045,0.006058406068033217,0.005177801426836235,0.004343683449010785,0.6%,0.5%,0.4%,24,,,56.06872307855222
2021-09-04 00:00:00+00:00,49998.0,50535.69,49370.0,49915.64,34664.65959,1733527136.4442587,1225830,16739.703849999998,837225473.735276,-0.001670028724494066,-0.1670028724494066,63575.0,-13659.36,-21.485426661423514,0.005228012536341919,0.0046831742937524035,0.004064076470241105,0.5%,0.5%,0.4%,24,,,56.06872307855222
2021-09-05 00:00:00+00:00,49917.54,51900.0,49450.0,51756.88,40544.835873,2049212025.844659,1417660,21557.235864,1090239906.6856637,0.036887035806813184,3.6887035806813184,63575.0,-11818.120000000003,-18.58925678332678,0.005140001342275597,0.004985248800125314,0.005455743277135635,0.5%,0.5%,0.5%,24,,,56.06872307855222
2021-09-06 00:00:00+00:00,51756.88,52780.0,50969.33,52663.9,49249.667081,2549290983.0568776,1678015,24620.352525,1274643403.547947,0.017524626677651423,1.7524626677651423,63575.0,-10911.099999999999,-17.162563900904438,0.011010595167715118,0.008722958220264797,0.007229908322103148,1.1%,0.9%,0.7%,24,,,56.06872307855222
2021-09-07 00:00:00+00:00,52666.2,52920.0,42843.05,46863.73,123048.802719,6004105772.870443,3321711,57935.601976,2832268574.038726,-0.11013559573066178,-11.013559573066178,63575.0,-16711.269999999997,-26.285914274478962,0.0027317040739102947,0.0029636631390378117,0.004675685730514718,0.3%,0.3%,0.5%,24,,,56.06872307855222
2021-09-08 00:00:00+00:00,46868.57,47340.99,44412.02,46048.31,65069.3152,3000605793.9389606,1796101,31796.7476,1466544608.2678735,-0.017399810044996578,-1.7399810044996578,63575.0,-17526.690000000002,-27.56852536374361,0.005085992748301652,0.0060309206362873955,0.005831994667634256,0.5%,0.6%,0.6%,24,,,56.06872307855222
2021-09-09 00:00:00+00:00,46048.31,47399.97,45513.08,46395.14,50651.66002,2351862983.5182414,1567586,24183.38803,1122994690.9093316,0.007531872505201598,0.7531872505201598,63575.0,-17179.86,-27.022980731419587,0.004440054474480211,0.004758216200067277,0.005816773984451949,0.4%,0.5%,0.6%,24,,,56.06872307855222
2021-09-10 00:00:00+00:00,46395.14,47033.0,44132.29,44850.91,49048.26618,2243698626.0395164,1569941,24358.59799,1114490733.8792434,-0.033284305209554166,-3.3284305209554166,63575.0,-18724.089999999997,-29.451970114038527,0.005500042702676016,0.005094670784612327,0.004094786985358764,0.6%,0.5%,0.4%,24,,,56.06872307855222
2021-09-11 00:00:00+00:00,44842.2,45987.93,44722.22,45173.69,30440.4081,1380370764.0127168,1060890,14804.3426,671123069.5623685,0.007196732463176314,0.7196732463176314,63575.0,-18401.309999999998,-28.944254817145097,0.006211976619566202,0.006010881547294855,0.004818292540814732,0.6%,0.6%,0.5%,24,,,56.06872307855222
2021-09-12 00:00:00+00:00,45173.68,46460.0,44742.06,46025.24,32094.28052,1464780920.2199812,1179808,15735.45104,718436012.7588656,0.0188505743055305,1.8850574305530499,63575.0,-17549.760000000002,-27.604813212740865,0.0057701144815765605,0.006079949536417725,0.005826809529617415,0.6%,0.6%,0.6%,24,,,56.06872307855222
2021-09-13 00:00:00+00:00,46025.23,46880.0,43370.0,44940.73,65429.15056,2930668118.2616343,1703512,32041.05972,1435586958.7798681,-0.02356337522628882,-2.356337522628882,63575.0,-18634.269999999997,-29.310688163586306,0.00619325644997498,0.005541813709368637,0.004422478770672965,0.6%,0.6%,0.4%,24,,,56.06872307855222
2021-09-14 00:00:00+00:00,44940.72,47250.0,44594.44,47111.52,44855.85099,2072259519.0619197,1210258,22182.46649,1025156547.7189184,0.04830339872093736,4.830339872093736,63575.0,-16463.480000000003,-25.896154148643337,0.002609818742420007,0.0026642673303358495,0.003430066669033603,0.3%,0.3%,0.3%,24,,,56.06872307855222
2021-09-15 00:00:00+00:00,47103.28,48500.0,46682.32,48121.41,43204.71174,2056996398.8439617,1176050,20903.53535,995198313.7474111,0.02143615828994716,2.143615828994716,63575.0,-15453.589999999997,-24.307652379079826,0.0028689647111327676,0.0029273673908160416,0.0027952858716281752,0.3%,0.3%,0.3%,24,,,56.06872307855222
2021-09-16 00:00:00+00:00,48121.4,48557.0,47021.1,47737.82,40725.08895,1948447232.9107177,1176129,19907.79151,952502982.8119017,-0.007971295936673561,-0.7971295936673561,63575.0,-15837.18,-24.91101848210775,0.002558954446130977,0.0026460174598542095,0.002596142771526943,0.3%,0.3%,0.3%,24,,,56.06872307855222
2021-09-17 00:00:00+00:00,47737.81,48150.0,46699.56,47299.98,34461.92776,1637122049.4128377,1033968,16599.46162,788563444.4133477,-0.009171763603784133,-0.9171763603784133,63575.0,-16275.019999999997,-25.599716869838772,0.002502659256108631,0.002512470935919842,0.0028872461360854697,0.3%,0.3%,0.3%,24,,,56.06872307855222
2021-09-18 00:00:00+00:00,47299.98,48843.2,47035.56,48292.74,30906.47038,1491461627.9514225,976346,15219.90487,734476256.0995072,0.020988592384182825,2.0988592384182825,63575.0,-15282.260000000002,-24.03815965395203,0.00358038829228054,0.0032779220174756754,0.003008876853998785,0.4%,0.3%,0.3%,24,,,56.06872307855222
2021-09-19 00:00:00+00:00,48292.75,48372.83,46829.18,47241.75,29847.24349,1421642879.4932063,909785,14346.79979,683249734.0721828,-0.02176289852263502,-2.176289852263502,63575.0,-16333.25,-25.69130947699567,0.002483168269004899,0.0025228379577569363,0.0031802767697760117,0.2%,0.3%,0.3%,24,,,56.06872307855222
2021-09-20 00:00:00+00:00,47241.75,47347.25,42500.0,43015.62,78003.524443,3457139274.300071,1842231,36108.362951,1600107748.5660272,-0.08945752432964482,-8.945752432964483,63575.0,-20559.379999999997,-32.33878096736138,0.0019572816266337162,0.002031228113015954,0.0021109900390281554,0.2%,0.2%,0.2%,24,,,56.06872307855222
2021-09-21 00:00:00+00:00,43016.64,43639.0,39600.0,40734.38,84534.080485,3551997786.6903553,1820721,38942.74356,1637800328.5038831,-0.05303282853995839,-5.303282853995839,63575.0,-22840.620000000003,-35.92704679512387,0.004665237737129155,0.00452765292321282,0.004060227527393453,0.5%,0.5%,0.4%,24,,,56.06872307855222
2021-09-22 00:00:00+00:00,40734.09,44000.55,40565.39,43543.61,58349.055420000004,2482639471.907596,1304011,29321.5066,1248027083.190341,0.0689645945267856,6.8964594526785605,63575.0,-20031.39,-31.508281557215888,0.0024726424402966144,0.0025426012950118333,0.002328399947995587,0.2%,0.3%,0.2%,24,,,56.06872307855222
2021-09-23 00:00:00+00:00,43546.37,44978.0,43069.09,44865.26,48699.57655,2147211305.482089,1196106,24503.00365,1080404499.5649571,0.03035232953813427,3.035232953813427,63575.0,-18709.739999999998,-29.42939834840739,0.005441137729941584,0.005096535100109164,0.004100675735282043,0.5%,0.5%,0.4%,24,,,56.06872307855222
2021-09-24 00:00:00+00:00,44865.26,45200.0,40675.0,42810.57,84113.426292,3596718231.0505486,1819744,41952.776582,1794510963.7797813,-0.045796903885099605,-4.5796903885099605,63575.0,-20764.43,-32.661313409359025,0.0016895505265519467,0.0018946061642034224,0.002093888951099018,0.2%,0.2%,0.2%,24,,,56.06872307855222
2021-09-25 00:00:00+00:00,42810.58,42966.84,41646.28,42670.64,33594.57189,1428238748.2095258,949787,16555.7295,703947971.383276,-0.003268585304984306,-0.3268585304984306,63575.0,-20904.36,-32.88141565080613,0.0020799586578876374,0.0022668543176008566,0.0023118483116810443,0.2%,0.2%,0.2%,24,,,56.06872307855222
2021-09-26 00:00:00+00:00,42670.63,43950.0,40750.0,43160.9,49879.99765,2124657079.2797766,1374145,24762.74447,1055225792.1285858,0.011489398799736872,1.1489398799736872,63575.0,-20414.1,-32.11026346834447,0.0020055054123558243,0.001978688078119195,0.001997007878271844,0.2%,0.2%,0.2%,24,,,56.06872307855222
2021-09-27 00:00:00+00:00,43160.9,44350.0,42098.0,42147.35,39776.84383,1728912299.8034244,1001487,19307.85346,839585982.3907081,-0.023483059899121694,-2.3483059899121694,63575.0,-21427.65,-33.704522217852926,0.0025880112473567096,0.002482397188702501,0.002728008932451742,0.3%,0.2%,0.3%,24,,,56.06872307855222
2021-09-28 00:00:00+00:00,42147.35,42787.38,40888.0,41026.54,43372.2624,1816305387.8388581,1045389,20710.0903,867306872.2124455,-0.026592656477809395,-2.6592656477809395,63575.0,-22548.46,-35.46749508454581,0.005383662785655257,0.005040734394181374,0.004415754425527873,0.5%,0.5%,0.4%,24,,,56.06872307855222
2021-09-29 00:00:00+00:00,41025.01,42590.0,40753.88,41524.28,33511.53487,1399625476.0563762,884909,16338.4266,682466342.7870586,0.012132146654336484,1.2132146654336484,63575.0,-22050.72,-34.68457727093983,0.0030809207034508228,0.00467238884130297,0.004548857903602872,0.3%,0.5%,0.5%,22,,,56.06872307855222
2021-09-30 00:00:00+00:00,41524.29,44141.37,41410.17,43824.1,46381.227810000004,2005486003.5646772,1197815,23348.939739999998,1009687948.2258335,0.05538494586781506,5.538494586781506,63575.0,-19750.9,-31.06708611875738,0.0024577425899631887,0.002245437978355031,0.00239558433583404,0.2%,0.2%,0.2%,24,,,56.06872307855222
2021-10-01 00:00:00+00:00,43820.01,48495.0,43283.03,48141.61,66244.87492,3076094886.592474,1771237,34156.88321,1585411525.337827,0.09851907968446594,9.851907968446593,63575.0,-15433.39,-24.27587888320881,0.0027499991195187048,0.0029444618923092445,0.002803216192249573,0.3%,0.3%,0.3%,24,,,56.06872307855222
2021-10-02 00:00:00+00:00,48141.6,48336.59,47430.18,47634.9,30508.98131,1459064880.5324447,996116,15180.50362,726007609.1562026,-0.010525406192273157,-1.0525406192273157,63575.0,-15940.099999999999,-25.07290601651593,0.002766459059030763,0.0026665685498337235,0.0026057117000294365,0.3%,0.3%,0.3%,24,,,56.06872307855222
2021-10-03 00:00:00+00:00,47634.89,49228.08,47088.0,48200.01,30825.05601,1482764462.1905773,1114294,15426.81514,742443046.4075491,0.011863360687227154,1.1863360687227154,63575.0,-15374.989999999998,-24.184018875344083,0.0032197787597478002,0.0031547303575337666,0.0028881607191602173,0.3%,0.3%,0.3%,24,,,56.06872307855222
2021-10-04 00:00:00+00:00,48200.01,49536.12,46891.0,49224.94,46796.49372,2258464361.1263566,1437692,23032.4914,1112232800.7886517,0.021264103472177665,2.1264103472177665,63575.0,-14350.059999999998,-22.571860007864718,0.003263612071383768,0.0032323423302027033,0.003381750918083041,0.3%,0.3%,0.3%,24,,,56.06872307855222
2021-10-05 00:00:00+00:00,49224.93,51886.3,49022.4,51471.99,52125.66793,2618101829.0177226,1641651,26687.41046,1341045872.9987288,0.045648608205515195,4.5648608205515195,63575.0,-12103.010000000002,-19.037373181281957,0.005519288534899444,0.005637438427377817,0.00548256521335617,0.6%,0.6%,0.5%,24,,,56.06872307855222
2021-10-06 00:00:00+00:00,51471.99,55750.0,50382.41,55315.0,79877.545181,4236927265.381522,2443126,40664.027517,2158326113.6632404,0.07466216091509192,7.466216091509192,63575.0,-8260.0,-12.992528509634294,0.004899271203247919,0.004514105363945813,0.011369198129142045,0.5%,0.5%,1.1%,24,,,56.06872307855222
2021-10-07 00:00:00+00:00,55315.0,55332.31,53357.0,53785.22,54917.37766,2983143121.088643,1703147,26485.89849,1438826617.038987,-0.027655789568833078,-2.765578956883308,63575.0,-9789.779999999999,-15.398788832088083,0.019258053384864873,0.015235472282507562,0.011414449280961582,1.9%,1.5%,1.1%,24,,,56.06872307855222
2021-10-08 00:00:00+00:00,53785.22,56100.0,53617.61,53951.43,46160.25785,2522087625.0940795,1548832,22643.193339999998,1237799956.8681743,0.003090254162760653,0.3090254162760653,63575.0,-9623.57,-15.137349587101845,0.018641562434332105,0.015129860092991724,0.011435464889254841,1.9%,1.5%,1.1%,24,,,56.06872307855222
2021-10-09 00:00:00+00:00,53955.67,55489.0,53661.67,54949.72,55177.08013,3024862790.6955924,1609483,27686.74749,1518044340.2089689,0.01850349471737811,1.850349471737811,63575.0,-8625.279999999999,-13.56709398348407,0.003906514734718844,0.004283864938437537,0.011380102764368533,0.4%,0.4%,1.1%,24,,,56.06872307855222
2021-10-10 00:00:00+00:00,54949.72,56561.31,54080.0,54659.0,89237.836128,4923958325.389876,2427176,44656.915748,2464422246.842279,-0.005290654802244665,-0.5290654802244665,63575.0,-8916.0,-14.024380652772317,0.003713690022204671,0.006824691680089102,0.011413096764457354,0.4%,0.7%,1.1%,24,,,56.06872307855222
2021-10-11 00:00:00+00:00,54659.01,57839.04,54415.06,57471.35,52933.165751,2994673617.7236485,1690409,26858.829013,1519825843.1170495,0.05145264274867811,5.145264274867811,63575.0,-6103.6500000000015,-9.600707825403065,0.0024262682168399853,0.002681468580752959,0.002842923339949363,0.2%,0.3%,0.3%,24,,,56.06872307855222
2021-10-12 00:00:00+00:00,57471.35,57680.0,53879.0,55996.93,53471.2855,3017210682.88595,1554412,26157.44247,1477084242.54916,-0.025654869774244027,-2.5654869774244027,63575.0,-7578.07,-11.919889893826186,0.006377522255747955,0.005855554847158997,0.005325357204784392,0.6%,0.6%,0.5%,24,,,56.06872307855222
2021-10-13 00:00:00+00:00,55996.91,57777.0,54167.19,57367.0,55808.44492,3123307687.477303,1610489,27985.13207,1566812325.67564,0.02446687702343686,2.446687702343686,63575.0,-6208.0,-9.764844671647666,0.0026089372308914036,0.002707611486800174,0.0030587148940712486,0.3%,0.3%,0.3%,24,,,56.06872307855222
2021-10-14 00:00:00+00:00,57370.83,58532.54,56818.05,57347.94,43053.336781,2481915791.591235,1372048,21940.264979,1265138476.8655941,-0.00033224676207577186,-0.033224676207577186,63575.0,-6227.059999999998,-9.794825009830909,0.0026351122701415426,0.0027579690400546908,0.0031241073921269877,0.3%,0.3%,0.3%,24,,,56.06872307855222
2021-10-15 00:00:00+00:00,57347.94,62933.0,56850.0,61672.42,82512.908022,4959389368.726733,2649137,43913.676331,2638969873.669803,0.0754077653007239,7.540776530072391,63575.0,-1902.5800000000017,-2.992654345261503,0.002491753762186304,0.0023461394071642976,0.002104539614329876,0.2%,0.2%,0.2%,24,,,56.06872307855222
2021-10-16 00:00:00+00:00,61672.42,62378.42,60150.0,60875.57,35467.88096,2173374058.808911,1360379,17286.46284,1059536457.6160173,-0.012920686426769024,-1.2920686426769024,63575.0,-2699.4300000000003,-4.24605583955957,0.0017263163718149637,0.0023506210431861905,0.003405826565076174,0.2%,0.2%,0.3%,24,,,56.06872307855222
2021-10-17 00:00:00+00:00,60875.57,61718.39,58963.0,61528.33,39099.24124,2371696294.7973056,1331655,19289.94298,1170524004.7692945,0.01072285647592297,1.072285647592297,63575.0,-2046.6699999999983,-3.219300039323636,0.0024860384087240835,0.00228062094098019,0.0021143915721694366,0.2%,0.2%,0.2%,24,,,56.06872307855222
2021-10-18 00:00:00+00:00,61528.32,62695.78,59844.45,62009.84,51798.44844,3195091233.4205527,1629184,25859.08539,1595447836.1390421,0.007825825924415497,0.7825825924415497,63575.0,-1565.1600000000035,-2.46191112858829,0.002354404889875139,0.002309541712205923,0.002253138685823146,0.2%,0.2%,0.2%,24,,,56.06872307855222
2021-10-19 00:00:00+00:00,62005.6,64486.0,61322.22,64280.59,53628.107744,3370863940.2694364,1755708,27436.545484,1724665979.8435092,0.03661918818045651,3.661918818045651,64280.59,0.0,0.0,0.0023535023912234225,0.002185016370937857,0.0022478480213036067,0.2%,0.2%,0.2%,24,,,56.06872307855222
2021-10-20 00:00:00+00:00,64280.59,67000.0,63481.4,66001.41,51428.934856,3362878816.4045925,1823286,27623.990525999998,1806653764.6708329,0.026770445013028166,2.6770445013028166,66001.41,0.0,0.0,0.002194360074754806,0.0027216700729967647,0.0030180170614859457,0.2%,0.3%,0.3%,24,,,56.06872307855222
2021-10-21 00:00:00+00:00,66001.4,66639.74,62000.0,62193.15,68538.64537,4407757970.879756,2181665,32008.51421,2060110973.8058941,-0.05769967641600382,-5.769967641600382,66001.41,-3808.260000000002,-5.769967641600382,0.002652684029828361,0.0024607561521104047,0.0023955894166861804,0.3%,0.2%,0.2%,24,,,56.06872307855222
2021-10-22 00:00:00+00:00,62193.15,63732.39,60000.0,60688.22,52119.35886,3229377744.3114257,1555280,25440.69118,1576807744.195897,-0.02419768093431507,-2.419768093431507,66001.41,-5313.190000000002,-8.050115899039135,0.0027161565782336033,0.003455340472111429,0.003466610674990874,0.3%,0.3%,0.3%,24,,,56.06872307855222
2021-10-23 00:00:00+00:00,60688.23,61747.64,59562.15,61286.75,27626.93678,1686121722.2187824,982103,13352.56908,815306581.3357304,0.009862375268215207,0.9862375268215207,66001.41,-4714.6600000000035,-7.1432716361665705,0.0021436312045009596,0.0019114592452610113,0.0021580592730040533,0.2%,0.2%,0.2%,24,,,56.06872307855222
2021-10-24 00:00:00+00:00,61286.75,61500.0,59510.63,60852.22,31226.57676,1889694558.9504948,1052085,15682.1686,949151331.8623388,-0.007090113278971355,-0.7090113278971355,66001.41,-5149.190000000002,-7.801636358980824,0.001969678731731051,0.002416757323360781,0.003413142226433688,0.2%,0.2%,0.3%,24,,,56.06872307855222
2021-10-25 00:00:00+00:00,60852.22,63710.63,60650.0,63078.78,36853.83806,2309339650.1093802,1270453,18577.25472,1164150305.9348185,0.036589626475418635,3.6589626475418635,66001.41,-2922.6300000000047,-4.428132671711116,0.002089712426552639,0.0020523635565523534,0.0027596582738127415,0.2%,0.2%,0.3%,24,,,56.06872307855222
2021-10-26 00:00:00+00:00,63078.78,63293.48,59817.55,60328.81,40217.50083,2492606133.3189454,1334460,18699.28475,1160289812.695996,-0.04359580194797685,-4.359580194797685,66001.41,-5672.600000000006,-8.594664871553515,0.004213401170038868,0.004141572334618211,0.0034545849215657726,0.4%,0.4%,0.3%,24,,,56.06872307855222
2021-10-27 00:00:00+00:00,60328.81,61496.0,58000.0,58413.44,62124.49016,3688306192.972418,1913083,29983.43122,1780494793.5603175,-0.03174884437468595,-3.1748844374685947,66001.41,-7587.970000000001,-11.496678631562574,0.0035880805723629795,0.0031237528395090834,0.002885978057427009,0.4%,0.3%,0.3%,24,,,56.06872307855222
2021-10-28 00:00:00+00:00,58413.44,62499.0,57820.0,60575.89,61056.35301,3677629851.0596066,1878275,30447.44205,1835335717.8149135,0.0370197338146836,3.7019733814683597,66001.41,-5425.520000000004,-8.220309232787603,0.0032949191448727842,0.0036722159967611475,0.003468731488628689,0.3%,0.4%,0.3%,24,,,56.06872307855222
2021-10-29 00:00:00+00:00,60575.9,62980.0,60174.81,62253.71,43973.90414,2706090987.3096256,1417344,22262.86881,1370325591.0001447,0.027697818389461615,2.7697818389461615,66001.41,-3747.7000000000044,-5.678212026076423,0.002802303570656339,0.0024774904104794483,0.00241407216920153,0.3%,0.2%,0.2%,24,,,56.06872307855222
2021-10-30 00:00:00+00:00,62253.7,62359.25,60673.0,61859.19,31478.125659999998,1937860260.4380624,1197748,15583.511050000001,959369103.6133327,-0.006337292990249099,-0.6337292990249099,66001.41,-4142.220000000001,-6.275956831831319,0.002140256410869419,0.002325078181464747,0.0021295985008169807,0.2%,0.2%,0.2%,24,,,56.06872307855222
2021-10-31 00:00:00+00:00,61859.19,62405.3,59945.36,61299.8,39267.63794,2396556477.343494,1563417,19362.08206,1181449065.6191804,-0.009042957077194158,-0.9042957077194158,66001.41,-4701.610000000001,-7.123499331302163,0.0020914881780150804,0.0018994186254587316,0.002150693392969119,0.2%,0.2%,0.2%,24,,,56.06872307855222
2021-11-01 00:00:00+00:00,61299.81,62437.74,59405.0,60911.11,44687.66672,2737282804.738131,1472636,22139.95506,1356676790.5772645,-0.006340803722035049,-0.6340803722035049,66001.41,-5090.300000000003,-7.7124109924318285,0.0017126226929628514,0.0021855886483260452,0.0033578478187603236,0.2%,0.2%,0.3%,24,,,56.06872307855222
2021-11-02 00:00:00+00:00,60911.12,64270.0,60624.68,63219.99,46368.2841,2909221038.40065,1858362,23852.14282,1496448016.5988712,0.03790572852801399,3.7905728528013993,66001.41,-2781.4200000000055,-4.214182697006031,0.00193658560900702,0.001922652543434309,0.0026197568409960623,0.2%,0.2%,0.3%,24,,,56.06872307855222
2021-11-03 00:00:00+00:00,63220.57,63500.0,60382.76,62896.48,43336.09049,2713389500.4663587,1601925,20662.34777,1294306441.66844,-0.005117210553180929,-0.5117210553180929,66001.41,-3104.9300000000003,-4.70433889215397,0.001949436694158237,0.0026788369630425806,0.002756686759930355,0.2%,0.3%,0.3%,24,,,56.06872307855222
2021-11-04 00:00:00+00:00,62896.49,63086.31,60677.01,61395.01,35930.93314,2218138026.7045407,1346081,17843.38035,1101751566.3843455,-0.023872083143603562,-2.387208314360356,66001.41,-4606.4000000000015,-6.979244837345144,0.002192776691813307,0.0020794524298267487,0.0021037819792966883,0.2%,0.2%,0.2%,24,,,56.06872307855222
2021-11-05 00:00:00+00:00,61395.01,62595.72,60721.0,60937.12,31604.48749,1943346371.470386,1243074,15769.15494,969780612.6853931,-0.0074580979789725665,-0.7458097978972567,66001.41,-5064.290000000001,-7.673002743426238,0.0014150517607397618,0.00200709826457523,0.003307154659991594,0.1%,0.2%,0.3%,24,,,56.06872307855222
2021-11-06 00:00:00+00:00,60940.18,61560.49,60050.0,61470.61,25590.57408,1556774943.5537283,965309,12511.52761,761294376.4716995,0.008754762286107276,0.8754762286107276,66001.41,-4530.800000000003,-6.864701829854846,0.0023825737834584065,0.0021611432406016358,0.002072004677710215,0.2%,0.2%,0.2%,24,,,56.06872307855222
2021-11-07 00:00:00+00:00,61470.62,63286.35,61322.78,63273.59,25515.6883,1585744720.199772,1068629,13567.09782,843384435.4409548,0.029330764734561754,2.9330764734561754,66001.41,-2727.820000000007,-4.132972310743066,0.002026769467580623,0.0019567684981184647,0.0026128155469108327,0.2%,0.2%,0.3%,24,,,56.06872307855222
2021-11-08 00:00:00+00:00,63273.58,67789.0,63273.58,67525.83,54442.094554,3575716171.0442996,2349581,28879.186436,1897321249.827841,0.06720402619797627,6.720402619797627,67525.83,0.0,0.0,0.0016166516927019442,0.0016463810168928447,0.0015531256387905231,0.2%,0.2%,0.2%,24,,,56.06872307855222
2021-11-09 00:00:00+00:00,67525.82,68524.25,66222.4,66947.66,44661.378068,3014326962.087268,1847655,22243.236452,1501548663.7926426,-0.008562205011030555,-0.8562205011030555,67525.83,-578.1699999999983,-0.8562205011030555,0.0012554085441823125,0.0016446670115755316,0.0021566147767591395,0.1%,0.2%,0.2%,24,,,56.06872307855222
2021-11-10 00:00:00+00:00,66947.67,69000.0,62822.9,64882.43,65171.504046,4335575752.805223,2347934,31344.743321,2088305177.7774785,-0.030848426965184528,-3.0848426965184528,67525.83,-2643.4000000000015,-3.914650142027132,0.002882731639106649,0.002840634663384693,0.002546404784805983,0.3%,0.3%,0.3%,24,,,56.06872307855222
2021-11-11 00:00:00+00:00,64882.42,65600.07,64100.0,64774.26,37237.98058,2415537333.57771,1327827,18589.51479,1205890453.6044016,-0.0016671693708142366,-0.16671693708142366,67525.83,-2751.5699999999997,-4.074840694294313,0.0030710911882383587,0.0028396009054864287,0.002504634081587444,0.3%,0.3%,0.3%,24,,,56.06872307855222
2021-11-12 00:00:00+00:00,64774.25,65450.7,62278.0,64122.23,44490.10816,2844286547.5040407,1479149,21028.45541,1344883879.1387346,-0.010066189872335096,-1.0066189872335096,67525.83,-3403.5999999999985,-5.040441561399545,0.0022675753803079314,0.0021947875158486343,0.0021510759336555688,0.2%,0.2%,0.2%,24,,,56.06872307855222
2021-11-13 00:00:00+00:00,64122.22,65000.0,63360.22,64380.0,22504.97383,1442441613.5983925,904149,11094.05209,711146514.0645869,0.004019978718768691,0.4019978718768691,67525.83,-3145.8300000000017,-4.658706157332682,0.002400379158005078,0.0023290417596141494,0.002264757878476744,0.2%,0.2%,0.2%,24,,,56.06872307855222
2021-11-14 00:00:00+00:00,64380.01,65550.51,63576.27,65519.1,25705.07347,1658473781.2937696,951393,12629.834139999999,815039550.9471319,0.017693383038210664,1.7693383038210664,67525.83,-2006.7300000000032,-2.97179612601578,0.0032653296185598058,0.003259106047321056,0.00300886228016879,0.3%,0.3%,0.3%,24,,,56.06872307855222
2021-11-15 00:00:00+00:00,65519.11,66401.82,63400.0,63606.74,37829.37124,2460915922.8761277,1305209,19160.47382,1247275595.4355905,-0.029187824619080538,-2.918782461908054,67525.83,-3919.090000000004,-5.8038383237940305,0.002309737120751659,0.0021827637101032274,0.00209259089185383,0.2%,0.2%,0.2%,24,,,56.06872307855222
2021-11-16 00:00:00+00:00,63606.73,63617.31,58574.07,60058.87,77455.15609,4705744041.299647,2353681,36375.32415,2209839153.3697233,-0.05577820840998915,-5.577820840998915,67525.83,-7466.959999999999,-11.057931461190485,0.004099946383605617,0.0036273822350132677,0.003132143163010014,0.4%,0.4%,0.3%,24,,,56.06872307855222
2021-11-17 00:00:00+00:00,60058.87,60840.23,58373.0,60344.87,46289.38491,2767802055.200423,1471305,22545.24375,1348537946.9526918,0.004761994356537125,0.4761994356537125,67525.83,-7180.959999999999,-10.634389832749925,0.004126026570337765,0.0041043293208711164,0.0034319505317060737,0.4%,0.4%,0.3%,24,,,56.06872307855222
2021-11-18 00:00:00+00:00,60344.86,60976.0,56474.26,56891.62,62146.99931,3644824179.144852,1960419,29742.20507,1745202989.742389,-0.05722524549311314,-5.722524549311315,67525.83,-10634.21,-15.74835881321266,0.0028016985879251092,0.003103107277561221,0.004708487867670194,0.3%,0.3%,0.5%,24,,,56.06872307855222
2021-11-19 00:00:00+00:00,56891.62,58320.0,55600.0,58052.24,50715.88726,2896189975.910774,1560459,24072.28575,1374771758.2367315,0.020400544052006087,2.0400544052006087,67525.83,-9473.590000000004,-14.029579495727784,0.0023566725312302444,0.0023985694703603194,0.0026993142873951536,0.2%,0.2%,0.3%,24,,,56.06872307855222
2021-11-20 00:00:00+00:00,58057.1,59845.0,57353.0,59707.51,33811.5901,1982718831.157077,1200190,16682.28087,978340154.0756932,0.028513456156041617,2.8513456156041617,67525.83,-7818.32,-11.578265679962762,0.0035176935656112108,0.0030387138086013453,0.0028405199853412917,0.4%,0.3%,0.3%,24,,,56.06872307855222
2021-11-21 00:00:00+00:00,59707.52,60029.76,58486.65,58622.02,31902.22785,1886578154.5167084,1249219,14949.12309,884084155.7068344,-0.01818012507974298,-1.8180125079742981,67525.83,-8903.810000000005,-13.185783869668843,0.0030804561713887444,0.00330221870625653,0.0030051731492175414,0.3%,0.3%,0.3%,24,,,56.06872307855222
2021-11-22 00:00:00+00:00,58617.7,59444.0,55610.0,56247.18,51724.32047,2968622334.1376567,1624768,24834.9816,1425668562.2116647,-0.04051105710789216,-4.051105710789216,67525.83,-11278.650000000001,-16.702719537101586,0.00506875225374719,0.00576794236965611,0.005138963902219642,0.5%,0.6%,0.5%,24,,,56.06872307855222
2021-11-23 00:00:00+00:00,56243.83,58009.99,55317.0,57541.27,49917.85017,2837210673.4885187,1570845,25217.65003,1433171468.6668608,0.02300719787196437,2.300719787196437,67525.83,-9984.560000000005,-14.786282523295169,0.002950669180332206,0.002987763901564955,0.002863790035269589,0.3%,0.3%,0.3%,24,,,56.06872307855222
2021-11-24 00:00:00+00:00,57541.26,57735.0,55837.0,57138.29,39612.04964,2246374244.330568,1432991,19625.09659,1113184375.6794689,-0.007003321268369556,-0.7003321268369556,67525.83,-10387.54,-15.383061563256605,0.0028209365019244846,0.0028055153604437176,0.0037760384028944034,0.3%,0.3%,0.4%,24,,,56.06872307855222
2021-11-25 00:00:00+00:00,57138.29,59398.9,57000.0,58960.36,42153.51522,2455658857.700593,1604266,21112.80397,1230022891.7300947,0.03188877371023868,3.1888773710238683,67525.83,-8565.470000000001,-12.684731161394092,0.00263912508643777,0.0027256520264209577,0.002899054920686398,0.3%,0.3%,0.3%,24,,,56.06872307855222
2021-11-26 00:00:00+00:00,58960.37,59150.0,53500.0,53726.53,65927.87066,3649353860.4295664,2138184,31287.4699,1731974879.8668962,-0.08876862352943571,-8.87686235294357,67525.83,-13799.300000000003,-20.43558738929977,0.01920554559508128,0.015172442434304774,0.011372545645432393,1.9%,1.5%,1.1%,24,,,56.06872307855222
2021-11-27 00:00:00+00:00,53723.72,55280.0,53610.0,54721.03,29716.99957,1623173123.4917316,1110145,14462.93801,790191540.9148489,0.018510408172647708,1.8510408172647708,67525.83,-12804.800000000003,-18.96281763585875,0.003777207177737205,0.00587507142648191,0.011398025904836134,0.4%,0.6%,1.1%,24,,,56.06872307855222
2021-11-28 00:00:00+00:00,54716.47,57445.05,53256.64,57274.88,36163.7137,1982198373.532835,1253408,18520.69985,1016073216.5947642,0.046670356899349175,4.6670356899349175,67525.83,-10250.950000000004,-15.180783412806631,0.0031015944968195283,0.002689303432494336,0.0033483626853610463,0.3%,0.3%,0.3%,24,,,56.06872307855222
2021-11-29 00:00:00+00:00,57274.89,58865.97,56666.67,57776.25,40125.28009,2313371348.113543,1349625,19520.25038,1125240984.5522516,0.008753750335225519,0.8753750335225519,67525.83,-9749.580000000002,-14.43829716717292,0.002432531327634661,0.002700606775777054,0.0026736434474797467,0.2%,0.3%,0.3%,24,,,56.06872307855222
2021-11-30 00:00:00+00:00,57776.25,59176.99,55875.55,56950.56,49161.05194,2823644073.021905,1587472,23867.80287,1371720422.255628,-0.014291166352956464,-1.4291166352956464,67525.83,-10575.270000000004,-15.661073695799077,0.002290383725639967,0.0028025534215941226,0.00458227128644728,0.2%,0.3%,0.5%,24,,,56.06872307855222
2021-12-01 00:00:00+00:00,56950.56,59053.55,56458.01,57184.07,44956.63656,2584928714.0757422,1442301,21501.29463,1236414404.9088528,0.004100223070677478,0.4100223070677478,67525.83,-10341.760000000002,-15.31526528441043,0.00282681502025115,0.0025551119271946306,0.0036354618866465496,0.3%,0.3%,0.4%,24,,,56.06872307855222
2021-12-02 00:00:00+00:00,57184.07,57375.47,55777.77,56480.34,37574.059760000004,2127110102.1073096,1307890,18375.47518,1040366894.5501273,-0.012306399317152494,-1.2306399317152494,67525.83,-11045.490000000005,-16.357429445887604,0.0037495880571903634,0.00479778680732256,0.005025359281490899,0.4%,0.5%,0.5%,24,,,56.06872307855222
2021-12-03 00:00:00+00:00,56484.26,57600.0,51680.0,53601.05,58927.69027,3246198505.9468513,1865063,27287.25751,1505556556.1578631,-0.050978623712250926,-5.097862371225093,67525.83,-13924.779999999999,-20.621412576491092,0.018930699097152538,0.014890247671699747,0.011141348826416113,1.9%,1.5%,1.1%,24,,,56.06872307855222
2021-12-04 00:00:00+00:00,53601.05,53859.1,42000.3,49152.47,114203.373748,5495712061.978532,3362771,52876.55238,2544632557.496252,-0.08299426970180623,-8.299426970180622,67525.83,-18373.36,-27.2093804696662,0.003299870668860532,0.0032229840193582116,0.003404825841553572,0.3%,0.3%,0.3%,24,,,56.06872307855222
2021-12-05 00:00:00+00:00,49152.46,49699.05,47727.21,49396.33,45580.82012,2231486105.8439116,1371839,22420.90324,1097785758.5909762,0.004961296960254602,0.4961296960254602,67525.83,-18129.5,-26.84824459025531,0.0038386500510420073,0.0035447316765311373,0.00357620689124292,0.4%,0.4%,0.4%,24,,,56.06872307855222
2021-12-06 00:00:00+00:00,49396.32,50891.11,47100.0,50441.92,58571.21575,2851528919.1795363,1741956,28820.34753,1403464676.8850937,0.021167362028717385,2.1167362028717385,67525.83,-17083.910000000003,-25.299814900461058,0.0059531560749021524,0.005596420677868269,0.0046982083116852355,0.6%,0.6%,0.5%,24,,,56.06872307855222
2021-12-07 00:00:00+00:00,50441.91,51936.33,50039.74,50588.95,38253.46877,1950573500.2086658,1212350,18679.11099,952551067.6259856,0.00291483750023791,0.291483750023791,67525.83,-16936.880000000005,-25.082075999658215,0.0054929423001204136,0.005782937819717906,0.004907105024431585,0.5%,0.6%,0.5%,24,,,56.06872307855222
2021-12-08 00:00:00+00:00,50588.95,51200.0,48600.0,50471.19,38425.92466,1925458787.1147523,1118225,18126.84362,908410692.2460091,-0.002327781066813861,-0.2327781066813861,67525.83,-17054.64,-25.256468524711206,0.005581639462527113,0.005559442270594733,0.004717807637643005,0.6%,0.6%,0.5%,24,,,56.06872307855222
2021-12-09 00:00:00+00:00,50471.19,50797.76,47320.0,47545.59,37692.686649999996,1841474998.8951101,1130599,18097.0596,884082539.7047912,-0.057965742436427714,-5.796574243642771,67525.83,-19980.240000000005,-29.58903281899683,0.0027242452077560677,0.0025734878693223816,0.002635718090259731,0.3%,0.3%,0.3%,24,,,56.06872307855222
2021-12-10 00:00:00+00:00,47535.9,50125.0,46852.0,47140.54,44233.57391,2135023722.8531513,1215231,21143.96129,1020995576.3025669,-0.0085191917904478,-0.85191917904478,67525.83,-20385.29,-30.188877352562717,0.002690625652962638,0.0026283671057805683,0.003390429322435731,0.3%,0.3%,0.3%,24,,,56.06872307855222
2021-12-11 00:00:00+00:00,47140.54,49485.71,46751.0,49389.99,28889.19358,1397524635.581402,957390,14452.26806,699251597.8052384,0.04771795147022062,4.771795147022062,67525.83,-18135.840000000004,-26.85763358999068,0.003927614153706468,0.0035458911548590976,0.003580422130280523,0.4%,0.4%,0.4%,24,,,56.06872307855222
2021-12-12 00:00:00+00:00,49389.99,50777.0,48638.0,50053.9,26017.93421,1292315883.6245537,863605,13266.00955,658923314.8679801,0.013442197497914199,1.34421974979142,67525.83,-17471.93,-25.874439455242538,0.006084102983366642,0.005256308537933487,0.004368711283096718,0.6%,0.5%,0.4%,24,,,56.06872307855222
2021-12-13 00:00:00+00:00,50053.9,50189.97,45672.75,46702.75,50869.52093,2423888500.790305,1399599,23487.0228,1119972248.538402,-0.06695082700848487,-6.695082700848487,67525.83,-20823.08,-30.837207036181567,0.0029228584220200057,0.0037100762231418497,0.005076314548807746,0.3%,0.4%,0.5%,24,,,56.06872307855222
2021-12-14 00:00:00+00:00,46702.76,48700.41,46290.0,48343.28,39955.98445,1887427362.4740965,1194992,20010.80589,945501336.1569144,0.035127053546097464,3.5127053546097464,67525.83,-19182.550000000003,-28.407721904343862,0.0037340157240797717,0.003347306165223423,0.003050204268769762,0.4%,0.3%,0.3%,24,,,56.06872307855222
2021-12-15 00:00:00+00:00,48336.95,49500.0,46547.0,48864.98,51629.181,2487012309.0915494,1438176,25861.16891,1246095378.4595413,0.010791572272299321,1.0791572272299321,67525.83,-18660.85,-27.635128661136044,0.0030739115453936885,0.0034702589749475076,0.003316518493017449,0.3%,0.3%,0.3%,24,,,56.06872307855222
2021-12-16 00:00:00+00:00,48864.98,49436.43,47511.0,47632.38,31949.86739,1551200654.052745,1023983,15281.92439,742115283.5773988,-0.02522460870750398,-2.522460870750398,67525.83,-19893.450000000004,-29.460504224827755,0.0027660057977817714,0.00266358671735026,0.0026206512895602875,0.3%,0.3%,0.3%,24,,,56.06872307855222
2021-12-17 00:00:00+00:00,47632.38,47995.96,45456.0,46131.2,43104.4887,2015966349.5161324,1261780,19846.77192,928665863.5850744,-0.03151595616259362,-3.1515956162593617,67525.83,-21394.630000000005,-31.683623881409538,0.004764319686014263,0.005661996174297783,0.005813233284444613,0.5%,0.6%,0.6%,24,,,56.06872307855222
2021-12-18 00:00:00+00:00,46133.83,47392.37,45500.0,46834.48,25020.05271,1165205135.7008426,862066,12635.54707,588649454.2725667,0.015245213651498446,1.5245213651498446,67525.83,-20691.35,-30.6421261315855,0.002869584839384465,0.0032538032638065126,0.0046977739923756605,0.3%,0.3%,0.5%,24,,,56.06872307855222
2021-12-19 00:00:00+00:00,46834.47,48300.01,46406.91,46681.23,29305.70665,1384958598.3627698,874827,14646.77828,692559814.2285637,-0.003272161877317714,-0.3272161877317714,67525.83,-20844.6,-30.86907632234953,0.00291040380808285,0.0037315617889613225,0.00512036963937629,0.3%,0.4%,0.5%,24,,,56.06872307855222
2021-12-20 00:00:00+00:00,46681.24,47537.57,45558.85,46914.16,35848.50609,1663363117.8304534,1076488,17666.32749,819817570.663743,0.004989799968852626,0.4989799968852626,67525.83,-20611.67,-30.52412684153605,0.002572520537854596,0.0027553662561640106,0.0042694974635459106,0.3%,0.3%,0.4%,24,,,56.06872307855222
2021-12-21 00:00:00+00:00,46914.17,49328.96,46630.0,48889.88,37713.92924,1827234149.0598803,1119412,19356.27006,937648412.2221354,0.042113511144609594,4.211351114460959,67525.83,-18635.950000000004,-27.598253882995593,0.0032042344760364167,0.0035151452282725796,0.0033460417258038906,0.3%,0.4%,0.3%,24,,,56.06872307855222
2021-12-22 00:00:00+00:00,48887.59,49576.13,48421.87,48588.16,27004.2022,1322418595.3337295,949480,13402.54963,656467230.7563097,-0.00617142034302387,-0.617142034302387,67525.83,-18937.67,-28.045075491852522,0.0038043274150540538,0.003619388509576289,0.0032596941061008374,0.4%,0.4%,0.3%,24,,,56.06872307855222
2021-12-23 00:00:00+00:00,48588.17,51375.0,47920.42,50838.81,35192.54046,1738129830.7814522,1176050,17397.67034,859605116.679757,0.04632095555789717,4.632095555789717,67525.83,-16687.020000000004,-24.712054631538784,0.005956208465389609,0.005804450142872443,0.005124406858142236,0.6%,0.6%,0.5%,24,,,56.06872307855222
2021-12-24 00:00:00+00:00,50838.82,51810.0,50384.43,50820.0,31684.84269,1618089927.2810063,1075177,15108.36362,771557283.6260679,-0.00036999292469663825,-0.036999292469663825,67525.83,-16705.83,-24.739910638640062,0.005910001583404993,0.005782460876449165,0.00510774650149621,0.6%,0.6%,0.5%,24,,,56.06872307855222
2021-12-25 00:00:00+00:00,50819.99,51156.23,50142.32,50399.66,19135.51613,971491029.130824,766979,9928.30266,504102529.5288982,-0.008271153089334793,-0.8271153089334793,67525.83,-17126.17,-25.362398359264894,0.0057427020817541275,0.0054675842018169895,0.004601361746888302,0.6%,0.5%,0.5%,24,,,56.06872307855222
2021-12-26 00:00:00+00:00,50399.67,51280.0,49412.0,50775.49,22569.88914,1132200241.5624182,797133,11285.69707,566374786.7160686,0.007456994749567736,0.7456994749567736,67525.83,-16750.340000000004,-24.80582615570961,0.005881827182154281,0.005902550522548169,0.005087866998444839,0.6%,0.6%,0.5%,24,,,56.06872307855222
2021-12-27 00:00:00+00:00,50775.48,52088.0,50449.0,50701.44,28792.21566,1472065236.0117192,1009411,14436.09322,738369203.3321569,-0.0014583808053845182,-0.14583808053845182,67525.83,-16824.39,-24.915487895520872,0.0058733689984803725,0.005824314369407985,0.0050299061289494395,0.6%,0.6%,0.5%,24,,,56.06872307855222
2021-12-28 00:00:00+00:00,50701.44,50704.05,47313.01,47543.74,45853.33924,2242102220.931003,1345774,21743.17013,1063171693.1535625,-0.06228028237462302,-6.228028237462302,67525.83,-19982.090000000004,-29.591772511348623,0.0027223710896618937,0.0025896056451932955,0.0026384999081203613,0.3%,0.3%,0.3%,24,,,56.06872307855222
2021-12-29 00:00:00+00:00,47543.74,48139.08,46096.99,46464.66,39498.87,1873785571.2732966,1114074,19089.6191,905969695.6425397,-0.022696573723480662,-2.269657372348066,67525.83,-21061.17,-31.1897980372844,0.004318020583943115,0.004195116474343216,0.005552440738412796,0.4%,0.4%,0.6%,24,,,56.06872307855222
2021-12-30 00:00:00+00:00,46464.66,47900.0,45900.0,47120.87,30352.29569,1428755720.453203,910157,14886.52375,700792256.6883159,0.014122776320756536,1.4122776320756536,67525.83,-20404.96,-30.218006946378885,0.0026104101854765045,0.002631203855555729,0.0033934944685336172,0.3%,0.3%,0.3%,24,,,56.06872307855222
2021-12-31 00:00:00+00:00,47120.88,48548.26,45678.0,46216.93,34937.99796,1650715977.9185174,1059783,17315.5423,818331688.0033131,-0.01918343188485272,-1.918343188485272,67525.83,-21308.9,-31.55666505691229,0.004221652640920559,0.0055980198345739205,0.00584889537046555,0.4%,0.6%,0.6%,24,,,56.06872307855222
2022-01-01 00:00:00+00:00,46216.93,47954.63,46208.37,47722.65,19604.46325,924155159.5834864,714899,9942.36679,468738711.79010653,0.032579403261964845,3.2579403261964845,67525.83,-19803.18,-29.326822047207713,0.0027899753395109143,0.0027352672742030153,0.002665592303995538,0.3%,0.3%,0.3%,24,,,56.06872307855222
2022-01-02 00:00:00+00:00,47722.66,47990.0,46654.0,47286.18,18340.4604,866610995.5633582,709624,9166.46954,433182392.2819466,-0.009145971566960398,-0.9145971566960398,67525.83,-20239.65,-29.973196923310685,0.0025870360621708184,0.0025128657072946803,0.002944343882517498,0.3%,0.3%,0.3%,24,,,56.06872307855222
2022-01-03 00:00:00+00:00,47286.18,47570.0,45696.0,46446.1,27662.0771,1292203508.325655,885624,13524.76045,631879430.11428,-0.01776586732106511,-1.776586732106511,67525.83,-21079.730000000003,-31.217283815689502,0.0043485920411876055,0.00457639983815333,0.005634080576608256,0.4%,0.5%,0.6%,24,,,56.06872307855222
2022-01-04 00:00:00+00:00,46446.1,47557.54,45500.0,45832.01,35491.4136,1649170424.1276135,1021815,17689.26808,821725463.0808074,-0.013221562197902492,-1.3221562197902492,67525.83,-21693.82,-32.12669877586103,0.006543359314307935,0.006527374493507636,0.005752924014236601,0.7%,0.7%,0.6%,24,,,56.06872307855222
2022-01-05 00:00:00+00:00,45832.01,47070.0,42500.0,43451.13,51784.11857,2334288544.645448,1478532,23552.994599999998,1063287226.3571415,-0.0519479726069183,-5.19479726069183,67525.83,-24074.700000000004,-35.65257916859371,0.0027855401426459523,0.0024640667590917304,0.00226124244725484,0.3%,0.2%,0.2%,24,,,56.06872307855222
2022-01-06 00:00:00+00:00,43451.14,43816.0,42430.58,43082.31,38880.37305,1674466154.4383326,1150707,19268.82662,829886561.8261453,-0.008488156694659077,-0.8488156694659077,67525.83,-24443.520000000004,-36.19877015950785,0.0016685067761886226,0.002011136694559151,0.0019986057972643818,0.2%,0.2%,0.2%,24,,,56.06872307855222
2022-01-07 00:00:00+00:00,43082.3,43145.83,40610.0,41566.48,54836.50818,2293851015.4652367,1406635,26519.39261,1109740200.2387211,-0.0351845107655554,-3.51845107655554,67525.83,-25959.35,-38.443585217686326,0.003274083328218242,0.004493253168088309,0.0045828561618379724,0.3%,0.4%,0.5%,24,,,56.06872307855222
2022-01-08 00:00:00+00:00,41566.48,42300.0,40501.0,41679.74,32952.73111,1367233494.8277667,1021908,16462.53747,683155535.4215348,0.002724791707163998,0.2724791707163998,67525.83,-25846.090000000004,-38.27585680916473,0.002952424042742361,0.0030328607790838127,0.004341222040216895,0.3%,0.3%,0.4%,24,,,56.06872307855222
2022-01-09 00:00:00+00:00,41679.74,42786.7,41200.02,41864.62,22724.39426,952830064.5125849,752733,11399.78979,478046850.277152,0.004435728245905768,0.4435728245905768,67525.83,-25661.21,-38.002065283758824,0.0024473594063767036,0.0027031941188284934,0.003950268906982663,0.2%,0.3%,0.4%,24,,,56.06872307855222
2022-01-10 00:00:00+00:00,41864.62,42248.5,39650.0,41822.49,50729.17019,2088111339.5055966,1250983,24654.54811,1015935553.4027652,-0.0010063390041520348,-0.10063390041520348,67525.83,-25703.340000000004,-38.064456223640654,0.0023540948969648073,0.0027264270175741496,0.004063734245435572,0.2%,0.3%,0.4%,24,,,56.06872307855222
2022-01-11 00:00:00+00:00,41822.49,43100.0,41268.93,42729.29,37296.43729,1574803608.9600787,1015526,18521.95391,782176383.1010938,0.021682114096984728,2.168211409698473,67525.83,-24796.54,-36.72156269682283,0.0017636558945424092,0.0020168711492211016,0.0022239725136047957,0.2%,0.2%,0.2%,24,,,56.06872307855222
2022-01-12 00:00:00+00:00,42729.29,44322.0,42450.0,43902.66,33943.292799999996,1470906437.7120714,1023902,17584.31885,762205618.815565,0.027460554575093665,2.7460554575093665,67525.83,-23623.17,-34.98390171583229,0.0025219132968154387,0.002232305230089978,0.002424598431856699,0.3%,0.2%,0.2%,24,,,56.06872307855222
2022-01-13 00:00:00+00:00,43902.65,44500.0,42311.22,42560.11,34910.87762,1515944525.4954948,1036234,17175.40587,746075123.2441132,-0.03058015163545902,-3.058015163545902,67525.83,-24965.72,-36.97210386010805,0.0023029699769985443,0.0023181251302730466,0.0023633813099495373,0.2%,0.2%,0.2%,24,,,56.06872307855222
2022-01-14 00:00:00+00:00,42558.35,43448.78,41725.95,43059.96,32640.88292,1392000443.3501673,946938,15434.18945,658472386.2432475,0.011744565509816507,1.1744565509816507,67525.83,-24465.870000000003,-36.23186860494718,0.0018643772615309457,0.0020416051679729495,0.002053868772876813,0.2%,0.2%,0.2%,24,,,56.06872307855222
2022-01-15 00:00:00+00:00,43059.96,43800.0,42555.0,43084.29,21936.05616,946488263.5484481,752688,11133.18615,480516487.1849679,0.0005650260706233645,0.05650260706233645,67525.83,-24441.54,-36.195837948234036,0.0016662176696672633,0.002011403166907558,0.0019976666411931528,0.2%,0.2%,0.2%,24,,,56.06872307855222
2022-01-16 00:00:00+00:00,43084.29,43475.0,42581.79,43071.66,20602.35271,887203134.0531468,732171,10052.19291,432899939.6738643,-0.0002931462953200681,-0.02931462953200681,67525.83,-24454.17,-36.21454190196551,0.0018473548030681181,0.0020099508153154535,0.0020212520404025015,0.2%,0.2%,0.2%,24,,,56.06872307855222
2022-01-17 00:00:00+00:00,43071.66,43176.18,41540.42,42201.62,27562.08613,1169381684.4668436,918029,13448.54192,570690475.9728293,-0.020199825128634497,-2.0199825128634497,67525.83,-25324.21,-37.50299700129565,0.0023851005373628077,0.0024535162547275704,0.0026327294604697464,0.2%,0.2%,0.3%,24,,,56.06872307855222
2022-01-18 00:00:00+00:00,42201.63,42691.0,41250.0,42352.12,29324.08257,1228459687.3994458,905061,14527.82371,608578954.6171259,0.003566213808853691,0.3566213808853691,67525.83,-25173.71,-37.2801193261897,0.0021819404261655636,0.00232006032105534,0.002355523453603202,0.2%,0.2%,0.2%,24,,,56.06872307855222
2022-01-19 00:00:00+00:00,42352.12,42559.13,41138.56,41660.01,31685.72159,1327478459.1602297,924528,15603.74304,653807601.6725059,-0.01634180296051302,-1.6341802960513019,67525.83,-25865.82,-38.30507525786799,0.003028190977047659,0.0032414110382554795,0.004462140173110439,0.3%,0.3%,0.4%,24,,,56.06872307855222
2022-01-20 00:00:00+00:00,41660.0,43505.0,40553.31,40680.91,42330.33953,1784801200.4044871,1098761,20201.479910000002,852629490.2787864,-0.023502154704235556,-2.3502154704235556,67525.83,-26844.92,-39.755038923623744,0.00465097418539764,0.004614833628292635,0.004065266231755565,0.5%,0.5%,0.4%,24,,,56.06872307855222
2022-01-21 00:00:00+00:00,40680.92,41100.0,35440.45,36445.31,88860.891999,3405501703.2219367,2092561,41615.085819,1595831787.700032,-0.10411763158690412,-10.411763158690412,67525.83,-31080.520000000004,-46.02760158594127,0.004691318163494674,0.004648430338130322,0.0053608838413868355,0.5%,0.5%,0.5%,24,,,56.06872307855222
2022-01-22 00:00:00+00:00,36445.31,36835.22,34008.0,35071.42,90471.338961,3207531048.0306516,2099978,42722.278233000005,1514027491.3203938,-0.03769730590849685,-3.7697305908496848,67525.83,-32454.410000000003,-48.06221559957131,0.00478030901803927,0.004126107595561194,0.004045541063341498,0.5%,0.4%,0.4%,24,,,56.06872307855222
2022-01-23 00:00:00+00:00,35071.42,36499.0,34601.01,36244.55,44279.52354,1572414639.0428774,1142407,22841.39451,811501507.0363061,0.033449743409305954,3.3449743409305954,67525.83,-31281.28,-46.324910038129104,0.004998155131352684,0.005070852349867789,0.005341982491743071,0.5%,0.5%,0.5%,24,,,56.06872307855222
2022-01-24 00:00:00+00:00,36244.55,37550.0,32917.17,36660.35,91904.753211,3192041586.10319,1999352,46469.272938,1615890700.8425,0.011472069593911227,1.1472069593911227,67525.83,-30865.480000000003,-45.70914567062708,0.0036138341659888587,0.004274218828577516,0.004872590005072789,0.4%,0.4%,0.5%,24,,,56.06872307855222
2022-01-25 00:00:00+00:00,36660.35,37545.14,35701.0,36958.32,49232.40183,1799224214.4997392,1248246,24988.42876,913198135.6036831,0.008127854753159802,0.8127854753159802,67525.83,-30567.510000000002,-45.26787749221298,0.004350643338674417,0.00401252034934699,0.0043497057045381,0.4%,0.4%,0.4%,24,,,56.06872307855222
2022-01-26 00:00:00+00:00,36958.32,38919.98,36234.63,36809.34,69830.16036,2627491976.6908574,1584468,35240.31542,1326474948.4632242,-0.004031027384361674,-0.4031027384361674,67525.83,-30716.490000000005,-45.488504176846114,0.00427008162612679,0.0038740180950591,0.004716111151830495,0.4%,0.4%,0.5%,24,,,56.06872307855222
2022-01-27 00:00:00+00:00,36807.24,37234.47,35507.01,37160.1,53020.87934,1925920128.3436604,1308408,26750.94594,971815942.2707555,0.009529103211304513,0.9529103211304513,67525.83,-30365.730000000003,-44.969058506944684,0.0035108404340689005,0.003955406923610158,0.004235388884099373,0.4%,0.4%,0.4%,24,,,56.06872307855222
2022-01-28 00:00:00+00:00,37160.11,38000.0,36155.01,37716.56,42154.26956,1560203931.220128,1061101,21496.47551,795847847.5123422,0.01497466368497391,1.497466368497391,67525.83,-29809.270000000004,-44.144988665818694,0.004290168926550364,0.0037988323839805013,0.003850346801236168,0.4%,0.4%,0.4%,24,,,56.06872307855222
2022-01-29 00:00:00+00:00,37716.57,38720.74,37268.44,38166.84,26129.49682,989652386.9966494,816601,13292.42156,503624477.659453,0.011938522495158699,1.1938522495158699,67525.83,-29358.990000000005,-43.47816235653824,0.004102383515775884,0.003466840521389546,0.003581439522214159,0.4%,0.3%,0.4%,24,,,56.06872307855222
2022-01-30 00:00:00+00:00,38166.83,38359.26,37351.63,37881.76,21430.66527,812750216.6010319,698593,10798.3846,409620744.0169444,-0.0074693110564038045,-0.7469311056403805,67525.83,-29644.07,-43.90034154337681,0.0024753223473221913,0.003574236843543724,0.0034968455283877404,0.2%,0.4%,0.3%,24,,,56.06872307855222
2022-01-31 00:00:00+00:00,37881.75,38744.0,36632.61,38466.9,36855.2458,1386754529.0295446,936014,18422.26954,693360023.3316519,0.015446484007078931,1.544648400707893,67525.83,-29058.93,-43.033799066223985,0.004046104740112366,0.004119380634099528,0.0038409026527268767,0.4%,0.4%,0.4%,24,,,56.06872307855222
2022-02-01 00:00:00+00:00,38466.9,39265.2,38000.0,38694.59,34574.44663,1334266166.7099988,917617,17730.99304,684446571.1793659,0.005919114875386322,0.5919114875386322,67525.83,-28831.240000000005,-42.69660957888264,0.0035825075366528974,0.003742162730745366,0.0036065507631409294,0.4%,0.4%,0.4%,24,,,56.06872307855222
2022-02-02 00:00:00+00:00,38694.59,38855.92,36586.95,36896.36,35794.6813,1353093948.9776013,907905,17251.43687,652533107.6999176,-0.046472388000493026,-4.647238800049303,67525.83,-30629.47,-45.35963497227653,0.004195600386217473,0.003919005316187883,0.004553492934516225,0.4%,0.4%,0.5%,24,,,56.06872307855222
2022-02-03 00:00:00+00:00,36896.37,37387.0,36250.0,37311.61,32081.10999,1179502838.6566265,848961,16468.10233,605530493.5816588,0.011254497733651725,1.1254497733651725,67525.83,-30214.22,-44.744685107906115,0.0027046931952484678,0.003440772565080834,0.003691237748157789,0.3%,0.3%,0.4%,24,,,56.06872307855222
2022-02-04 00:00:00+00:00,37311.98,41772.33,37026.73,41574.25,64703.95874,2526572562.058285,1380724,33053.66668,1291953441.5589995,0.11424433306415893,11.424433306415892,67525.83,-25951.58,-38.43207850980876,0.003297412213051539,0.004445081100025215,0.004578171941443444,0.3%,0.4%,0.5%,24,,,56.06872307855222
2022-02-05 00:00:00+00:00,41571.7,41913.69,40843.01,41382.59,32532.34372,1349805515.9300365,1006352,16566.08602,687352854.8254198,-0.004610065124446061,-0.4610065124446061,67525.83,-26143.240000000005,-38.71591063745533,0.004237309058730044,0.004734631692271311,0.004614283489621712,0.4%,0.5%,0.5%,24,,,56.06872307855222
2022-02-06 00:00:00+00:00,41382.6,42656.0,41116.56,42380.87,22405.16704,934168802.8801153,788291,11546.390879999999,481652514.37183213,0.02412318803632174,2.412318803632174,67525.83,-25144.96,-37.23754302612793,0.002333219792926144,0.002367467466857907,0.002400148312003152,0.2%,0.2%,0.2%,24,,,56.06872307855222
2022-02-07 00:00:00+00:00,42380.87,44500.5,41645.85,43839.99,51060.62006,2204523609.903396,1473274,25457.79986,1099936959.0396457,0.03442874108058658,3.442874108058658,67525.83,-23685.840000000004,-35.076710645393035,0.002433717885778094,0.0022405801697073595,0.002381086504228157,0.2%,0.2%,0.2%,24,,,56.06872307855222
2022-02-08 00:00:00+00:00,43839.99,45492.0,42666.0,44042.99,64880.29387,2847485971.497734,1653350,33004.09337,1448178622.4660032,0.004630475508776266,0.4630475508776266,67525.83,-23482.840000000004,-34.77608494408733,0.0023172418443591883,0.002372801018802918,0.002443605514200966,0.2%,0.2%,0.2%,24,,,56.06872307855222
2022-02-09 00:00:00+00:00,44043.0,44799.0,43117.92,44372.72,34428.16729,1512500139.1430995,1066395,17115.60108,752210712.4118421,0.007486548937753801,0.7486548937753801,67525.83,-23153.11,-34.287782912109336,0.004473571591092799,0.0036392371575027643,0.0030513288887808634,0.4%,0.4%,0.3%,24,,,56.06872307855222
2022-02-10 00:00:00+00:00,44372.71,45821.0,43174.01,43495.44,62357.290909999996,2772188373.222783,1541483,30323.12245,1348871895.8677204,-0.01977070596528674,-1.977070596528674,67525.83,-24030.39,-35.586959834481114,0.002868730025099653,0.0025901723552117016,0.00231114504948418,0.3%,0.3%,0.2%,24,,,56.06872307855222
2022-02-11 00:00:00+00:00,43495.44,43920.0,41938.51,42373.73,44975.1687,1937866768.5059533,1169354,22063.76915,950913914.0296428,-0.025789140194926174,-2.5789140194926174,67525.83,-25152.1,-37.248116757691086,0.0022501874867255954,0.0023262930573527815,0.0023798867630252015,0.2%,0.2%,0.2%,24,,,56.06872307855222
2022-02-12 00:00:00+00:00,42373.73,43079.49,41688.88,42217.87,26556.85681,1123136004.7237246,830322,12814.60322,542061655.4291937,-0.003678222332563097,-0.3678222332563097,67525.83,-25307.96,-37.47893213604334,0.002318521487457346,0.0023714428788787975,0.00257972314292043,0.2%,0.2%,0.3%,24,,,56.06872307855222
2022-02-13 00:00:00+00:00,42217.87,42760.0,41870.0,42053.66,17732.08113,750533311.6529565,624898,8333.13302,352741586.0597297,-0.0038895851448687013,-0.38895851448687013,67525.83,-25472.17,-37.72211315284832,0.0026943409384911667,0.002570578414935752,0.0029937988313130286,0.3%,0.3%,0.3%,24,,,56.06872307855222
2022-02-14 00:00:00+00:00,42053.65,42842.4,41550.56,42535.94,34010.130600000004,1436927831.4445863,867622,16912.76672,714598651.165975,0.01146820514552127,1.146820514552127,67525.83,-24989.89,-37.007897570455626,0.0023850804932400295,0.0022814434095095107,0.0023825948324576796,0.2%,0.2%,0.2%,24,,,56.06872307855222
2022-02-15 00:00:00+00:00,42535.94,44751.4,42427.03,44544.86,38095.19576,1672855933.625659,990694,19180.32434,842363401.2128453,0.04722876701443535,4.722876701443535,67525.83,-22980.97,-34.032858241061234,0.005548497169065032,0.004487215977929912,0.0035854340032258087,0.6%,0.4%,0.4%,24,,,56.06872307855222
2022-02-16 00:00:00+00:00,44544.85,44549.97,43307.0,43873.56,28471.8727,1250973502.3018453,823745,14106.69537,619773473.0165873,-0.015070201141052064,-1.5070201141052064,67525.83,-23652.270000000004,-35.02699633606874,0.0024063144912953006,0.002226431969061753,0.0024005406607384354,0.2%,0.2%,0.2%,24,,,56.06872307855222
2022-02-17 00:00:00+00:00,43873.56,44164.71,40073.21,40515.7,47245.99494,1993400162.9480667,1067658,21468.60602,906038209.7818584,-0.07653493356819008,-7.653493356819007,67525.83,-27010.130000000005,-39.99970085521348,0.004555853560963546,0.0041413215657135904,0.0037708765368778116,0.5%,0.4%,0.4%,24,,,56.06872307855222
2022-02-18 00:00:00+00:00,40515.71,40959.88,39450.0,39974.44,43845.92241,1765622365.9527562,1025882,20609.06764,829953072.4139525,-0.013359265667383102,-1.3359265667383102,67525.83,-27551.39,-40.80126079161115,0.003175299253393481,0.0033751703995091357,0.003252442736500011,0.3%,0.3%,0.3%,24,,,56.06872307855222
2022-02-19 00:00:00+00:00,39974.45,40444.32,39639.03,40079.17,18042.0551,721960636.0646691,586653,8374.975,335209843.63180304,0.0026199241315199018,0.2619924131519902,67525.83,-27446.660000000003,-40.64616458620354,0.0036405729409109797,0.003612447784202336,0.0034087544601951454,0.4%,0.4%,0.3%,24,,,56.06872307855222
2022-02-20 00:00:00+00:00,40079.17,40125.44,38000.0,38386.89,33439.29011,1293216601.4518795,811235,15338.25392,592897166.4491583,-0.042223429277602254,-4.222342927760225,67525.83,-29138.940000000002,-43.15228705815242,0.0037091407799336507,0.00390849653043146,0.0037809358143773156,0.4%,0.4%,0.4%,24,,,56.06872307855222
2022-02-21 00:00:00+00:00,38386.89,39494.35,36800.0,37008.16,62347.68496,2382027320.8617606,1352290,30617.135580000002,1170272316.2758772,-0.035916689265527824,-3.5916689265527824,67525.83,-30517.67,-45.19406869934068,0.003931633085250263,0.004070169456000496,0.004309655047806069,0.4%,0.4%,0.4%,24,,,56.06872307855222
2022-02-22 00:00:00+00:00,37008.16,38429.0,36350.0,38230.33,53785.94589,2010628230.7549176,1212527,27322.73575,1021948126.9253064,0.03302433841617636,3.3024338416176358,67525.83,-29295.5,-43.384139076854,0.004212797741645028,0.003643804050682376,0.00364369877067618,0.4%,0.4%,0.4%,24,,,56.06872307855222
2022-02-23 00:00:00+00:00,38230.33,39249.93,37036.79,37250.01,43560.732,1665486687.239937,1030872,21449.9558,820639942.0318317,-0.025642467642837508,-2.5642467642837508,67525.83,-30275.82,-44.83590945864716,0.003109816641925053,0.003613414353895947,0.004000509205490471,0.3%,0.4%,0.4%,24,,,56.06872307855222
2022-02-24 00:00:00+00:00,37250.02,39843.0,34322.28,38327.21,120476.29458,4335107392.009488,2622780,60103.1314,2164376869.726107,0.02891811304211722,2.891811304211722,67525.83,-29198.620000000003,-43.24066805250673,0.004373060102331114,0.0038546469342782804,0.0037342624571487693,0.4%,0.4%,0.4%,24,,,56.06872307855222
2022-02-25 00:00:00+00:00,38328.68,39683.53,38014.37,39219.17,56574.57125,2197889580.282669,1408558,29904.01589,1161436657.8296285,0.02327223922638777,2.327223922638777,67525.83,-28306.660000000003,-41.919751301094706,0.002906681495336512,0.0030934636855683433,0.0033351031472607148,0.3%,0.3%,0.3%,24,,,56.06872307855222
2022-02-26 00:00:00+00:00,39219.16,40348.45,38573.18,39116.72,29361.2568,1152621719.69438,924257,14658.93596,575852237.9808168,-0.0026122429413982795,-0.26122429413982795,67525.83,-28409.11,-42.07147102079308,0.0031190193769284266,0.0030710225570041655,0.003452566666249222,0.3%,0.3%,0.3%,24,,,56.06872307855222
2022-02-27 00:00:00+00:00,39116.73,39855.7,37000.0,37699.07,46229.44719,1780512702.8864021,1265753,21789.2508,840141690.3293545,-0.03624153558887355,-3.6241535588873552,67525.83,-29826.760000000002,-44.17088986540409,0.004315281006387114,0.0037818668967909085,0.003858976495816383,0.4%,0.4%,0.4%,24,,,56.06872307855222
2022-02-28 00:00:00+00:00,37699.08,44225.84,37450.17,43160.0,73945.63858,2975160226.1689854,1931087,38543.78078,1553136662.0034583,0.14485582800848928,14.485582800848928,67525.83,-24365.83,-36.08371788988006,0.002003734482342866,0.0019816463175589046,0.0019970154744246133,0.2%,0.2%,0.2%,24,,,56.06872307855222
2022-03-01 00:00:00+00:00,43160.0,44949.0,42809.98,44421.2,61743.09873,2701611023.6943197,1866871,30937.54085,1353520463.0084743,0.029221501390175986,2.9221501390175986,67525.83,-23104.630000000005,-34.21598816334431,0.004648425712446194,0.0037769508473884878,0.0031095116271959698,0.5%,0.4%,0.3%,24,,,56.06872307855222
2022-03-02 00:00:00+00:00,44421.2,45400.0,43334.09,43892.98,57782.65081,2550792948.2886243,1653131,28624.1131,1264172354.0456262,-0.011891169081429398,-1.1891169081429398,67525.83,-23632.85,-34.998236970948746,0.0024729902392266385,0.002198005685785761,0.0024130290649573755,0.2%,0.2%,0.2%,24,,,56.06872307855222
2022-03-03 00:00:00+00:00,43892.99,44101.12,41832.28,42454.0,50940.61021,2192152097.925188,1289320,24438.40113,1051969942.2112321,-0.032783830124999525,-3.2783830124999525,67525.83,-25071.83,-37.129243727918634,0.0025242654176684657,0.0022283765505150834,0.002403272177245929,0.3%,0.2%,0.2%,24,,,56.06872307855222
2022-03-04 00:00:00+00:00,42454.0,42527.3,38550.0,39148.66,61964.68498,2527001270.719469,1465066,29322.62323,1196441375.2961826,-0.07785697460781071,-7.785697460781071,67525.83,-28377.17,-42.024170602567935,0.0026134011379788193,0.003039404914544498,0.0033767559428598765,0.3%,0.3%,0.3%,24,,,56.06872307855222
2022-03-05 00:00:00+00:00,39148.65,39613.24,38407.59,39397.96,30363.13341,1187689935.0879936,879727,14846.61434,580820200.9425652,0.006368034052761873,0.6368034052761873,67525.83,-28127.870000000003,-41.654978546727975,0.003442449360338539,0.0033051029086952127,0.0033570474162100124,0.3%,0.3%,0.3%,24,,,56.06872307855222
2022-03-06 00:00:00+00:00,39397.97,39693.87,38088.57,38420.81,39677.26158,1542258009.6292188,986352,19055.16367,740741244.8965172,-0.024802045588147248,-2.480204558814725,67525.83,-29105.020000000004,-43.10205442865346,0.0038279050883181483,0.0039720553627715875,0.0037868432434713436,0.4%,0.4%,0.4%,24,,,56.06872307855222
2022-03-07 00:00:00+00:00,38420.8,39547.57,37155.0,37988.0,63994.11559,2449362161.7015386,1456041,31641.49735,1211103666.7671783,-0.011264988947395915,-1.1264988947395915,67525.83,-29537.83,-43.743009156644206,0.0029177937727130946,0.003065824279699875,0.0034269458195510536,0.3%,0.3%,0.3%,24,,,56.06872307855222
2022-03-08 00:00:00+00:00,37988.01,39362.08,37867.65,38730.63,55583.06638,2149652714.8043456,1271128,27964.07361,1081516303.5940902,0.019549068126776703,1.9549068126776703,67525.83,-28795.200000000004,-42.64323741003998,0.0032289418667424724,0.0035782543364181944,0.003611080986841813,0.3%,0.4%,0.4%,24,,,56.06872307855222
2022-03-09 00:00:00+00:00,38730.63,42594.06,38656.45,41941.71,67392.58799,2797240840.960747,1570230,34598.34753,1435303843.9873853,0.08290802395933139,8.290802395933138,67525.83,-25584.120000000003,-37.88790156300189,0.0024000593424981804,0.002416670056340353,0.0038823896583078926,0.2%,0.2%,0.4%,24,,,56.06872307855222
2022-03-10 00:00:00+00:00,41941.7,42039.63,38539.73,39422.0,71962.93154,2854310740.8076735,1512655,33804.27456,1340241708.0012028,-0.0600764727999884,-6.0076472799988405,67525.83,-28103.83,-41.61937735530241,0.0034625759769025613,0.0031182103212146874,0.003276007683390853,0.3%,0.3%,0.3%,24,,,56.06872307855222
2022-03-11 00:00:00+00:00,39422.01,40236.26,38223.6,38729.57,59018.7642,2305825015.6010857,1252571,29148.02045,1139093538.3524642,-0.01756455786109279,-1.7564557861092789,67525.83,-28796.260000000002,-42.64480717971183,0.0032266436970266816,0.0035843115411565655,0.0036140816337752323,0.3%,0.4%,0.4%,24,,,56.06872307855222
2022-03-12 00:00:00+00:00,38729.57,39486.71,38660.52,38807.36,24034.36432,939663387.3149893,671733,11869.94851,464113572.6085631,0.0020085428265792515,0.20085428265792515,67525.83,-28718.47,-42.52960681860556,0.002896285369813921,0.0035784976467007844,0.0036401757080629414,0.3%,0.4%,0.4%,24,,,56.06872307855222
2022-03-13 00:00:00+00:00,38807.35,39310.0,37578.51,37777.34,32791.82359,1268441605.1866875,841844,15150.320670000001,586406176.6009936,-0.026541872469552308,-2.654187246955231,67525.83,-29748.490000000005,-44.05497866520116,0.0032397571271347066,0.003758027723479572,0.0036572433957649695,0.3%,0.4%,0.4%,24,,,56.06872307855222
2022-03-14 00:00:00+00:00,37777.35,39947.12,37555.0,39671.37,46945.45375,1821922588.4472065,1114899,24146.76237,937313460.6262863,0.05013666923081428,5.013666923081428,67525.83,-27854.46,-41.250081635427506,0.0035581748569510434,0.0035182731000709252,0.0033457002955505225,0.4%,0.4%,0.3%,24,,,56.06872307855222
2022-03-15 00:00:00+00:00,39671.37,39887.61,38098.33,39280.33,46015.54926,1796571984.458497,1060517,22657.905319999998,885084067.9857315,-0.00985698250400735,-0.985698250400735,67525.83,-28245.5,-41.829178552858956,0.0031721901081657486,0.003296389191137591,0.0033574281211594683,0.3%,0.3%,0.3%,24,,,56.06872307855222
2022-03-16 00:00:00+00:00,39280.33,41718.0,38828.48,41114.0,88120.76167,3552563766.3655386,2051837,44119.65664,1779529342.3189175,0.04668163429380545,4.668163429380545,67525.83,-26411.83,-39.11366953949326,0.005567550806184573,0.005140681173327008,0.004588134868516536,0.6%,0.5%,0.5%,24,,,56.06872307855222
2022-03-17 00:00:00+00:00,41114.01,41478.82,40500.0,40917.9,37189.38087,1521083189.7108624,935784,18580.98075,760015585.8029839,-0.004769664834362919,-0.4769664834362919,67525.83,-26607.93,-39.404076928784136,0.004993326171452867,0.004794252101280746,0.004213725798154127,0.5%,0.5%,0.4%,24,,,56.06872307855222
2022-03-18 00:00:00+00:00,40917.89,42325.02,40135.04,41757.51,45408.00969,1862337033.4847212,1065054,22374.92757,918115615.0464845,0.020519381493185218,2.051938149318522,67525.83,-25768.32,-38.16068606635417,0.0024209372587836084,0.0028782110713951423,0.004325352502219629,0.2%,0.3%,0.4%,24,,,56.06872307855222
2022-03-19 00:00:00+00:00,41757.51,42400.0,41499.29,42201.13,29067.181080000002,1216709156.4428053,801197,14463.06148,605480703.8859774,0.010623717745622097,1.0623717745622097,67525.83,-25324.700000000004,-37.503722649540194,0.002383769609208992,0.002452792610193024,0.0026324217803489463,0.2%,0.2%,0.3%,24,,,56.06872307855222
2022-03-20 00:00:00+00:00,42201.13,42296.26,40911.0,41262.11,30653.33468,1273880705.2502496,799695,14636.72662,608328201.7906688,-0.022251062945470856,-2.2251062945470856,67525.83,-26263.72,-38.89433125072287,0.005643687957810396,0.005189569020523622,0.004627001652370794,0.6%,0.5%,0.5%,24,,,56.06872307855222
2022-03-21 00:00:00+00:00,41262.11,41544.22,40467.94,41002.25,39426.24877,1618789548.0684214,947206,19079.42652,783366152.1200151,-0.006297787485904149,-0.6297787485904149,67525.83,-26523.58,-39.279161766689874,0.005472917220247682,0.005056199107604374,0.004421126688372373,0.5%,0.5%,0.4%,24,,,56.06872307855222
2022-03-22 00:00:00+00:00,41002.26,43361.0,40875.51,42364.13,59454.94294,2525975507.8012,1367343,30215.54785,1283334795.3252618,0.03321476260449119,3.321476260449119,67525.83,-25161.700000000004,-37.26233353962477,0.0022398863721637967,0.002364583347596965,0.002379673457822371,0.2%,0.2%,0.2%,24,,,56.06872307855222
2022-03-23 00:00:00+00:00,42364.13,43025.96,41751.47,42882.76,40828.87039,1725787170.5823965,916671,20211.34116,854479820.5334152,0.012242196405308103,1.2242196405308103,67525.83,-24643.07,-36.49428670480614,0.0021026289748448473,0.0019304737911828738,0.0021306908057317697,0.2%,0.2%,0.2%,24,,,56.06872307855222
2022-03-24 00:00:00+00:00,42882.76,44220.89,42560.46,43991.46,56195.12374,2436258223.622338,1202541,27963.10189,1212354441.1395836,0.025854212741903693,2.5854212741903693,67525.83,-23534.370000000003,-34.852396482945856,0.002125808698155597,0.002285153077292296,0.002406659691780208,0.2%,0.2%,0.2%,24,,,56.06872307855222
2022-03-25 00:00:00+00:00,43991.46,45094.14,43579.0,44313.16,54614.43648,2421153187.6604123,1141588,27819.34765,1233475690.3636422,0.007312782981060417,0.7312782981060417,67525.83,-23212.67,-34.37598619668947,0.003859274904891396,0.0032042605005287743,0.002789050343119035,0.4%,0.3%,0.3%,24,,,56.06872307855222
2022-03-26 00:00:00+00:00,44313.16,44792.99,44071.97,44511.27,23041.61741,1022802857.60941,693647,11422.59021,507079959.2099111,0.004470680944441696,0.4470680944441696,67525.83,-23014.560000000005,-34.082602168681234,0.005275144440561127,0.004281215084475558,0.0034462520410702318,0.5%,0.4%,0.3%,24,,,56.06872307855222
2022-03-27 00:00:00+00:00,44511.27,46999.0,44421.46,46827.76,41874.910710000004,1907019662.3441498,1135096,21674.84642,987241345.646293,0.05204277478490282,5.204277478490282,67525.83,-20698.07,-30.652077878939068,0.00291169324639033,0.003257013830122889,0.0047142927024165044,0.3%,0.3%,0.5%,24,,,56.06872307855222
2022-03-28 00:00:00+00:00,46827.76,48189.84,46663.56,47122.21,58949.2614,2789898402.616576,1498975,29097.75719,1377280753.9727275,0.00628793689896745,0.628793689896745,67525.83,-20403.620000000003,-30.21602252056732,0.0026134348931704785,0.0026339836365683483,0.0033969667305896907,0.3%,0.3%,0.3%,24,,,56.06872307855222
2022-03-29 00:00:00+00:00,47122.21,48096.47,46950.85,47434.8,36772.28457,1748600385.4502351,1095678,18192.3742,865179145.1756456,0.006633602286480356,0.6633602286480356,67525.83,-20091.03,-29.753103368000065,0.002707248859264692,0.002567323752722067,0.0026981930999533067,0.3%,0.3%,0.3%,24,,,56.06872307855222
2022-03-30 00:00:00+00:00,47434.79,47700.22,46445.42,47067.99,40947.2085,1932152559.8831122,1081607,20896.43399,985946938.5682786,-0.007732930253737891,-0.7732930253737891,67525.83,-20457.840000000004,-30.296317720196853,0.002447894790183444,0.002663562412744747,0.003470828888941424,0.2%,0.3%,0.3%,24,,,56.06872307855222
2022-03-31 00:00:00+00:00,47067.99,47600.0,45200.0,45510.34,48645.12667,2262485160.5685844,1290541,22879.47328,1064278670.6426109,-0.033093616277219406,-3.3093616277219406,67525.83,-22015.490000000005,-32.603064634673885,0.006446989638401737,0.006276574023565361,0.0053508651680742245,0.6%,0.6%,0.5%,24,,,56.06872307855222
2022-04-01 00:00:00+00:00,45510.35,46720.09,44200.0,46283.49,56271.06474,2556532890.870311,1372216,28041.37621,1274359931.8405368,0.016988447021050623,1.6988447021050623,67525.83,-21242.340000000004,-31.45809536883887,0.004409175693723191,0.005448709126031133,0.005841950183792452,0.4%,0.5%,0.6%,24,,,56.06872307855222
2022-04-02 00:00:00+00:00,46283.49,47213.0,45620.0,45811.0,37073.53582,1721690754.4393935,1056716,18562.93079,862197811.5688924,-0.010208607864272912,-1.0208607864272912,67525.83,-21714.83,-32.15781279548878,0.00663122054007322,0.006534708314678766,0.005737350817554798,0.7%,0.7%,0.6%,24,,,56.06872307855222
2022-04-03 00:00:00+00:00,45810.99,47444.11,45530.92,46407.35,33394.67794,1550999693.0508049,966563,16740.18067,777615974.8155177,0.013017615856453668,1.3017615856453668,67525.83,-21118.480000000003,-31.27466926359884,0.00440371262310996,0.004660856787684496,0.005702371983313586,0.4%,0.5%,0.6%,24,,,56.06872307855222
2022-04-04 00:00:00+00:00,46407.36,46890.71,45118.0,46580.51,44641.87514,2053434523.8685389,1171998,21913.04154,1008164276.0490184,0.003731305493634096,0.3731305493634096,67525.83,-20945.32,-31.018234059470274,0.0035477887820441305,0.004020652376799674,0.005464789861668589,0.4%,0.4%,0.5%,24,,,56.06872307855222
2022-04-05 00:00:00+00:00,46580.5,47200.0,45353.81,45497.55,42192.74852,1951668192.9295099,1046080,20607.57735,953494654.4599284,-0.023249208735584892,-2.324920873558489,67525.83,-22028.28,-32.62200553477091,0.006479603684993625,0.006417175008090247,0.005345652876775071,0.6%,0.6%,0.5%,24,,,56.06872307855222
2022-04-06 00:00:00+00:00,45497.54,45507.14,43121.0,43170.47,60849.32936,2700644700.890392,1471912,29467.28381,1307725131.1946254,-0.05114736947374088,-5.114736947374087,67525.83,-24355.36,-36.06821271208366,0.0019945535709720986,0.0018896835799983363,0.0019743671707262446,0.2%,0.2%,0.2%,24,,,56.06872307855222
2022-04-07 00:00:00+00:00,43170.47,43900.99,42727.35,43444.19,37396.54156,1623879486.6600313,999816,18567.25999,806358703.2156662,0.006340445216371338,0.6340445216371338,67525.83,-24081.64,-35.66285671719992,0.002792866686832151,0.0024678776128859736,0.0022656122225131916,0.3%,0.2%,0.2%,24,,,56.06872307855222
2022-04-08 00:00:00+00:00,43444.2,43970.62,42107.14,42252.01,42375.04203,1830699971.6113117,1108136,20530.56354,887196762.4943209,-0.0274416440955626,-2.74416440955626,67525.83,-25273.82,-37.42837370529174,0.0018495318957907137,0.002331710056181336,0.002542908513585898,0.2%,0.2%,0.3%,24,,,56.06872307855222
2022-04-09 00:00:00+00:00,42252.02,42800.0,42125.48,42753.97,17891.66047,759274586.6137776,640230,8910.47179,378158044.3039713,0.011880144873581244,1.1880144873581244,67525.83,-24771.86,-36.68501371993502,0.001791403214089945,0.0020113198256061747,0.0021907293700120854,0.2%,0.2%,0.2%,24,,,56.06872307855222
2022-04-10 00:00:00+00:00,42753.96,43410.3,41868.0,42158.85,22771.09403,971459737.5009404,678983,10952.24952,467438845.4221835,-0.013919643017946681,-1.3919643017946681,67525.83,-25366.980000000003,-37.56633572663972,0.002494777569894573,0.002461417468862656,0.002690563389352718,0.2%,0.2%,0.3%,24,,,56.06872307855222
2022-04-11 00:00:00+00:00,42158.85,42414.71,39200.0,39530.45,63560.44721,2602039073.0150447,1385924,30543.05561,1251713135.5000079,-0.06234515410168928,-6.234515410168928,67525.83,-27995.380000000005,-41.4587721468955,0.0032967414617036165,0.003282841003333076,0.003242727847894704,0.3%,0.3%,0.3%,24,,,56.06872307855222
2022-04-12 00:00:00+00:00,39530.45,40699.0,39254.63,40074.94,57751.01778,2309514071.593873,1153667,28344.99788,1133659106.655711,0.01377393882437472,1.377393882437472,67525.83,-27450.89,-40.652428855743054,0.0036316478334480983,0.0036433207715033974,0.0034061236786123834,0.4%,0.4%,0.3%,24,,,56.06872307855222
2022-04-13 00:00:00+00:00,40074.95,41561.31,39588.54,41147.79,41342.27254,1677171454.091079,948061,20522.54699,832653378.5114936,0.026771094354726355,2.6771094354726355,67525.83,-26378.04,-39.063629428916315,0.0055442319757159145,0.005136528312961993,0.004582405732755028,0.6%,0.5%,0.5%,24,,,56.06872307855222
2022-04-14 00:00:00+00:00,41147.78,41500.0,39551.94,39942.38,36807.01401,1494726286.0180101,803756,17787.82129,722216571.859389,-0.02929464741605814,-2.929464741605814,67525.83,-27583.450000000004,-40.84873891961047,0.003226383768104778,0.003426605451845006,0.0033953918524685027,0.3%,0.3%,0.3%,24,,,56.06872307855222
2022-04-15 00:00:00+00:00,39942.37,40870.36,39766.4,40551.9,24026.35739,966888436.8162509,616536,11755.544390000001,473100437.4733753,0.015259982004077077,1.5259982004077077,67525.83,-26973.93,-39.94609174000527,0.004650783689555892,0.004255490493030567,0.003818676651587494,0.5%,0.4%,0.4%,24,,,56.06872307855222
2022-04-16 00:00:00+00:00,40551.9,40709.35,39991.55,40378.71,15805.447180000001,638275503.9141085,423446,7642.38243,308642382.8796384,-0.004270823315307148,-0.42708233153071484,67525.83,-27147.120000000003,-40.20257137157736,0.004599145927532723,0.004026024405703221,0.003761538023692234,0.5%,0.4%,0.4%,24,,,56.06872307855222
2022-04-17 00:00:00+00:00,40378.7,40595.67,39546.17,39678.12,19988.49259,803414248.9836985,590241,9578.91533,385124871.4665126,-0.01735047999304573,-1.735047999304573,67525.83,-27847.71,-41.2400854606304,0.003598776146477546,0.003537343026403125,0.003355124168719629,0.4%,0.4%,0.3%,24,,,56.06872307855222
2022-04-18 00:00:00+00:00,39678.11,41116.73,38536.51,40801.13,54243.49575,2153574975.9131336,1157741,27097.19375,1076513006.7058175,0.028303004275403998,2.8303004275404,67525.83,-26724.700000000004,-39.57700334820024,0.004725593195891563,0.004536161257924032,0.004080507047202147,0.5%,0.5%,0.4%,24,,,56.06872307855222
2022-04-19 00:00:00+00:00,40801.13,41760.0,40571.0,41493.18,35788.85843,1472363265.3621879,934526,17806.81506,732539241.889679,0.016961540035778544,1.6961540035778544,67525.83,-26032.65,-38.55213627140903,0.0030672399707996323,0.004661854828582284,0.004579749835179103,0.3%,0.5%,0.5%,24,,,56.06872307855222
2022-04-20 00:00:00+00:00,41493.19,42199.0,40820.0,41358.19,40877.35041,1697039284.0853007,1063843,20007.29623,830754792.6236624,-0.0032533057239767516,-0.32533057239767516,67525.83,-26167.64,-38.7520449582034,0.0044102975410758504,0.004967899682585771,0.004617943211986516,0.4%,0.5%,0.5%,24,,,56.06872307855222
2022-04-21 00:00:00+00:00,41358.19,42976.0,39751.0,40480.01,59316.27657,2476061417.8872576,1515456,29413.89548,1228429890.9573543,-0.021233521099448538,-2.123352109944854,67525.83,-27045.82,-40.05255470388146,0.004407799159180413,0.004077647992914161,0.003745373191636118,0.4%,0.4%,0.4%,24,,,56.06872307855222
2022-04-22 00:00:00+00:00,40480.01,40795.06,39177.0,39709.18,46664.0196,1870172362.40225,1043471,23248.71242,931654706.5531975,-0.01904223837889374,-1.9042238378893739,67525.83,-27816.65,-41.19408824741584,0.0035762376212509837,0.003528783863470182,0.003303640809729784,0.4%,0.4%,0.3%,24,,,56.06872307855222
2022-04-23 00:00:00+00:00,39709.19,39980.0,39285.0,39441.6,20291.42375,804677022.9078971,724132,10217.20484,405193110.9436816,-0.00673849220759537,-0.673849220759537,67525.83,-28084.230000000003,-41.59035142552116,0.003435306768336275,0.003141567029178521,0.003243155854732525,0.3%,0.3%,0.3%,24,,,56.06872307855222
2022-04-24 00:00:00+00:00,39441.61,39940.0,38929.62,39450.13,26703.61186,1056336243.019861,868183,12639.702290000001,500129939.07795733,0.00021626911687144812,0.021626911687144812,67525.83,-28075.700000000004,-41.5777192224072,0.003487578139502054,0.0031808918720901865,0.003216613190497681,0.3%,0.3%,0.3%,24,,,56.06872307855222
2022-04-25 00:00:00+00:00,39450.12,40616.0,38200.0,40426.08,63037.12784,2470071005.2401423,1280351,31958.39557,1252785476.6028605,0.024738828490552534,2.4738828490552534,67525.83,-27099.75,-40.13242043822341,0.004381749877119923,0.00402760222137074,0.003752916228184974,0.4%,0.4%,0.4%,24,,,56.06872307855222
2022-04-26 00:00:00+00:00,40426.08,40797.31,37702.26,38112.65,66650.258,2615206861.8349133,1381618,31936.9422,1253685872.4445755,-0.057226176765098224,-5.722617676509822,67525.83,-29413.18,-43.558413128724226,0.0037451937107851768,0.0031847077574041903,0.003475987161450465,0.4%,0.3%,0.3%,24,,,56.06872307855222
2022-04-27 00:00:00+00:00,38112.64,39474.72,37881.31,39235.72,57083.12272,2218523642.426387,1232083,28942.08915,1124748467.7003632,0.029467119184837465,2.9467119184837465,67525.83,-28290.11,-41.895242161406976,0.0030053924253512685,0.0031472290561589513,0.003343474750875559,0.3%,0.3%,0.3%,24,,,56.06872307855222
2022-04-28 00:00:00+00:00,39235.72,40372.63,38881.43,39742.07,56086.6715,2223808385.8063755,1135242,28519.46629,1130865428.7936184,0.012905332182001406,1.2905332182001406,67525.83,-27783.760000000002,-41.14538096014518,0.003587069983336147,0.003546439380940186,0.0033103917693538616,0.4%,0.4%,0.3%,24,,,56.06872307855222
2022-04-29 00:00:00+00:00,39742.06,39925.25,38175.0,38596.11,51453.65715,2006135662.8559992,1101140,24773.60543,966125835.4961327,-0.028834934868767537,-2.8834934868767537,67525.83,-28929.72,-42.84245006688552,0.0038736568446094107,0.0039093841126479345,0.0036263923159776607,0.4%,0.4%,0.4%,24,,,56.06872307855222
2022-04-30 00:00:00+00:00,38596.11,38795.38,37578.2,37630.8,35321.18989,1354900532.1335113,1017369,16523.43017,634076437.1873089,-0.025010551581493567,-2.5010551581493567,67525.83,-29895.03,-44.271991917759465,0.004324495211687116,0.0036370104781723415,0.0039062132276290497,0.4%,0.4%,0.4%,24,,,56.06872307855222
2022-05-01 00:00:00+00:00,37630.8,38675.0,37386.38,38468.35,38812.24104,1478259271.913873,1021157,19551.11747,744825800.8143973,0.022257034131615505,2.2257034131615505,67525.83,-29057.480000000003,-43.03165173978609,0.004018549981482276,0.0041256221951759,0.0038373841242703307,0.4%,0.4%,0.4%,24,,,56.06872307855222
2022-05-02 00:00:00+00:00,38468.35,39167.34,38052.0,38525.16,53200.92628,2058450718.2963235,1053893,27276.29561,1055369693.1339271,0.0014767984589929561,0.14767984589929561,67525.83,-29000.67,-42.94752097086404,0.003971868921828953,0.004189525845645427,0.003847418840372476,0.4%,0.4%,0.4%,24,,,56.06872307855222
2022-05-03 00:00:00+00:00,38525.16,38651.51,37517.8,37728.95,40316.45358,1539320434.2647235,1005131,20002.76343,764016892.6745052,-0.02066727302365534,-2.066727302365534,67525.83,-29796.880000000005,-44.12664013163556,0.004248446189349367,0.0037329623643239896,0.003802370129644956,0.4%,0.4%,0.4%,24,,,56.06872307855222
2022-05-04 00:00:00+00:00,37728.95,40023.77,37670.0,39690.0,62574.61736,2438553987.453543,1238847,32968.16942,1284541284.602138,0.0519773277549469,5.19773277549469,67525.83,-27835.83,-41.22249219298748,0.0035847346689795233,0.003506145249177409,0.0032832929821323925,0.4%,0.4%,0.3%,24,,,56.06872307855222
2022-05-05 00:00:00+00:00,39690.0,39845.51,35571.9,36552.97,88722.43355,3329684235.9639516,1979692,41786.44096,1568954443.5851629,-0.07903829680020158,-7.9038296800201575,67525.83,-30972.86,-45.868166300214305,0.0034418092747704,0.004396411928572122,0.005044640669257818,0.3%,0.4%,0.5%,24,,,56.06872307855222
2022-05-06 00:00:00+00:00,36552.97,36675.63,35258.0,36013.77,68437.80187,2466507512.182029,1214518,34536.42346,1245062436.8376348,-0.014751195320106825,-1.4751195320106825,67525.83,-31512.060000000005,-46.66667555215538,0.004916665874030949,0.005228724447044961,0.005146056299057534,0.5%,0.5%,0.5%,24,,,56.06872307855222
2022-05-07 00:00:00+00:00,36013.77,36146.3,34785.0,35472.39,34281.70682,1222539413.6400983,746488,15385.18829,548855038.2356379,-0.015032583370194197,-1.5032583370194197,67525.83,-32053.440000000002,-47.46841319832722,0.0063546864720286245,0.0056573079338195845,0.004760466470188623,0.6%,0.6%,0.5%,24,,,56.06872307855222
2022-05-08 00:00:00+00:00,35472.4,35514.22,33713.95,34038.4,72445.64344,2498365159.9945807,1301451,32350.03935,1115547715.9145274,-0.040425525317014155,-4.042552531701416,67525.83,-33487.43,-49.592030190521164,0.005284310797892098,0.006019120618735154,0.007731034974015343,0.5%,0.6%,0.8%,24,,,56.06872307855222
2022-05-09 00:00:00+00:00,34038.39,34243.15,30033.33,30076.31,191876.926428,6166367111.275724,2564538,86538.962569,2781053306.4725456,-0.11640059462254393,-11.640059462254392,67525.83,-37449.520000000004,-55.45954785005976,0.002934023919958456,0.0025712005238884964,0.0029408146622956445,0.3%,0.3%,0.3%,24,,,56.06872307855222
2022-05-10 00:00:00+00:00,30074.23,32658.99,29730.4,31017.1,165532.00311,5179856929.47993,2470325,73691.196106,2307177624.541944,0.031280100517649734,3.1280100517649734,67525.83,-36508.73,-54.06631802970805,0.007313934347743748,0.005896903435897431,0.004547112088037309,0.7%,0.6%,0.5%,24,,,56.06872307855222
2022-05-11 00:00:00+00:00,31017.11,32162.59,27785.0,29103.94,207063.739278,6300295994.553139,3559270,99622.11747499999,3036296142.0982084,-0.061680814776365334,-6.168081477636534,67525.83,-38421.89,-56.899544959314085,0.0029177620644124497,0.004528111845728555,0.004416124832583914,0.3%,0.5%,0.4%,24,,,56.06872307855222
2022-05-12 00:00:00+00:00,29103.94,30243.0,26700.0,29029.75,204507.263138,5795451310.945579,3951233,101465.278257,2877462252.2122283,-0.002549139394872224,-0.2549139394872224,67525.83,-38496.08,-57.00941402719523,0.0042197302930210906,0.005135834850182139,0.004698001908897974,0.4%,0.5%,0.5%,24,,,56.06872307855222
2022-05-13 00:00:00+00:00,29029.74,31083.37,28751.67,29287.05,97872.36957,2956855804.856112,2051900,48827.72764,1475641181.96275,0.00886332124803002,0.886332124803002,67525.83,-38238.78,-56.628374653077195,0.0016134779962440147,0.0018788847532659808,0.003885242766993354,0.2%,0.2%,0.4%,24,,,56.06872307855222
2022-05-14 00:00:00+00:00,29287.05,30343.27,28630.0,30086.74,51095.87863,1501483453.5008905,1204626,25908.17135,761545954.1904565,0.02730524241943111,2.730524241943111,67525.83,-37439.09,-55.44410190885473,0.0029365510870822216,0.0025639852429380347,0.002937812651840372,0.3%,0.3%,0.3%,24,,,56.06872307855222
2022-05-15 00:00:00+00:00,30086.74,31460.0,29480.0,31328.89,46275.66912,1401499926.2304175,1016769,24163.362,732332763.6094486,0.04128562948328729,4.128562948328729,67525.83,-36196.94,-53.6045836089686,0.010461431320604868,0.008315081115304313,0.0063540884635676,1.0%,0.8%,0.6%,24,,,56.06872307855222
2022-05-16 00:00:00+00:00,31328.89,31328.9,29087.04,29874.01,73082.19658,2185567735.682062,1561954,36284.05379,1085179422.7219367,-0.04643892586044385,-4.643892586044385,67525.83,-37651.82000000001,-55.75913691101613,0.0028441957678926066,0.0032501577432436897,0.0027496954806937443,0.3%,0.3%,0.3%,24,,,56.06872307855222
2022-05-17 00:00:00+00:00,29874.01,30788.37,29450.38,30444.93,56724.13307,1715109131.0802064,1175382,28600.362380000002,865031716.5404288,0.019110926186340693,1.9110926186340693,67525.83,-37080.9,-54.91365304210256,0.002271015699355944,0.0019407834803090473,0.0022295128979037833,0.2%,0.2%,0.2%,24,,,56.06872307855222
2022-05-18 00:00:00+00:00,30444.93,30709.99,28654.47,28715.32,59749.15799,1762843836.1269379,1379212,29501.76769,870623227.207057,-0.05681110122440747,-5.681110122440747,67525.83,-38810.51,-57.475058062966426,0.005410563577428193,0.004754437873080938,0.004224144868938849,0.5%,0.5%,0.4%,24,,,56.06872307855222
2022-05-19 00:00:00+00:00,28715.33,30545.18,28691.38,30319.23,67877.36415,2014360135.7852721,1860780,35339.65787,1049163442.9020371,0.0558555502776914,5.58555502776914,67525.83,-37206.600000000006,-55.09980403054653,0.001515522221654731,0.0018086688099393906,0.002197142976307256,0.2%,0.2%,0.2%,24,,,56.06872307855222
2022-05-20 00:00:00+00:00,30319.22,30777.33,28730.0,29201.01,60517.25325,1800589029.270878,1694004,30890.40127,919467696.618159,-0.03688154349566264,-3.688154349566264,67525.83,-38324.82000000001,-56.75579256115771,0.002116607654952991,0.0029529257772918246,0.004324565399292746,0.2%,0.3%,0.4%,24,,,56.06872307855222
2022-05-21 00:00:00+00:00,29201.01,29656.18,28947.28,29445.06,20987.13124,616194663.9792111,643486,10558.92886,310046148.80258757,0.008357587631386831,0.8357587631386831,67525.83,-38080.770000000004,-56.394375307937715,0.0017333161517407967,0.0017452786138273035,0.0018577802477556925,0.2%,0.2%,0.2%,24,,,56.06872307855222
2022-05-22 00:00:00+00:00,29445.07,30487.99,29255.11,30293.94,36158.98748,1082530816.01625,862880,18538.10071,555044195.7973803,0.0288292840972304,2.88292840972304,67525.83,-37231.89,-55.13725636545305,0.0016929392856602566,0.0017928926614585484,0.002256505438552765,0.2%,0.2%,0.2%,24,,,56.06872307855222
2022-05-23 00:00:00+00:00,30293.93,30670.51,28866.35,29109.15,63901.499319999995,1914305818.0745187,1328317,30476.66811,913813980.9533184,-0.03910980215845139,-3.910980215845139,67525.83,-38416.68,-56.8918293932855,0.002918557580341661,0.004434950002653656,0.00440932070769741,0.3%,0.4%,0.4%,24,,,56.06872307855222
2022-05-24 00:00:00+00:00,29109.14,29845.86,28669.0,29654.58,59442.96036,1740257602.3067698,946421,29480.07674,863516681.5129281,0.018737407310072562,1.8737407310072562,67525.83,-37871.25,-56.0840940422354,0.0031780706497411297,0.002787273852523112,0.002300807590176577,0.3%,0.3%,0.2%,24,,,56.06872307855222
2022-05-25 00:00:00+00:00,29654.58,30223.74,29294.21,29542.15,59537.38659,1771708175.0718915,985440,28846.96589,858587338.503838,-0.0037913199242747275,-0.37913199242747275,67525.83,-37983.68,-56.25059329148564,0.0024549984766456283,0.0021520410844387697,0.0018894049495535269,0.2%,0.2%,0.2%,24,,,56.06872307855222
2022-05-26 00:00:00+00:00,29542.14,29886.64,28019.56,29201.35,94581.65463,2759055410.397752,1431112,45206.85416,1319426335.7162364,-0.011536059494654305,-1.1536059494654305,67525.83,-38324.48,-56.7552890501309,0.0021129660944050163,0.002951049436549908,0.004326960703173646,0.2%,0.3%,0.4%,24,,,56.06872307855222
2022-05-27 00:00:00+00:00,29201.35,29397.66,28282.9,28629.8,90998.5201,2626515958.50349,1321406,43590.05398,1258912486.7048602,-0.019572725233593657,-1.9572725233593657,67525.83,-38896.03,-57.60170589535887,0.004793050891421524,0.004303268608757066,0.0039487273080795905,0.5%,0.4%,0.4%,24,,,56.06872307855222
2022-05-28 00:00:00+00:00,28629.81,29266.0,28450.0,29031.33,34479.35127,994674257.5679231,684423,17561.21465,506633343.6800464,0.01402489713515287,1.402489713515287,67525.83,-38494.5,-57.00707418183531,0.00422204511448816,0.005134662346270435,0.0046939733103289905,0.4%,0.5%,0.5%,24,,,56.06872307855222
2022-05-29 00:00:00+00:00,29031.33,29587.78,28839.21,29468.1,27567.34764,804777532.6497605,635311,13735.42581,401056725.5655391,0.015044780931497082,1.5044780931497082,67525.83,-38057.73,-56.360255031296916,0.001922745980679475,0.0018024064086611565,0.0018657715805682493,0.2%,0.2%,0.2%,24,,,56.06872307855222
2022-05-30 00:00:00+00:00,29468.1,32222.0,29299.62,31734.22,96785.9476,2980527582.4674954,1380410,45024.45633,1384940691.9669578,0.07690078423787083,7.690078423787083,67525.83,-35791.61,-53.00432441926297,0.007459162965118808,0.0092206353374375,0.007204350419488702,0.7%,0.9%,0.7%,24,,,56.06872307855222
2022-05-31 00:00:00+00:00,31734.23,32399.0,31200.01,31801.04,62433.11632,1981259117.0115466,1161340,30046.95511,953574564.3261106,0.002105613435591014,0.2105613435591014,67525.83,-35724.79,-52.90536969334549,0.006673907287754678,0.008876592596635965,0.007226912259447918,0.7%,0.9%,0.7%,24,,,56.06872307855222
2022-06-01 00:00:00+00:00,31801.05,31982.97,29301.0,29805.83,103395.63382,3171191028.249736,1404611,47614.81205,1460767260.6962943,-0.06274040094286226,-6.274040094286226,67525.83,-37720.0,-55.86010568104087,0.003680163824786551,0.0033238208002411436,0.002729654600716163,0.4%,0.3%,0.3%,24,,,56.06872307855222
2022-06-02 00:00:00+00:00,29805.84,30689.0,29594.55,30452.62,56961.429280000004,1711652906.191896,1086183,28555.06607,858193492.4047692,0.02170011705763586,2.170011705763586,67525.83,-37073.21000000001,-54.902264807407775,0.0023064465296435306,0.0019483784616743322,0.0022158429713465123,0.2%,0.2%,0.2%,24,,,56.06872307855222
2022-06-03 00:00:00+00:00,30452.63,30699.0,29282.36,29700.21,54067.447270000004,1615616950.714381,993769,26583.25141,794354787.342094,-0.02470756210795655,-2.470756210795655,67525.83,-37825.62,-56.01651990060692,0.0035595739690623637,0.0031224915593418816,0.0025348247696582553,0.4%,0.3%,0.3%,24,,,56.06872307855222
2022-06-04 00:00:00+00:00,29700.21,29988.88,29485.0,29864.04,25617.90113,760874329.4663156,618037,12971.7246,385358236.9157799,0.005516122613274499,0.5516122613274499,67525.83,-37661.79,-55.77390163142015,0.002808285233978512,0.0032693280496174843,0.00274535659359775,0.3%,0.3%,0.3%,24,,,56.06872307855222
2022-06-05 00:00:00+00:00,29864.03,30189.0,29531.42,29919.21,23139.9281,691201528.1600258,604680,11753.51303,351150600.7844381,0.001847372291223781,0.1847372291223781,67525.83,-37606.62,-55.6921995627451,0.002035785877943419,0.003047558352170847,0.002756493324680396,0.2%,0.3%,0.3%,24,,,56.06872307855222
2022-06-06 00:00:00+00:00,29919.2,31765.64,29890.23,31373.1,68836.92456,2149499896.9349375,1124745,34225.53913,1068381827.9889433,0.048593863273796334,4.859386327379633,67525.83,-36152.73,-53.539112366334486,0.010611441318143443,0.008469536429484708,0.006490314017956731,1.1%,0.8%,0.6%,24,,,56.06872307855222
2022-06-07 00:00:00+00:00,31373.1,31589.6,29218.96,31125.33,110674.51658,3347397952.7305903,1743957,54831.53114,1661147413.2582464,-0.007897530049628454,-0.7897530049628454,67525.83,-36400.5,-53.906038622553766,0.008338020180080051,0.0067053326713594616,0.00514601677328578,0.8%,0.7%,0.5%,24,,,56.06872307855222
2022-06-08 00:00:00+00:00,31125.32,31327.22,29843.88,30204.77,68542.61276,2087270428.3470392,1236327,32668.41005,995180478.2745385,-0.0295759113236711,-2.95759113236711,67525.83,-37321.06,-55.26930953680984,0.001904099311448267,0.0025047042152916304,0.00280135980335628,0.2%,0.3%,0.3%,24,,,56.06872307855222
2022-06-09 00:00:00+00:00,30204.77,30700.0,29944.1,30109.93,46291.1865,1399839073.774508,841562,23082.29251,697948605.9884633,-0.00313990141292253,-0.313990141292253,67525.83,-37415.9,-55.409759494996216,0.0028051960994776195,0.002512161909515083,0.0029137948146938405,0.3%,0.3%,0.3%,24,,,56.06872307855222
2022-06-10 00:00:00+00:00,30109.93,30382.8,28850.0,29091.88,76204.2498,2255866294.494887,1258608,35502.20972,1050877735.8447757,-0.03381110484149241,-3.381110484149241,67525.83,-38433.95,-56.91740479161827,0.003493930679821434,0.004673976577862678,0.004435886548257571,0.3%,0.5%,0.4%,24,,,56.06872307855222
2022-06-11 00:00:00+00:00,29091.87,29440.41,28099.99,28424.7,65901.39895,1892007188.0756001,1084163,31848.3308,914365117.8340094,-0.02293354709286577,-2.293354709286577,67525.83,-39101.130000000005,-57.90544151771255,0.003665756776155165,0.004129019202864408,0.003747180577333657,0.4%,0.4%,0.4%,24,,,56.06872307855222
2022-06-12 00:00:00+00:00,28424.71,28544.96,26560.0,26574.53,92474.598809,2551767136.329585,1451271,43538.78641,1201389150.8900456,-0.06509022082906779,-6.509022082906779,67525.83,-40951.3,-60.64538562502675,0.0027482834325572706,0.0032829591213830033,0.0031665230307387866,0.3%,0.3%,0.3%,24,,,56.06872307855222
2022-06-13 00:00:00+00:00,26574.53,26895.84,21925.77,22487.41,254611.034966,6192246037.404873,3261484,121398.556133,2953984191.5180383,-0.153798392671479,-15.379839267147899,67525.83,-45038.42,-66.69806206010351,0.007472092159289132,0.009856987861857246,0.007898163777899293,0.7%,1.0%,0.8%,24,,,56.06872307855222
2022-06-14 00:00:00+00:00,22485.27,23362.88,20846.0,22136.41,187201.64671,4136108699.025428,2583151,92764.742864,2051107738.6303787,-0.015608733953799026,-1.5608733953799026,67525.83,-45389.42,-67.2178631495533,0.011034503882559272,0.008945888030048517,0.007034161542625264,1.1%,0.9%,0.7%,24,,,56.06872307855222
2022-06-15 00:00:00+00:00,22136.42,22800.0,20111.62,22583.72,200774.493467,4249276481.256697,2847831,98340.102217,2083014439.1952906,0.02020698026464096,2.020698026464096,67525.83,-44942.11,-66.55543515718355,0.006507753827922963,0.009920550563001953,0.008116857668298394,0.7%,1.0%,0.8%,24,,,56.06872307855222
2022-06-16 00:00:00+00:00,22583.72,22995.73,20232.0,20401.31,99673.59429,2130037160.0626109,1690477,48048.86237,1027305936.8191556,-0.09663642659402438,-9.663642659402438,67525.83,-47124.520000000004,-69.78739839258547,0.0034859879359171024,0.003708430134777275,0.003969257765638318,0.3%,0.4%,0.4%,24,,,56.06872307855222
2022-06-17 00:00:00+00:00,20400.6,21365.43,20246.66,20468.81,86694.33663,1796575392.5507207,1352992,43066.94445,892584106.6574169,0.0033086110646816103,0.330861106468161,67525.83,-47057.020000000004,-69.68743664461437,0.0043639337074248274,0.003831926406151528,0.0041720489896609515,0.4%,0.4%,0.4%,24,,,56.06872307855222
2022-06-18 00:00:00+00:00,20468.81,20792.06,17622.0,18970.79,196441.655524,3726639821.696151,2467372,96560.044649,1833514054.8893414,-0.07318549539518904,-7.318549539518903,67525.83,-48555.04,-71.90587661047631,0.006404329571000498,0.010085403685059242,0.014313761273922324,0.6%,1.0%,1.4%,24,,,56.06872307855222
2022-06-19 00:00:00+00:00,18970.79,20815.95,17960.41,20574.0,128320.87595,2487561781.535987,1950660,65871.82216,1277952917.4081194,0.08450939576053496,8.450939576053496,67525.83,-46951.83,-69.53165921840576,0.004732017330849391,0.004176182086952301,0.004154491178719905,0.5%,0.4%,0.4%,24,,,56.06872307855222
2022-06-20 00:00:00+00:00,20574.0,21090.0,19637.03,20573.89,109028.94154,2220396381.7426524,1639448,54047.82476,1100883996.5003533,-5.346553903051721e-06,-0.0005346553903051721,67525.83,-46951.94,-69.53182211903209,0.004729576137473014,0.004170720067051548,0.004154473350356641,0.5%,0.4%,0.4%,24,,,56.06872307855222
2022-06-21 00:00:00+00:00,20573.9,21723.0,20348.4,20723.52,104371.0749,2198596137.3432837,1515321,52193.33566,1099446297.122863,0.007272810343595726,0.7272810343595726,67525.83,-46802.31,-69.31023283978887,0.004361853340838727,0.004539475832346861,0.004234901561551161,0.4%,0.5%,0.4%,24,,,56.06872307855222
2022-06-22 00:00:00+00:00,20723.51,20900.0,19770.51,19987.99,92133.97938,1872204589.2375817,1394981,44907.30453,912710764.7302253,-0.035492522505829016,-3.5492522505829016,67525.83,-47537.84,-70.39949009142131,0.004417714025774046,0.005694827553610141,0.004972749637490992,0.4%,0.6%,0.5%,24,,,56.06872307855222
2022-06-23 00:00:00+00:00,19988.0,21233.0,19890.07,21110.13,83127.08716,1710694866.4572449,1207858,42716.83721,879244263.2830158,0.056140712497855016,5.614071249785502,67525.83,-46415.7,-68.7376963748539,0.0054478516356185145,0.00487225939571669,0.004613169394962778,0.5%,0.5%,0.5%,24,,,56.06872307855222
2022-06-24 00:00:00+00:00,21110.12,21558.41,20736.72,21237.69,77430.36622,1635129191.170251,1309709,38582.36962,815027131.3205568,0.006042596611200324,0.6042596611200324,67525.83,-46288.14,-68.54879088491026,0.004668124275985386,0.005165106713376032,0.004652703321812033,0.5%,0.5%,0.5%,24,,,56.06872307855222
2022-06-25 00:00:00+00:00,21237.68,21614.5,20906.62,21491.19,51431.67794,1093873137.974752,874540,25240.18142,536863288.4627487,0.011936326408380493,1.1936326408380493,67525.83,-46034.64,-68.17337898697431,0.004324636001681671,0.003871146497714178,0.004548507371232918,0.4%,0.4%,0.5%,24,,,56.06872307855222
2022-06-26 00:00:00+00:00,21491.18,21888.0,20964.73,21038.07,53278.10464,1139258367.162915,885306,26051.16372,557192553.7220398,-0.021083988369187567,-2.1083988369187567,67525.83,-46487.76,-68.84441109424348,0.005353272336683039,0.004728664263072128,0.0045091717749384036,0.5%,0.5%,0.5%,24,,,56.06872307855222
2022-06-27 00:00:00+00:00,21038.08,21539.85,20510.0,20742.56,64475.001299999996,1354369225.8404648,1002214,31992.4604,672191483.8106797,-0.014046440571782393,-1.4046440571782393,67525.83,-46783.270000000004,-69.28203622228708,0.004271756875466914,0.004497364218349123,0.0041438814878767905,0.4%,0.4%,0.4%,24,,,56.06872307855222
2022-06-28 00:00:00+00:00,20742.57,21212.1,20202.01,20281.29,63801.0832,1321862977.9315486,1064497,30490.78532,631852171.7596262,-0.022237852994037355,-2.2237852994037355,67525.83,-47244.54,-69.96513778505202,0.004018748641182751,0.003998545348992968,0.005106757920068329,0.4%,0.4%,0.5%,24,,,56.06872307855222
2022-06-29 00:00:00+00:00,20281.28,20432.31,19854.92,20123.01,77309.04379,1556549790.008924,1210636,37814.12159,761473366.3908588,-0.007804237304431916,-0.7804237304431916,67525.83,-47402.82000000001,-70.1995369771834,0.004102832157609681,0.004284131108642109,0.005160133499350458,0.4%,0.4%,0.5%,24,,,56.06872307855222
2022-06-30 00:00:00+00:00,20123.0,20179.08,18626.0,19942.21,93846.64806,1808994369.0314438,1438163,45447.98482,876020577.3495957,-0.008984739360562877,-0.8984739360562877,67525.83,-47583.62,-70.46728637026749,0.00441716028749142,0.006170195158611751,0.004960263979116579,0.4%,0.6%,0.5%,24,,,56.06872307855222
2022-07-01 00:00:00+00:00,19942.21,20918.35,18975.0,19279.8,111844.59494,2197016369.9695287,1668363,56417.61783,1108492421.9565263,-0.03321647901611702,-3.3216479016117018,67525.83,-48246.03,-71.4482591328385,0.0029284145053354626,0.0023944942977208714,0.003627234502678922,0.3%,0.2%,0.4%,24,,,56.06872307855222
2022-07-02 00:00:00+00:00,19279.8,19467.39,18977.01,19252.81,46180.3021,888415536.8730664,833508,23693.90779,455851305.3763755,-0.00139991078745616,-0.139991078745616,67525.83,-48273.020000000004,-71.4882290228791,0.002495153228341565,0.0020887501055437694,0.004043914544485976,0.2%,0.2%,0.4%,24,,,56.06872307855222
2022-07-03 00:00:00+00:00,19252.82,19647.63,18781.0,19315.83,51087.46631,980255891.3952553,880786,25361.962919999998,486752875.4369991,0.003273288418677689,0.3273288418677689,67525.83,-48210.0,-71.39490177314369,0.0027424745570184925,0.002527558320585712,0.0026009652423495066,0.3%,0.3%,0.3%,24,,,56.06872307855222
2022-07-04 00:00:00+00:00,19315.83,20354.01,19055.31,20236.71,74814.04601,1470987695.521582,1282843,38543.72441,758241531.9880207,0.04767488634969341,4.767488634969341,67525.83,-47289.12,-70.03115696615652,0.003959301523704448,0.004082214297274345,0.0052040722226946575,0.4%,0.4%,0.5%,24,,,56.06872307855222
2022-07-05 00:00:00+00:00,20236.71,20750.0,19304.4,20175.83,96041.13756,1919950110.1674304,1612273,48358.47507,967109793.3844756,-0.003008394151025384,-0.3008394151025384,67525.83,-47350.0,-70.12131505825252,0.004610051043313594,0.004393403587875496,0.005272349705681278,0.5%,0.4%,0.5%,24,,,56.06872307855222
2022-07-06 00:00:00+00:00,20175.84,20675.22,19761.25,20564.51,82439.5808,1665481948.0096319,1472221,41580.73433,840150579.642686,0.019264634961733806,1.9264634961733806,67525.83,-46961.32000000001,-69.54571309971311,0.004701327023310713,0.004135394471285407,0.004174940216105695,0.5%,0.4%,0.4%,24,,,56.06872307855222
2022-07-07 00:00:00+00:00,20564.51,21838.1,20251.68,21624.98,85014.58261,1783224085.7236798,1653722,42731.5372,896703207.2104565,0.051567968310453294,5.156796831045329,67525.83,-45900.850000000006,-67.97524739792166,0.004733151406440812,0.004498713150744299,0.004766233032226094,0.5%,0.4%,0.5%,24,,,56.06872307855222
2022-07-08 00:00:00+00:00,21624.99,22527.37,21189.26,21594.75,403081.57349,8781330156.61243,4358216,201798.10144,4396546053.031909,-0.001397920368018779,-0.1397920368018779,67525.83,-45931.08,-68.02001545186486,0.0045593438745048735,0.004399282705922402,0.0047467765008019835,0.5%,0.4%,0.5%,24,,,56.06872307855222
2022-07-09 00:00:00+00:00,21594.75,21980.0,21322.12,21591.83,178417.84468,3857190523.4942718,3524386,89418.01811,1933132016.304726,-0.00013521805068350545,-0.013521805068350545,67525.83,-45934.0,-68.02433972303635,0.00457104603689525,0.004394566022203854,0.004740872735940707,0.5%,0.4%,0.5%,24,,,56.06872307855222
2022-07-10 00:00:00+00:00,21592.15,21607.65,20655.0,20862.47,192188.21556,4062794310.272034,3434401,95376.75351,2016291891.3743694,-0.0337794434283708,-3.3779443428370803,67525.83,-46663.36,-69.10445973044685,0.0037126508227724947,0.004122375764658999,0.004013025753992184,0.4%,0.4%,0.4%,24,,,56.06872307855222
2022-07-11 00:00:00+00:00,20861.11,20868.48,19875.23,19963.61,137535.40724,2813718031.1093426,3232941,66869.47065,1368289522.9848232,-0.04308502301021888,-4.308502301021888,67525.83,-47562.22,-70.43559479387369,0.004428934436869049,0.0059506140482120835,0.004978095543419945,0.4%,0.6%,0.5%,24,,,56.06872307855222
2022-07-12 00:00:00+00:00,19963.61,20059.42,19240.0,19328.75,139506.45862,2754215439.3324776,3626399,67681.11612,1336338002.7004988,-0.0318008616678046,-3.1800861667804603,67525.83,-48197.08,-71.37576835412463,0.0028234169967617418,0.0025751112332628797,0.0026084266502606613,0.3%,0.3%,0.3%,24,,,56.06872307855222
2022-07-13 00:00:00+00:00,19331.28,20366.61,18910.94,20234.87,209250.24888,4096306063.8019347,4789109,103667.13511,2029863027.178718,0.046879389510444236,4.687938951044424,67525.83,-47290.96000000001,-70.03388184936045,0.0039775158228367935,0.004085689493101606,0.005218138778004112,0.4%,0.4%,0.5%,24,,,56.06872307855222
2022-07-14 00:00:00+00:00,20234.87,20900.0,19616.07,20588.84,174809.21696,3526210098.285044,4576355,87993.05801,1775442258.4092436,0.01749307013091772,1.749307013091772,67525.83,-46936.990000000005,-69.50968244299996,0.004805392109661216,0.00423743345379586,0.004105786920547979,0.5%,0.4%,0.4%,24,,,56.06872307855222
2022-07-15 00:00:00+00:00,20588.84,21200.0,20382.29,20830.04,143343.3049,2984339734.3532705,4411375,71354.9491,1485929119.4276447,0.011715084482661453,1.1715084482661453,67525.83,-46695.79,-69.15248579691652,0.003702411069092827,0.004143559514322883,0.004050764392242553,0.4%,0.4%,0.4%,24,,,56.06872307855222
2022-07-16 00:00:00+00:00,20830.04,21588.94,20478.61,21195.6,121011.67393,2539616922.7986083,3723401,61225.46264,1285100231.9557881,0.017549654249343627,1.7549654249343627,67525.83,-46330.23,-68.6111225882007,0.005535307372609976,0.005158489094867713,0.004786590142491948,0.6%,0.5%,0.5%,24,,,56.06872307855222
2022-07-17 00:00:00+00:00,21195.6,21684.54,20750.01,20798.16,118229.4525,2511251392.5765257,4261057,59550.95291,1265042502.4618275,-0.018751061541074532,-1.8751061541074532,67525.83,-46727.67,-69.19969736025459,0.004198617983163884,0.00436222326730506,0.0041272133897499175,0.4%,0.4%,0.4%,24,,,56.06872307855222
2022-07-18 00:00:00+00:00,20799.58,22777.63,20762.45,22432.58,239942.73132,5263396811.539256,6564387,122398.31862,2685273104.2955766,0.07858483635090807,7.858483635090807,67525.83,-45093.25,-66.77926061775175,0.007786722635050225,0.009832665709805155,0.007865853020497408,0.8%,1.0%,0.8%,24,,,56.06872307855222
2022-07-19 00:00:00+00:00,22432.58,23800.0,21579.54,23396.62,263770.76574,5954419902.221928,6488375,132874.43405,2999605957.3039503,0.04297499440545827,4.297499440545827,67525.83,-44129.21000000001,-65.35159952865445,0.0038147085987746605,0.0035272281005927033,0.003549303340541562,0.4%,0.4%,0.4%,24,,,56.06872307855222
2022-07-20 00:00:00+00:00,23398.48,24276.74,22906.19,23223.3,238762.17094,5631801151.220376,6364038,119820.55352,2826789486.1693096,-0.007407907637940858,-0.7407907637940858,67525.83,-44302.53,-65.60827167914856,0.0031537598172328377,0.003017197449523947,0.004094286025939739,0.3%,0.3%,0.4%,24,,,56.06872307855222
2022-07-21 00:00:00+00:00,23223.3,23442.77,22341.46,23152.19,184817.68191,4232411759.3950253,4808194,92958.794,2128895623.659983,-0.003062010997575748,-0.3062010997575748,67525.83,-44373.64,-65.71357952949263,0.0030679951698549235,0.003179622926736632,0.004956295301672311,0.3%,0.3%,0.5%,24,,,56.06872307855222
2022-07-22 00:00:00+00:00,23152.19,23756.49,22500.0,22684.83,171598.43966,3981394766.228058,4745582,85026.96828,1973166657.8835506,-0.020186427288303888,-2.0186427288303888,67525.83,-44841.0,-66.40569986329675,0.006743177910727409,0.008116921901949226,0.008183274403650681,0.7%,0.8%,0.8%,24,,,56.06872307855222
2022-07-23 00:00:00+00:00,22684.83,23000.77,21934.57,22451.07,122137.77375000001,2745262660.6777816,3762227,61569.86415,1383868861.284547,-0.010304683790885893,-1.0304683790885893,67525.83,-45074.76,-66.7518785033816,0.00764341400400236,0.009791306617679747,0.007863981891506513,0.8%,1.0%,0.8%,24,,,56.06872307855222
2022-07-24 00:00:00+00:00,22448.58,23014.64,22257.15,22579.68,115189.67277,2610817967.1639385,3671238,58086.99433,1316724597.4433148,0.00572845748554518,0.572845748554518,67525.83,-44946.15,-66.56141805291398,0.00647667318605989,0.009912413780629297,0.008109170948547973,0.6%,1.0%,0.8%,24,,,56.06872307855222
2022-07-25 00:00:00+00:00,22577.13,22666.0,21250.0,21310.9,180344.76643,3954002948.5472584,4807238,88021.9456,1930051719.2731922,-0.056191230345159826,-5.619123034515983,67525.83,-46214.93,-68.44037311351818,0.0032410459979195297,0.004780206158326434,0.0045346532170366365,0.3%,0.5%,0.5%,24,,,56.06872307855222
2022-07-26 00:00:00+00:00,21310.9,21347.82,20706.5,21254.67,177817.24326,3738774849.3577113,4545385,87353.4604,1836821500.4933043,-0.0026385558563929434,-0.26385558563929434,67525.83,-46271.16,-68.5236449518651,0.004332068268952927,0.005060069706933234,0.004634145658204159,0.4%,0.5%,0.5%,24,,,56.06872307855222
2022-07-27 00:00:00+00:00,21254.67,23112.63,21042.53,22952.45,210971.19796,4614909656.6957855,5475738,106519.12743,2330764840.6468673,0.07987797505207106,7.987797505207106,67525.83,-44573.380000000005,-66.00937744860003,0.004097898738443992,0.004830081822794912,0.008046291780847816,0.4%,0.5%,0.8%,24,,,56.06872307855222
2022-07-28 00:00:00+00:00,22954.31,24199.72,22582.13,23842.93,236029.0741,5511388547.615389,6500034,118170.70945,2759524239.0245447,0.038796729760875115,3.8796729760875115,67525.83,-43682.9,-64.69065245106947,0.004931834917949559,0.006051656646074097,0.004925662907171734,0.5%,0.6%,0.5%,24,,,56.06872307855222
2022-07-29 00:00:00+00:00,23845.25,24442.66,23414.03,23773.75,198298.50623,4733780641.305037,6221401,100165.6085,2391310897.487863,-0.0029014890367921042,-0.2901489036792104,67525.83,-43752.08,-64.79310213587897,0.007519330536039494,0.006012673049317315,0.004846279967733128,0.8%,0.6%,0.5%,24,,,56.06872307855222
2022-07-30 00:00:00+00:00,23777.28,24668.0,23502.25,23643.51,151060.13211,3634601094.96542,4801528,75778.59282,1823456271.875969,-0.005478311162521732,-0.5478311162521732,67525.83,-43882.32000000001,-64.98597647744575,0.007012096146318166,0.005600569955147618,0.0045373606158861345,0.7%,0.6%,0.5%,24,,,56.06872307855222
2022-07-31 00:00:00+00:00,23644.64,24194.82,23227.31,23293.32,127743.32483,3028386330.644831,4463721,63737.43859,1511326027.2234035,-0.014811252643960215,-1.4811252643960215,67525.83,-44232.51,-65.50457802591987,0.003630866688953696,0.003359851692565954,0.0037058298747176667,0.4%,0.3%,0.4%,24,,,56.06872307855222
2022-08-01 00:00:00+00:00,23296.36,23509.68,22850.0,23268.01,144210.16219,3346371889.652122,4775213,71458.39583,1658446268.2253966,-0.0010865776110919878,-0.10865776110919878,67525.83,-44257.82000000001,-65.54205997912207,0.003521838657614616,0.0033028242522236267,0.0038105800691247576,0.4%,0.3%,0.4%,24,,,56.06872307855222
2022-08-02 00:00:00+00:00,23266.9,23459.89,22654.37,22987.79,158073.28225,3631020649.2263794,5066511,78122.08501,1794828205.6239038,-0.012043144213879864,-1.2043144213879864,67525.83,-44538.04,-65.95704192010672,0.0033205156133423864,0.004231242147218813,0.007375019360194423,0.3%,0.4%,0.7%,24,,,56.06872307855222
2022-08-03 00:00:00+00:00,22985.93,23647.68,22681.22,22818.37,145948.80995,3385430753.8050184,4887642,72355.55623,1678928892.7538443,-0.007369999464933441,-0.7369999464933441,67525.83,-44707.46000000001,-66.2079385029403,0.005119517878098733,0.0058769971018379575,0.00816828932562941,0.5%,0.6%,0.8%,24,,,56.06872307855222
2022-08-04 00:00:00+00:00,22816.91,23223.32,22400.0,22622.98,154854.67016,3537434334.434649,4966138,76123.82073,1739248152.8679466,-0.008562837748708585,-0.8562837748708585,67525.83,-44902.850000000006,-66.49729444273399,0.006616011741616408,0.009078392396109781,0.00814883807086987,0.7%,0.9%,0.8%,24,,,56.06872307855222
2022-08-05 00:00:00+00:00,22622.41,23472.86,22586.95,23312.42,175251.69749,4046435951.3545094,5340569,88240.55478,2037539950.6820636,0.030475207068211052,3.047520706821105,67525.83,-44213.41,-65.476292553531,0.0037416159727866193,0.0033631672105132594,0.0036618538435879704,0.4%,0.3%,0.4%,24,,,56.06872307855222
2022-08-06 00:00:00+00:00,23313.56,23354.36,22909.52,22954.21,83911.80307,1944693656.7065682,3360228,41438.9761,960462308.0530334,-0.01536562913674333,-1.536562913674333,67525.83,-44571.62,-66.00677103857888,0.004092441609141752,0.004792689443965794,0.008040871323789568,0.4%,0.5%,0.8%,24,,,56.06872307855222
2022-08-07 00:00:00+00:00,22954.21,23402.0,22844.62,23174.39,88890.00877,2051763044.552369,3646643,44744.90366,1032885708.1753821,0.009592140178206865,0.9592140178206865,67525.83,-44351.44,-65.68070322127103,0.002865056337251078,0.0031450760826523608,0.004919111689178373,0.3%,0.3%,0.5%,24,,,56.06872307855222
2022-08-08 00:00:00+00:00,23174.39,24245.0,23154.25,23810.0,170958.44152,4078052110.543128,5892045,85942.29725,2050118384.21205,0.027427259142527527,2.7427259142527527,67525.83,-43715.83,-64.73941897493151,0.006343891566093276,0.005998330354556653,0.004875830990037768,0.6%,0.6%,0.5%,24,,,56.06872307855222
2022-08-09 00:00:00+00:00,23810.98,23933.25,22865.0,23149.95,143182.50858,3347110918.907211,5105613,70598.77953,1650310502.5693648,-0.027721545569088568,-2.772154556908857,67525.83,-44375.880000000005,-65.7168967786105,0.0031043142674860276,0.00317331440702631,0.004954865596070337,0.3%,0.3%,0.5%,24,,,56.06872307855222
2022-08-10 00:00:00+00:00,23151.32,24226.0,22664.69,23954.05,208916.54953,4918825599.489632,6818207,105046.91327,2473680340.3238072,0.034734416273037194,3.4734416273037194,67525.83,-43571.78,-64.52609320018725,0.004595985275742796,0.0063107151722120855,0.0050904078457135035,0.5%,0.6%,0.5%,24,,,56.06872307855222
2022-08-11 00:00:00+00:00,23954.05,24918.54,23852.13,23934.39,249759.79557,6097813762.895935,8269994,125001.90721,3051727583.877025,-0.0008207380380352847,-0.08207380380352847,67525.83,-43591.44,-64.55520798485557,0.004624630721651473,0.006271338491425775,0.005082781519466189,0.5%,0.6%,0.5%,24,,,56.06872307855222
2022-08-12 00:00:00+00:00,23933.09,24456.5,23583.0,24403.68,174207.5704,4175834601.8605466,6134163,87283.3227,2092464530.2271757,0.019607351597429545,1.9607351597429545,67525.83,-43122.15,-63.86022948551688,0.010410858430506115,0.008454360802598366,0.007237070566117807,1.0%,0.8%,0.7%,24,,,56.06872307855222
2022-08-13 00:00:00+00:00,24401.7,24888.0,24291.22,24441.38,152852.25435,3751417148.252107,5617859,76352.504,1873989924.2022443,0.0015448489735974125,0.15448489735974125,67525.83,-43084.45,-63.80439899813153,0.01055753176340066,0.008561798873969158,0.007329573404963284,1.1%,0.9%,0.7%,24,,,56.06872307855222
2022-08-14 00:00:00+00:00,24443.06,25047.56,24144.0,24305.24,151206.14473,3708565144.898009,5473905,75296.97372,1847145729.8789523,-0.005570061919580649,-0.5570061919580649,67525.83,-43220.59,-64.00601073692837,0.009473166847263154,0.007710085768128416,0.006765332782768143,0.9%,0.8%,0.7%,24,,,56.06872307855222
2022-08-15 00:00:00+00:00,24305.25,25211.32,23773.22,24094.82,242539.54758,5894066098.523285,7488466,120284.46467,2923411975.7084756,-0.008657392397688812,-0.8657392397688812,67525.83,-43431.01,-64.31762482593697,0.007056984721618441,0.006094039816935956,0.005784731147947623,0.7%,0.6%,0.6%,24,,,56.06872307855222
2022-08-16 00:00:00+00:00,24093.04,24247.49,23671.22,23854.74,179324.94821,4294907691.6509495,5978567,89812.55435,2151240576.2261777,-0.009963967358959214,-0.9963967358959214,67525.83,-43671.09,-64.67316284746147,0.004988305257364843,0.006077051767360457,0.004943063378946821,0.5%,0.6%,0.5%,24,,,56.06872307855222
2022-08-17 00:00:00+00:00,23856.15,24446.71,23180.4,23342.66,210668.68766,4993659434.236888,6901586,105158.87989,2493209361.502229,-0.021466593222143726,-2.1466593222143726,67525.83,-44183.17,-65.43150969043994,0.003881820275558624,0.0034185853103663377,0.0035354579598476125,0.4%,0.3%,0.4%,24,,,56.06872307855222
2022-08-18 00:00:00+00:00,23342.66,23600.0,23111.04,23191.2,144185.97011,3375338942.2617874,6029662,71864.05086,1682458592.207561,-0.006488549291297496,-0.6488549291297496,67525.83,-44334.630000000005,-65.65580904373927,0.002797636118764445,0.0030084991088945062,0.004758406766811596,0.3%,0.3%,0.5%,24,,,56.06872307855222
2022-08-19 00:00:00+00:00,23191.45,23208.67,20783.57,20834.39,283995.87747,6181759252.730264,8860928,139601.81043,3038568050.675256,-0.10162518541515753,-10.162518541515752,67525.83,-46691.44,-69.14604381760283,0.0038027629154001796,0.00417844866611753,0.004069492986471091,0.4%,0.4%,0.4%,24,,,56.06872307855222
2022-08-20 00:00:00+00:00,20834.39,21382.85,20761.9,21140.07,183041.68363,3871242921.2246804,5723362,91862.59461,1943014391.2462528,0.014671895841442906,1.4671895841442906,67525.83,-46385.76,-68.69335778619826,0.005791040260272388,0.005092889311432259,0.004743558711557986,0.6%,0.5%,0.5%,24,,,56.06872307855222
2022-08-21 00:00:00+00:00,21140.07,21800.0,21069.11,21515.61,159200.6841,3405034922.807078,5034461,80239.2419,1716250543.035858,0.017764368802941632,1.7764368802941632,67525.83,-46010.22,-68.13721504793055,0.004862710092832053,0.004197508159199072,0.004677226867162639,0.5%,0.4%,0.5%,24,,,56.06872307855222
2022-08-22 00:00:00+00:00,21516.7,21548.71,20890.18,21399.83,222222.04526,4721412016.903412,6443370,110925.72751,2356921868.623943,-0.0053812092708502846,-0.5381209270850285,67525.83,-46126.0,-68.30867536170973,0.004105334254651708,0.004287774509271888,0.004613482043540484,0.4%,0.4%,0.5%,24,,,56.06872307855222
2022-08-23 00:00:00+00:00,21400.75,21684.87,20890.14,21529.12,200967.77164,4299812533.944709,6333442,101222.30098,2165911837.12369,0.006041636779357429,0.6041636779357429,67525.83,-45996.71000000001,-68.11720788918848,0.004911377055746213,0.00422661757853968,0.0046916954005861424,0.5%,0.4%,0.5%,24,,,56.06872307855222
2022-08-24 00:00:00+00:00,21529.11,21900.0,21145.0,21368.08,174383.22046,3744196823.564854,5561412,86499.84759,1857345193.8069582,-0.0074801013696795815,-0.7480101369679582,67525.83,-46157.75,-68.35569440612576,0.00356912262742322,0.004177976080744162,0.004560671897639292,0.4%,0.4%,0.5%,24,,,56.06872307855222
2022-08-25 00:00:00+00:00,21368.05,21819.88,21310.15,21559.04,169915.78300999998,3672148286.6013737,5618785,84555.07067,1827390010.1745017,0.008936694359062525,0.8936694359062525,67525.83,-45966.79,-68.07289891882856,0.004747157874796431,0.00425965295495553,0.004728433298674336,0.5%,0.4%,0.5%,24,,,56.06872307855222
2022-08-26 00:00:00+00:00,21559.04,21886.77,20107.9,20241.05,273811.61955,5785149465.09769,7587244,135780.72507,2869440464.9916983,-0.061133983702428396,-6.113398370242839,67525.83,-47284.78,-70.02472979599065,0.003917408730662467,0.004071766558146205,0.005201628669992787,0.4%,0.4%,0.5%,24,,,56.06872307855222
2022-08-27 00:00:00+00:00,20239.14,20402.93,19800.0,20037.6,162582.46032,3269764074.3564396,5263328,80922.99413,1627546028.5246556,-0.010051356031431258,-1.0051356031431258,67525.83,-47488.23,-70.32602190894951,0.00412764595338644,0.004012094489138149,0.005017763398196083,0.4%,0.4%,0.5%,24,,,56.06872307855222
2022-08-28 00:00:00+00:00,20037.6,20171.18,19520.0,19555.61,139307.95976,2781133881.051846,4678693,69363.50720000001,1384969093.7702348,-0.024054277957439862,-2.4054277957439862,67525.83,-47970.22,-71.03980802605463,0.003761427643917342,0.0032355828965991676,0.002903668833317476,0.4%,0.3%,0.3%,24,,,56.06872307855222
2022-08-29 00:00:00+00:00,19555.61,20433.62,19550.79,20285.73,210509.49545,4211334408.9865932,5840323,105809.86253,2116902111.2090402,0.03733557787253883,3.7335577872538828,67525.83,-47240.100000000006,-69.9585625234077,0.0034783283390348164,0.003989423160937672,0.005028439189864544,0.3%,0.4%,0.5%,24,,,56.06872307855222
2022-08-30 00:00:00+00:00,20287.2,20576.25,19540.0,19811.66,256634.35529,5157974826.609323,6593178,126919.07924,2551087936.8586006,-0.02336962978408963,-2.336962978408963,67525.83,-47714.17,-70.66061979541755,0.006915261531264839,0.005995728242265814,0.004726022856031822,0.7%,0.6%,0.5%,24,,,56.06872307855222
2022-08-31 00:00:00+00:00,19813.03,20490.0,19797.94,20050.02,276946.60765,5595829094.391042,6389133,140474.46035,2838456435.8151093,0.012031298740236895,1.2031298740236895,67525.83,-47475.81,-70.30762894732283,0.004405395197512136,0.00422450060648942,0.005095509669975055,0.4%,0.4%,0.5%,24,,,56.06872307855222
2022-09-01 00:00:00+00:00,20048.44,20208.37,19565.66,20131.46,245289.97263,4893158531.781241,5937975,121158.48629,2417157339.99022,0.004061841334821459,0.4061841334821459,67525.83,-47394.37,-70.1870232472522,0.0040382949450711095,0.004153326136356337,0.005125086768149048,0.4%,0.4%,0.5%,24,,,56.06872307855222
2022-09-02 00:00:00+00:00,20132.64,20441.26,19755.29,19951.86,245986.60330000002,4946889819.514836,5740705,122616.90745,2466027768.598654,-0.00892135990136822,-0.892135990136822,67525.83,-47573.97,-70.45299554259459,0.004431619696528472,0.006111423822638361,0.004973416134983277,0.4%,0.6%,0.5%,24,,,56.06872307855222
2022-09-03 00:00:00+00:00,19950.98,20055.93,19652.72,19831.9,146639.03204,2908816275.0102863,3739909,72556.83777,1439326777.5857377,-0.006012472020152426,-0.6012472020152426,67525.83,-47693.93,-70.63064608017406,0.006558355814867487,0.0060387128280285805,0.004741826396276709,0.7%,0.6%,0.5%,24,,,56.06872307855222
2022-09-04 00:00:00+00:00,19832.45,20029.23,19583.1,20000.3,145588.77893,2883227667.1961923,3838915,72789.26129,1441735599.5476143,0.00849136996455191,0.8491369964551909,67525.83,-47525.53,-70.38126003042096,0.004309769924084879,0.005276205721621415,0.004989033917747561,0.4%,0.5%,0.5%,24,,,56.06872307855222
2022-09-05 00:00:00+00:00,20000.3,20057.27,19633.83,19796.84,222543.01057,4404971191.907026,4657233,110786.05423,2193009371.5191665,-0.010172847407288854,-1.0172847407288854,67525.83,-47728.990000000005,-70.68256695252765,0.007280814459384961,0.005993987207459296,0.004727542121358235,0.7%,0.6%,0.5%,24,,,56.06872307855222
2022-09-06 00:00:00+00:00,19795.34,20180.0,18649.51,18790.61,356315.05718,6976809188.41019,7124384,175781.84468,3443135959.0188565,-0.05082780888262972,-5.082780888262972,67525.83,-48735.22,-72.17270783639387,0.010701774202193082,0.012267859098985619,0.014320160752667895,1.1%,1.2%,1.4%,24,,,56.06872307855222
2022-09-07 00:00:00+00:00,18790.61,19464.06,18510.77,19292.84,287394.7788,5436827909.201311,5597127,142700.96438,2700094090.539225,0.026727711340930327,2.6727711340930327,67525.83,-48232.990000000005,-71.42894800404527,0.0029376272561534946,0.002399158779144904,0.0031788626609382266,0.3%,0.2%,0.3%,24,,,56.06872307855222
2022-09-08 00:00:00+00:00,19292.85,19458.25,19012.0,19319.77,262813.28273,5057217166.675082,6013826,131429.45873,2529247772.343829,0.0013958546279344564,0.13958546279344564,67525.83,-48206.06,-71.38906696889175,0.0027535380805753587,0.002533996633699205,0.0026001507819198803,0.3%,0.3%,0.3%,24,,,56.06872307855222
2022-09-09 00:00:00+00:00,19320.54,21597.22,19291.75,21360.11,428919.74652,8929831332.708796,7777214,217979.24137,4537141163.990109,0.10560891770450676,10.560891770450676,67525.83,-46165.72,-68.3674972969603,0.003512498303635889,0.004293486765104257,0.004559297917214502,0.4%,0.4%,0.5%,24,,,56.06872307855222
2022-09-10 00:00:00+00:00,21361.62,21810.8,21111.13,21648.34,307997.33504,6589753118.841131,5615783,154171.04126,3298995539.4356637,0.013493844366906371,1.3493844366906371,67525.83,-45877.490000000005,-67.94065322854973,0.004811962845987796,0.004526914644438626,0.004775903982665035,0.5%,0.5%,0.5%,24,,,56.06872307855222
2022-09-11 00:00:00+00:00,21647.21,21860.0,21350.0,21826.87,280702.55149,6064643642.71623,4801844,141171.88117,3050253458.2835627,0.008246821696259232,0.8246821696259232,67525.83,-45698.96000000001,-67.67626551202703,0.005862181242981131,0.005320870877433607,0.004866738546028968,0.6%,0.5%,0.5%,24,,,56.06872307855222
2022-09-12 00:00:00+00:00,21826.87,22488.0,21538.51,22395.74,395395.61828,8743762682.841719,6979539,199489.5406,4411479060.203694,0.02606282989727804,2.606282989727804,67525.83,-45130.09,-66.83381751842221,0.00865700215254696,0.009943545177586886,0.007861006485522735,0.9%,1.0%,0.8%,24,,,56.06872307855222
2022-09-13 00:00:00+00:00,22395.44,22799.0,19860.0,20173.57,431915.03333,9302239274.39612,8126869,217144.54247,4679543994.693207,-0.0992228879242214,-9.92228879242214,67525.83,-47352.26,-70.12466192566608,0.004748743014588676,0.004382687725146162,0.0052714581657538,0.5%,0.4%,0.5%,24,,,56.06872307855222
2022-09-14 00:00:00+00:00,20173.62,20541.48,19617.62,20226.71,340826.40151,6886235196.646198,6313052,169670.53169,3428396493.969275,0.0026341396193136912,0.2634139619313691,67525.83,-47299.12,-70.04596611400409,0.004070557354356942,0.004119993672337632,0.005224379812701838,0.4%,0.4%,0.5%,24,,,56.06872307855222
2022-09-15 00:00:00+00:00,20227.17,20330.24,19497.0,19701.88,333069.76076,6655264974.213759,6690974,165652.7291,3310217929.7411156,-0.02594737354715615,-2.594737354715615,67525.83,-47823.95,-70.82319462048818,0.006843376477661171,0.005478783770696749,0.004348922426797877,0.7%,0.5%,0.4%,24,,,56.06872307855222
2022-09-16 00:00:00+00:00,19701.88,19890.0,19320.01,19803.3,283791.07064,5584012914.113886,5120935,141085.20536,2776292772.190228,0.005147732094602064,0.5147732094602064,67525.83,-47722.53,-70.67300024301812,0.0072540498961265855,0.00599907845065969,0.00471995723730426,0.7%,0.6%,0.5%,24,,,56.06872307855222
2022-09-17 00:00:00+00:00,19803.3,20189.0,19748.08,20113.62,179350.24338,3578667842.695283,3862666,89621.58733,1788389852.300196,0.015670115586796207,1.5670115586796207,67525.83,-47412.21000000001,-70.21344276701227,0.0041112832518718995,0.004328892047585176,0.00515919040591989,0.4%,0.4%,0.5%,24,,,56.06872307855222
2022-09-18 00:00:00+00:00,20112.61,20117.26,19335.62,19416.18,254217.46904,5033968947.530573,4634096,124480.59651,2465062845.967856,-0.03467501126102601,-3.467501126102601,67525.83,-48109.65,-71.24629197449332,0.0025597965736373724,0.002650455314336923,0.0023642782507458295,0.3%,0.3%,0.2%,24,,,56.06872307855222
2022-09-19 00:00:00+00:00,19417.45,19686.2,18232.56,19537.02,380512.40306,7215196795.656051,6820580,189241.29071,3589311748.607395,0.006223675305853105,0.6223675305853105,67525.83,-47988.81,-71.06733823190325,0.0036071406802779013,0.0031378421857028447,0.0028317465539194147,0.4%,0.3%,0.3%,24,,,56.06872307855222
2022-09-20 00:00:00+00:00,19537.02,19634.62,18711.87,18875.0,324098.3286,6206043205.412278,5900070,160716.33038,3077612901.1468134,-0.03388541343562124,-3.3885413435621237,67525.83,-48650.83,-72.0477334377082,0.008622508374718748,0.010890793441968995,0.014275840442475084,0.9%,1.1%,1.4%,24,,,56.06872307855222
2022-09-21 00:00:00+00:00,18874.31,19956.0,18125.98,18461.36,385034.10021,7338667639.751957,6907777,190299.47143,3628361586.9101534,-0.021914701986754936,-2.1914701986754936,67525.83,-49064.47,-72.66029902927517,0.012335980163581901,0.015472453831382408,0.013956284520272748,1.2%,1.5%,1.4%,24,,,56.06872307855222
2022-09-22 00:00:00+00:00,18461.36,19550.17,18356.39,19401.63,379321.72111,7203741481.483637,6251862,190987.32145,3627123696.690569,0.050931784007245406,5.093178400724541,67525.83,-48124.2,-71.26783928461154,0.0027547859594810554,0.0027709290963493765,0.0023571253684703274,0.3%,0.3%,0.2%,24,,,56.06872307855222
2022-09-23 00:00:00+00:00,19401.63,19500.0,18531.42,19289.91,385886.91829,7330336009.190998,5906265,194842.08772,3701394516.7736163,-0.00575827907242854,-0.575827907242854,67525.83,-48235.92,-71.43328708436461,0.0029418415037604567,0.002419325011960012,0.003521835117813358,0.3%,0.2%,0.4%,24,,,56.06872307855222
2022-09-24 00:00:00+00:00,19288.57,19316.14,18805.34,18920.5,239496.56746,4568927983.6507845,3907636,120501.3057,2298979763.309452,-0.019150426310957425,-1.9150426310957425,67525.83,-48605.33,-71.98035181500175,0.007760287890659189,0.010689711737048442,0.014306198327210464,0.8%,1.1%,1.4%,24,,,56.06872307855222
2022-09-25 00:00:00+00:00,18921.99,19180.21,18629.2,18807.38,191191.4492,3625136713.924704,3714450,94989.39646,1801229611.9768589,-0.005978700351470523,-0.5978700351470523,67525.83,-48718.45,-72.14787289545347,0.010370088079565722,0.011753335672838199,0.014318880739506637,1.0%,1.2%,1.4%,24,,,56.06872307855222
2022-09-26 00:00:00+00:00,18809.13,19318.96,18680.72,19227.82,439239.21943,8356951609.998724,5837041,220623.29914,4198006044.884225,0.022355054239346472,2.2355054239346472,67525.83,-48298.01,-71.52523708335018,0.002249965471484405,0.0019935464457387585,0.004233059536457494,0.2%,0.2%,0.4%,24,,,56.06872307855222
2022-09-27 00:00:00+00:00,19226.68,20385.86,18816.32,19079.13,593260.74161,11705770260.672161,8152473,296727.71059,5856646101.495988,-0.007733065942992945,-0.7733065942992945,67525.83,-48446.7,-71.74543430269573,0.003455990576318059,0.005612805352775125,0.01114769529313863,0.3%,0.6%,1.1%,24,,,56.06872307855222
2022-09-28 00:00:00+00:00,19078.1,19790.0,18471.28,19412.82,521385.45547,9964460007.304356,7357437,260944.38118,4988233394.322662,0.017489791201171112,1.7489791201171112,67525.83,-48113.01,-71.2512678481701,0.002568383632400794,0.0026521802623797612,0.0023637341533161048,0.3%,0.3%,0.2%,24,,,56.06872307855222
2022-09-29 00:00:00+00:00,19412.82,19645.52,18843.01,19591.51,406424.93256,7868786414.856212,5631615,203187.57552,3934342925.087511,0.009204742020994416,0.9204742020994416,67525.83,-47934.32000000001,-70.98664318528185,0.004508283389922066,0.0038368544671042964,0.0032660754598173723,0.5%,0.4%,0.3%,24,,,56.06872307855222
2022-09-30 00:00:00+00:00,19590.54,20185.0,19155.36,19422.61,444322.9534,8694127253.576595,6254203,220029.84583,4304848630.332639,-0.008621081274490683,-0.8621081274490683,67525.83,-48103.22,-71.23676969242733,0.002574185704671257,0.002680961754082489,0.002381622640708711,0.3%,0.3%,0.2%,24,,,56.06872307855222
2022-10-01 00:00:00+00:00,19422.61,19484.0,19159.42,19310.95,165625.13959,3200350294.52687,2470590,82734.18388,1598688567.5865653,-0.005748969886127497,-0.5748969886127497,67525.83,-48214.880000000005,-71.40212863729332,0.002688269825116003,0.002395481647012799,0.0025936622686639466,0.3%,0.2%,0.3%,24,,,56.06872307855222
2022-10-02 00:00:00+00:00,19312.24,19395.91,18920.35,19056.8,206812.47032,3970724799.9558167,3320217,102972.16013999999,1977186000.1992047,-0.01316092683166814,-1.316092683166814,67525.83,-48469.03,-71.77850312983935,0.005214524957834852,0.0067221049542783495,0.01161853867345542,0.5%,0.7%,1.2%,24,,,56.06872307855222
2022-10-03 00:00:00+00:00,19057.74,19719.1,18959.68,19629.08,293585.75212,5672105805.772144,4471910,147383.93612,2847846726.2369485,0.03003022543134226,3.003022543134226,67525.83,-47896.75,-70.9310052168185,0.005273415902016654,0.004331299398698663,0.003587774338044311,0.5%,0.4%,0.4%,24,,,56.06872307855222
2022-10-04 00:00:00+00:00,19629.08,20475.0,19490.6,20337.82,327012.00127,6533428229.851051,4871932,165646.2649,3309936012.948392,0.03610663362725086,3.610663362725086,67525.83,-47188.01,-69.88142167226971,0.0032914273762495332,0.0038203198904378437,0.004329287388858002,0.3%,0.4%,0.4%,24,,,56.06872307855222
2022-10-05 00:00:00+00:00,20337.82,20365.6,19730.0,20158.26,312239.75224,6275437160.958072,4540004,155249.45329,3120338866.325755,-0.00882887153097045,-0.882887153097045,67525.83,-47367.57000000001,-70.1473347310207,0.004468528839396371,0.0043907525347594905,0.005219537988175057,0.4%,0.4%,0.5%,24,,,56.06872307855222
2022-10-06 00:00:00+00:00,20158.26,20456.6,19853.0,19960.67,320122.1702,6452892402.324269,5085004,161557.89851,3256881316.716539,-0.00980193727037948,-0.9801937270379479,67525.83,-47565.16,-70.43994868334089,0.004404253182258154,0.006068261590489854,0.00497661576289332,0.4%,0.6%,0.5%,24,,,56.06872307855222
2022-10-07 00:00:00+00:00,19960.67,20068.82,19320.0,19530.09,220874.83913,4353681483.987034,4324772,109800.49576,2164491136.4831276,-0.02157142019781888,-2.157142019781888,67525.83,-47995.740000000005,-71.07760097136162,0.003563495411946189,0.003116660209305622,0.0028157374180053903,0.4%,0.3%,0.3%,24,,,56.06872307855222
2022-10-08 00:00:00+00:00,19530.09,19627.38,19237.14,19417.96,102480.09842,1995917001.739599,2637385,50775.11492,988952773.2163393,-0.005741396993050318,-0.5741396993050318,67525.83,-48107.87,-71.24365594617646,0.002556152317288139,0.0026535879640143035,0.002362498853127404,0.3%,0.3%,0.2%,24,,,56.06872307855222
2022-10-09 00:00:00+00:00,19416.52,19558.0,19316.04,19439.02,113900.82681,2215007204.237991,2833704,57166.25996,1111737800.1694417,0.0010845629510001231,0.10845629510001231,67525.83,-48086.81,-71.21246788080946,0.0028931965421541287,0.002791384092035757,0.0024674140857361333,0.3%,0.3%,0.2%,24,,,56.06872307855222
2022-10-10 00:00:00+00:00,19439.96,19525.0,19020.25,19131.87,212509.09849,4101745483.129524,4432688,104849.40967,2023908022.7360182,-0.015800693656367493,-1.5800693656367493,67525.83,-48393.96000000001,-71.66733085694763,0.0020696857331591397,0.004036236359581659,0.009109775717081273,0.2%,0.4%,0.9%,24,,,56.06872307855222
2022-10-11 00:00:00+00:00,19131.87,19268.09,18860.0,19060.0,243473.84286,4642843395.600282,4792106,121218.68324,2311676809.242172,-0.003756559081783406,-0.3756559081783406,67525.83,-48465.83,-71.77376420252813,0.00496728470752978,0.006677853659519634,0.011607639956904952,0.5%,0.7%,1.2%,24,,,56.06872307855222
2022-10-12 00:00:00+00:00,19060.0,19238.31,18965.88,19155.53,213826.26731,4086903621.926554,4556597,106608.7184,2037738508.1616392,0.005012067156348277,0.5012067156348277,67525.83,-48370.3,-71.63229241314029,0.0016962181190213,0.002586053159297955,0.008149505632418536,0.2%,0.3%,0.8%,24,,,56.06872307855222
2022-10-13 00:00:00+00:00,19155.1,19513.79,18190.0,19375.13,399756.68337,7554309475.307986,7470896,199869.15895,3777964473.262912,0.011464052417239357,1.1464052417239357,67525.83,-48150.7,-71.3070835264076,0.0024540187237641724,0.002708673288848384,0.0022973140181466556,0.2%,0.3%,0.2%,24,,,56.06872307855222
2022-10-14 00:00:00+00:00,19375.58,19951.87,19070.37,19176.93,351634.32601,6877621835.225796,6688310,175798.36758,3438783886.911806,-0.010229608781979871,-1.022960878197987,67525.83,-48348.9,-71.60060083674647,0.0015418973788803784,0.0019516286549279426,0.007438133445474336,0.2%,0.2%,0.7%,24,,,56.06872307855222
2022-10-15 00:00:00+00:00,19176.93,19227.68,18975.18,19069.39,113847.64232,2178316065.622199,3052219,56109.00376,1073637476.7688468,-0.005607779764540077,-0.5607779764540077,67525.83,-48456.44,-71.75985841269926,0.004381902992630811,0.006357312987849072,0.011471049565978426,0.4%,0.6%,1.1%,24,,,56.06872307855222
2022-10-16 00:00:00+00:00,19068.4,19425.84,19063.74,19262.98,131894.61885,2531545363.3077,3438605,66536.80449,1277129233.6607454,0.010151871664484391,1.015187166448439,67525.83,-48262.850000000006,-71.47316811951812,0.0026312916073153096,0.0021853696929012385,0.0039563097260507715,0.3%,0.2%,0.4%,24,,,56.06872307855222
2022-10-17 00:00:00+00:00,19262.98,19676.96,19152.03,19549.86,222813.87634,4331666395.604674,5162979,111854.00525,2174642989.585405,0.01489281513036933,1.489281513036933,67525.83,-47975.97,-71.04832328606699,0.0037183011915779846,0.0031979799244775957,0.002885414732339907,0.4%,0.3%,0.3%,24,,,56.06872307855222
2022-10-18 00:00:00+00:00,19548.48,19706.66,19091.0,19327.44,260313.07848,5065944973.464348,5588482,129478.25628,2520037025.6074157,-0.011377063569764756,-1.1377063569764756,67525.83,-48198.39,-71.37770835249266,0.0028494879097193996,0.002590757461649664,0.0026125890885985137,0.3%,0.3%,0.3%,24,,,56.06872307855222
2022-10-19 00:00:00+00:00,19327.44,19360.16,19065.97,19123.97,186137.29538,3575041318.449784,4545820,92346.11007,1773769908.8877597,-0.01052751942316199,-1.052751942316199,67525.83,-48401.86,-71.67903008374721,0.0022100905070641763,0.004513081432449504,0.009758380740683461,0.2%,0.5%,1.0%,24,,,56.06872307855222
2022-10-20 00:00:00+00:00,19123.35,19347.82,18900.0,19041.92,223530.13068,4276025723.9947824,5391090,110662.16001,2117089562.3644776,-0.004290427144573172,-0.42904271445731723,67525.83,-48483.91,-71.80053914183655,0.005756688004119204,0.00774882521837433,0.013931989427306588,0.6%,0.8%,1.4%,24,,,56.06872307855222
2022-10-21 00:00:00+00:00,19041.92,19250.0,18650.0,19164.37,269310.75769,5126619487.869021,5679281,133589.01923,2543268174.8886347,0.006430549020266962,0.6430549020266962,67525.83,-48361.46000000001,-71.61920112644302,0.0017087544775348372,0.0024363621813799936,0.007938806745594369,0.2%,0.2%,0.8%,24,,,56.06872307855222
2022-10-22 00:00:00+00:00,19164.37,19257.0,19112.72,19204.35,110403.90837,2117395641.1269214,2887106,54134.08243,1038228038.7109543,0.002086163020229792,0.2086163020229792,67525.83,-48321.48,-71.55999415334844,0.0014420236231144018,0.0016374975648874095,0.004975466134489231,0.1%,0.2%,0.5%,24,,,56.06872307855222
2022-10-23 00:00:00+00:00,19204.29,19695.0,19070.11,19570.4,167057.20184,3233393909.200977,3939703,84465.80483000001,1635057403.3351152,0.019060785707404992,1.9060785707404992,67525.83,-47955.43,-71.01790529638807,0.003918058710665606,0.0034610461794813115,0.0030342764869039926,0.4%,0.3%,0.3%,24,,,56.06872307855222
2022-10-24 00:00:00+00:00,19570.4,19601.15,19157.0,19329.72,256168.14467,4957159176.816838,5676899,126808.683,2453987281.1859627,-0.012298164575072601,-1.22981645750726,67525.83,-48196.11,-71.37433186678341,0.002804253496595368,0.0025734170794425994,0.00252917524161764,0.3%,0.3%,0.3%,24,,,56.06872307855222
2022-10-25 00:00:00+00:00,19330.6,20415.87,19237.0,20080.07,326370.67061,6454151276.520069,7214687,163350.80531,3230612090.8673344,0.03881846193323013,3.881846193323013,67525.83,-47445.76,-70.26312745804087,0.004290654849704893,0.0042688668320039645,0.005129480580260016,0.4%,0.4%,0.5%,24,,,56.06872307855222
2022-10-26 00:00:00+00:00,20079.02,21020.0,20050.41,20771.59,380492.69576,7833551674.485677,8512349,190912.96434,3930265900.9481273,0.03443812695872084,3.443812695872084,67525.83,-46754.240000000005,-69.23904526608558,0.004061883239957681,0.004368161471039526,0.004082261569715847,0.4%,0.4%,0.4%,24,,,56.06872307855222
2022-10-27 00:00:00+00:00,20771.61,20872.21,20200.0,20295.11,328643.57791,6771209922.011917,7748080,163139.47991,3361632657.413893,-0.022939023926430213,-2.2939023926430213,67525.83,-47230.72,-69.9446715427267,0.003554031788929816,0.004039828733101267,0.004949964435257536,0.4%,0.4%,0.5%,24,,,56.06872307855222
2022-10-28 00:00:00+00:00,20295.11,20750.0,20000.09,20591.84,287039.94569,5849603405.682575,6638096,143078.25276,2915977522.582497,0.014620763326732344,1.4620763326732344,67525.83,-46933.990000000005,-69.50523969864568,0.004798974360909964,0.004237439626577257,0.004107509483036516,0.5%,0.4%,0.4%,24,,,56.06872307855222
2022-10-29 00:00:00+00:00,20591.84,21085.0,20554.01,20809.67,254881.77755,5303038321.457483,6255599,127941.56356,2662029299.9096394,0.010578462148112866,1.0578462148112866,67525.83,-46716.16,-69.18265203108204,0.0039448667175591675,0.0041747031924740325,0.004117758916060664,0.4%,0.4%,0.4%,24,,,56.06872307855222
2022-10-30 00:00:00+00:00,20809.68,20931.21,20515.0,20627.48,192795.60886,3994389493.3258915,4920007,96047.94574,1990076844.6331499,-0.008755064352293895,-0.8755064352293895,67525.83,-46898.350000000006,-69.45245989571694,0.004616311201754058,0.0042965334119694845,0.004133901423717705,0.5%,0.4%,0.4%,24,,,56.06872307855222
2022-10-31 00:00:00+00:00,20627.48,20845.92,20237.95,20490.74,303567.61628,6226304300.443864,6571526,151222.29645,3101777763.860474,-0.006629021092251608,-0.6629021092251608,67525.83,-47035.09,-69.65496018338465,0.004409267394370914,0.003858732949038281,0.004147286019162278,0.4%,0.4%,0.4%,24,,,56.06872307855222
2022-11-01 00:00:00+00:00,20490.74,20700.0,20330.74,20483.62,279932.43771,5740102554.920829,5971938,139277.94706,2856018095.763569,-0.000347474029732564,-0.0347474029732564,67525.83,-47042.21000000001,-69.66550429665212,0.004388726896808678,0.003853115326590397,0.004133560848344589,0.4%,0.4%,0.4%,24,,,56.06872307855222
2022-11-02 00:00:00+00:00,20482.81,20800.0,20048.04,20151.84,373716.27299,7633404092.430692,7431698,185785.97212,3795164791.221807,-0.01619733230747289,-1.619733230747289,67525.83,-47373.990000000005,-70.15684220393885,0.00448404228436048,0.004406257795386149,0.005210366062342913,0.4%,0.4%,0.5%,24,,,56.06872307855222
2022-11-03 00:00:00+00:00,20151.84,20393.32,20031.24,20207.82,319185.1544,6461673165.239643,6948227,159939.6187,3237968703.461187,0.0027779101064715483,0.27779101064715483,67525.83,-47318.01,-70.07394059428815,0.004154029332096183,0.0042945247763049536,0.0052353623293473215,0.4%,0.4%,0.5%,24,,,56.06872307855222
2022-11-04 00:00:00+00:00,20207.12,21302.05,20180.96,21148.52,453694.39165,9409862204.986904,9249613,227403.70755,4716670352.08739,0.04655128559141963,4.655128559141963,67525.83,-46377.31,-68.68084405626706,0.005787357131575935,0.005111694039469821,0.004755532478988346,0.6%,0.5%,0.5%,24,,,56.06872307855222
2022-11-05 00:00:00+00:00,21148.52,21480.65,21080.65,21299.37,245621.98525,5240395528.908201,5570832,123030.36163,2624930077.1572924,0.007132886840308439,0.7132886840308439,67525.83,-46226.46000000001,-68.45744806098644,0.0035815163328078714,0.004895150938492381,0.00457112203569245,0.4%,0.5%,0.5%,24,,,56.06872307855222
2022-11-06 00:00:00+00:00,21299.37,21365.27,20886.13,20905.58,230036.97217,4877535058.412703,5268210,114034.06693,2418047871.809807,-0.018488340265463088,-1.8488340265463088,67525.83,-46620.25,-69.04061749407597,0.0041057100577563494,0.004188232078518743,0.004114418220632421,0.4%,0.4%,0.4%,24,,,56.06872307855222
2022-11-07 00:00:00+00:00,20905.58,21069.77,20384.89,20591.13,386977.60336999997,8035052131.593453,8344242,191603.32017,3978525724.874021,-0.015041438697228293,-1.5041438697228293,67525.83,-46934.7,-69.50629114814286,0.004811948039674985,0.004247029878415636,0.004110393842752661,0.5%,0.4%,0.4%,24,,,56.06872307855222
2022-11-08 00:00:00+00:00,20590.67,20700.88,17166.83,18547.23,760705.362783,14758384309.854223,14530601,374775.574085,7271200924.070387,-0.09926118673428808,-9.926118673428807,67525.83,-48978.600000000006,-72.53313287670807,0.012816247734502184,0.013985334205371597,0.014134799898353555,1.3%,1.4%,1.4%,24,,,56.06872307855222
2022-11-09 00:00:00+00:00,18545.38,18587.76,15588.0,15922.81,731926.929729,12737719697.394009,13605474,358702.788996,6245795114.512092,-0.14149929666047167,-14.149929666047168,67525.83,-51603.020000000004,-76.41967525612051,0.024837424523502523,0.09447603103058191,0.0920678944957023,2.5%,9.4%,9.2%,24,,,56.06872307855222
2022-11-10 00:00:00+00:00,15922.68,18199.0,15754.26,17601.15,608448.36432,10323294543.880354,12719887,302898.84757,5141663571.356439,0.10540476209915228,10.540476209915228,67525.83,-49924.68,-73.93419673627115,0.01849969559462947,0.014208636200943798,0.010572772341409346,1.8%,1.4%,1.1%,24,,,56.06872307855222
2022-11-11 00:00:00+00:00,17602.45,17695.0,16361.6,17070.31,393552.86492,6725273822.837806,9900073,197414.69616,3374092512.5618067,-0.03015939299420778,-3.015939299420778,67525.83,-50455.520000000004,-74.72032554061164,0.004595981176088137,0.004138195379012672,0.003485605588051261,0.5%,0.4%,0.3%,24,,,56.06872307855222
2022-11-12 00:00:00+00:00,17069.98,17119.1,16631.39,16812.08,167819.96035,2827930561.006379,5046837,83267.92293,1403236127.923594,-0.015127434709738652,-1.5127434709738652,67525.83,-50713.75,-75.10274216547948,0.003268990224017623,0.003128118824753536,0.008612055836703143,0.3%,0.3%,0.9%,24,,,56.06872307855222
2022-11-13 00:00:00+00:00,16813.16,16954.28,16229.0,16329.85,184960.78846,3074280132.053523,5382834,91914.44893,1527844645.634117,-0.028683541834204962,-2.868354183420496,67525.83,-51195.98,-75.81688370213296,0.01565755685383872,0.027068367341065058,0.08997954466776437,1.6%,2.7%,9.0%,24,,,56.06872307855222
2022-11-14 00:00:00+00:00,16331.78,17190.0,15815.21,16619.46,380210.7775,6273920325.336827,9215128,189502.41248,3127495594.2107644,0.017735006751439686,1.7735006751439686,67525.83,-50906.37,-75.38799597131943,0.002692593785816141,0.011724679108388366,0.06765801245616421,0.3%,1.2%,6.8%,24,,,56.06872307855222
2022-11-15 00:00:00+00:00,16617.72,17134.69,16527.72,16900.57,282461.84391,4758545355.786832,7200265,141015.70658,2375750102.4183183,0.016914508654312543,1.6914508654312543,67525.83,-50625.26,-74.97169601617632,0.0029533010637745835,0.0026217479231254977,0.0029027247225443813,0.3%,0.3%,0.3%,24,,,56.06872307855222
2022-11-16 00:00:00+00:00,16900.57,17015.92,16378.61,16662.76,261493.40809,4362538338.565324,6297404,129644.72244,2162757428.721518,-0.014071123044962497,-1.4071123044962497,67525.83,-50863.07000000001,-75.32387236113945,0.0029948750235365786,0.003210219104503646,0.019333831561146052,0.3%,0.3%,1.9%,24,,,56.06872307855222
2022-11-17 00:00:00+00:00,16661.61,16751.0,16410.74,16692.56,228038.97873,3785204632.014221,5352083,113347.39771,1881536908.06649,0.0017884192054620218,0.17884192054620218,67525.83,-50833.270000000004,-75.27974110055366,0.003059326638351468,0.002912680101696025,0.016235610945438475,0.3%,0.3%,1.6%,24,,,56.06872307855222
2022-11-18 00:00:00+00:00,16692.56,17011.0,16546.04,16700.45,214224.18184,3588467560.373121,5114799,106366.35569,1781845353.094005,0.00047266566662029774,0.047266566662029774,67525.83,-50825.380000000005,-75.26805668290193,0.003100626986050552,0.0029162997635721268,0.015682196387681757,0.3%,0.3%,1.6%,24,,,56.06872307855222
2022-11-19 00:00:00+00:00,16699.43,16822.41,16553.53,16700.68,104963.15558,1747627888.1295474,3142123,52397.34048,872445362.1257405,1.3772083985674755e-05,0.0013772083985674755,67525.83,-50825.15,-75.26771607250144,0.0031114049583461953,0.002919247530035709,0.015637339756054868,0.3%,0.3%,1.6%,24,,,56.06872307855222
2022-11-20 00:00:00+00:00,16700.68,16753.33,16180.0,16280.23,154842.13478,2561165772.495707,4557344,75959.10991,1256443330.0415068,-0.025175621591456254,-2.5175621591456254,67525.83,-51245.600000000006,-75.8903666937526,0.016652356807068478,0.03039200131490121,0.09013286976057094,1.7%,3.0%,9.0%,24,,,56.06872307855222
2022-11-21 00:00:00+00:00,16279.5,16319.0,15476.0,15781.29,324096.997753,5188798317.004153,7440871,159995.4646,2561914108.9244175,-0.03064698717401404,-3.064698717401404,67525.83,-51744.54,-76.62925431645935,0.06264496303484127,0.09442966662998785,0.09215193560390934,6.3%,9.4%,9.2%,24,,,56.06872307855222
2022-11-22 00:00:00+00:00,15781.29,16315.0,15616.63,16226.94,239548.06623,3823612603.803002,6276097,119384.47075,1905917090.2669592,0.028239136344367255,2.8239136344367255,67525.83,-51298.89,-75.9692846426323,0.019926019352723312,0.09187778524886829,0.0918838733844446,2.0%,9.2%,9.2%,24,,,56.06872307855222
2022-11-23 00:00:00+00:00,16227.96,16706.0,16160.2,16603.11,264927.70408,4368042618.500261,6260616,132804.37627,2189676204.366816,0.023181819862524877,2.3181819862524877,67525.83,-50922.72,-75.4122089280502,0.0026665846240506636,0.011905501976294664,0.06767716528515844,0.3%,1.2%,6.8%,24,,,56.06872307855222
2022-11-24 00:00:00+00:00,16603.11,16812.63,16458.05,16598.95,206565.92346,3431724405.654768,5031851,103203.3193,1714660566.877812,-0.00025055546822250196,-0.025055546822250196,67525.83,-50926.880000000005,-75.41836953355478,0.0027350433582463353,0.011967996032555099,0.0676413162608806,0.3%,1.2%,6.8%,24,,,56.06872307855222
2022-11-25 00:00:00+00:00,16599.55,16666.0,16342.81,16522.14,182089.49533,3003553172.2294717,4396465,90187.55597,1487718711.084076,-0.004627401130794517,-0.46274011307945173,67525.83,-51003.69,-75.53211859817199,0.015752196402419004,0.01931496256693646,0.06786052467097371,1.6%,1.9%,6.8%,24,,,56.06872307855222
2022-11-26 00:00:00+00:00,16521.35,16701.99,16385.0,16458.57,181804.81666,3011990387.6474295,3817130,89646.23245,1485219997.2638843,-0.0038475645406708114,-0.38475645406708114,67525.83,-51067.26,-75.62626035103901,0.01709976090813537,0.020418176220337085,0.06766578933946223,1.7%,2.0%,6.8%,24,,,56.06872307855222
2022-11-27 00:00:00+00:00,16457.61,16600.0,16401.0,16428.78,162025.47607,2679048565.5213013,3362221,80097.04098,1324406073.6694643,-0.0018099992891241756,-0.18099992891241756,67525.83,-51097.05,-75.67037680247692,0.01694829995023457,0.02049404247637537,0.06780036380791579,1.7%,2.0%,6.8%,24,,,56.06872307855222
2022-11-28 00:00:00+00:00,16428.77,16487.04,15995.27,16212.91,252695.40367,4096398587.357314,5570407,125766.80639,2038825206.5401726,-0.013139746225830473,-1.3139746225830473,67525.83,-51312.92,-75.99006187706246,0.020777299368393915,0.09441076691341235,0.091870158865918,2.1%,9.4%,9.2%,24,,,56.06872307855222
2022-11-29 00:00:00+00:00,16212.18,16548.71,16100.0,16442.53,248106.25009000002,4072651066.9994063,5206638,123715.14039,2030827592.4923499,0.014162787556336154,1.4162787556336154,67525.83,-51083.3,-75.6500142241865,0.016990473062823776,0.020396793386572264,0.06766918652163416,1.7%,2.0%,6.8%,24,,,56.06872307855222
2022-11-30 00:00:00+00:00,16442.91,17249.0,16428.3,17163.64,303019.80719,5123595199.505286,6519330,151764.57285,2566042182.996361,0.0438563894972368,4.38563894972368,67525.83,-50362.19,-74.58211176375026,0.005677898093899018,0.004835574915011243,0.004027983055884041,0.6%,0.5%,0.4%,24,,,56.06872307855222
2022-12-01 00:00:00+00:00,17165.53,17324.0,16855.01,16977.37,232818.18218,3972607179.8685718,5097720,116018.88867,1979692808.0070593,-0.010852593039704872,-1.0852593039704872,67525.83,-50548.46000000001,-74.85796176070698,0.0030510687703644004,0.0028995182523752177,0.0028611369107710135,0.3%,0.3%,0.3%,24,,,56.06872307855222
2022-12-02 00:00:00+00:00,16978.0,17105.73,16787.85,17092.74,202372.20620000002,3432385161.660257,4305515,99556.14105,1688510144.191262,0.0067955166200655,0.67955166200655,67525.83,-50433.09,-74.68710862198954,0.005389571684799662,0.0046344967553495426,0.003802424357848878,0.5%,0.5%,0.4%,24,,,56.06872307855222
2022-12-03 00:00:00+00:00,17092.13,17188.98,16858.74,16885.2,154542.57306,2622504252.866453,3308694,76214.56604,1293351463.1609118,-0.01214199712860553,-1.214199712860553,67525.83,-50640.630000000005,-74.99445767641805,0.0023070245761010375,0.002516528916989438,0.002800797278951466,0.2%,0.3%,0.3%,24,,,56.06872307855222
2022-12-04 00:00:00+00:00,16885.2,17202.84,16878.25,17105.7,178619.13387,3040020095.051178,3948990,89359.35165,1520945572.0768337,0.013058773363655796,1.3058773363655796,67525.83,-50420.130000000005,-74.6679159663791,0.005412510354046727,0.004678341917794532,0.0038434251982660786,0.5%,0.5%,0.4%,24,,,56.06872307855222
2022-12-05 00:00:00+00:00,17106.65,17424.25,16867.0,16966.35,233703.29225,4015334796.603721,5138207,115508.19916,1984551471.3164082,-0.00814640733790506,-0.8146407337905059,67525.83,-50559.48,-74.874281441635,0.003388934954615194,0.0028570078808976733,0.002923847098181354,0.3%,0.3%,0.3%,24,,,56.06872307855222
2022-12-06 00:00:00+00:00,16966.35,17107.01,16906.37,17088.96,218730.76883,3717926010.3405867,4416864,108449.54144,1843473774.5861642,0.007226657471996134,0.7226657471996134,67525.83,-50436.87,-74.69270647987592,0.005331177594476845,0.0045940796044297745,0.0037766978867922007,0.5%,0.5%,0.4%,24,,,56.06872307855222
2022-12-07 00:00:00+00:00,17088.96,17142.21,16678.83,16836.64,220657.41334,3723206794.3054667,4284989,107803.05198,1819002376.4928687,-0.014765088103664614,-1.4765088103664614,67525.83,-50689.19,-75.06637089836585,0.0020417680841830787,0.002750742412894561,0.003008534428263059,0.2%,0.3%,0.3%,24,,,56.06872307855222
2022-12-08 00:00:00+00:00,16836.64,17299.0,16733.49,17224.1,236417.97804,4009427525.0304117,4520282,117238.75693999999,1988377121.4173508,0.023012905187733468,2.301290518773347,67525.83,-50301.73,-74.49257565586385,0.005802723374568415,0.005018117866453395,0.004186387109902039,0.6%,0.5%,0.4%,24,,,56.06872307855222
2022-12-09 00:00:00+00:00,17224.1,17360.0,17058.21,17128.56,238422.06465,4097973425.697354,4282003,118031.91364,2028743141.4068208,-0.005546879082216072,-0.5546879082216072,67525.83,-50397.270000000004,-74.63406225439954,0.00567076912763305,0.004888337078603722,0.003975121430362421,0.6%,0.5%,0.4%,24,,,56.06872307855222
2022-12-10 00:00:00+00:00,17128.56,17227.72,17092.0,17127.49,140573.97937000002,2411933258.8486,3032257,70355.34064000001,1207126756.2174747,-6.246876561721848e-05,-0.006246876561721848,67525.83,-50398.34,-74.63564683321923,0.005672997216248896,0.004890328299307646,0.003995117189274285,0.6%,0.5%,0.4%,24,,,56.06872307855222
2022-12-11 00:00:00+00:00,17127.49,17270.99,17071.0,17085.05,155286.47871,2663686104.0825615,3260722,77740.37478,1333501724.91499,-0.0024778878866665854,-0.24778878866665854,67525.83,-50440.78,-74.69849685668433,0.00523524582079136,0.004529594111990662,0.0037336615888607125,0.5%,0.5%,0.4%,24,,,56.06872307855222
2022-12-12 00:00:00+00:00,17085.05,17241.89,16871.85,17209.83,226227.49694,3844787581.4819245,4463916,112286.94413,1908405023.8763018,0.0073034612131659404,0.730346121316594,67525.83,-50316.0,-74.51370830984231,0.00581524483459034,0.004867677663114055,0.004105576999572565,0.6%,0.5%,0.4%,24,,,56.06872307855222
2022-12-13 00:00:00+00:00,17208.93,18000.0,17080.14,17774.7,284462.9139,4983896040.378995,6242080,143922.84935,2521692886.9668703,0.03282252061757718,3.2822520617577178,67525.83,-49751.130000000005,-73.67718397537652,0.019461731091704012,0.01525579210339944,0.011516662556037427,1.9%,1.5%,1.2%,24,,,56.06872307855222
2022-12-14 00:00:00+00:00,17775.82,18387.95,17660.94,17803.15,266681.22209,4779915721.484459,5743730,133308.11239,2389606669.9635315,0.0016005896020749866,0.16005896020749866,67525.83,-49722.68,-73.63505194975019,0.019183980130784716,0.015326165337281468,0.011565894398264097,1.9%,1.5%,1.2%,24,,,56.06872307855222
2022-12-15 00:00:00+00:00,17804.01,17854.82,17275.51,17356.34,223701.96882,3923378677.8337474,4789226,110193.63642,1932609296.7091348,-0.025097244027040277,-2.5097244027040277,67525.83,-50169.490000000005,-74.29673948472755,0.008794461155113766,0.007446801120125294,0.005879182195118632,0.9%,0.7%,0.6%,24,,,56.06872307855222
2022-12-16 00:00:00+00:00,17356.96,17531.73,16527.32,16632.12,253379.04116,4308933187.65654,5703001,123374.83424,2098188985.0070968,-0.041726539120575,-4.1726539120575,67525.83,-50893.71000000001,-75.3692475901444,0.002760397429825473,0.006981333030355736,0.06754363756917256,0.3%,0.7%,6.8%,24,,,56.06872307855222
2022-12-17 00:00:00+00:00,16631.5,16796.82,16579.85,16776.52,144825.66684,2417851422.213125,3905843,72289.66495,1206885683.569382,0.008681996041394635,0.8681996041394635,67525.83,-50749.31,-75.15540349522546,0.003097382191413731,0.0031817676501124732,0.010225241366313219,0.3%,0.3%,1.0%,24,,,56.06872307855222
2022-12-18 00:00:00+00:00,16777.54,16863.26,16663.07,16738.21,112619.31646,1884666030.099238,3369193,55539.12922,929480021.401935,-0.0022835486739801736,-0.22835486739801736,67525.83,-50787.62,-75.21213734062951,0.0026813255684268174,0.00287704549606757,0.01249067594303008,0.3%,0.3%,1.2%,24,,,56.06872307855222
2022-12-19 00:00:00+00:00,16739.0,16815.99,16256.3,16438.88,179094.28305,2981094033.013813,4681887,87610.2351,1458309480.7452483,-0.017883035282745152,-1.7883035282745152,67525.83,-51086.95,-75.65541956315087,0.016992562402098784,0.02049724644543862,0.06766572952744632,1.7%,2.0%,6.8%,24,,,56.06872307855222
2022-12-20 00:00:00+00:00,16438.88,17061.27,16397.2,16895.56,248808.92324,4176995653.545711,5945803,124217.38590000001,2085423621.7423255,0.027780481395326184,2.7780481395326184,67525.83,-50630.270000000004,-74.97911539924796,0.0027413592128561408,0.002498259145600571,0.0028591443407030214,0.3%,0.2%,0.3%,24,,,56.06872307855222
2022-12-21 00:00:00+00:00,16896.15,16925.0,16723.0,16824.67,156810.96362,2638528723.7360415,4375570,77675.35979,1307019850.0606217,-0.004195776878659463,-0.4195776878659463,67525.83,-50701.16,-75.0840974483394,0.003180482433414259,0.0029408283697657613,0.008017269595842133,0.3%,0.3%,0.8%,24,,,56.06872307855222
2022-12-22 00:00:00+00:00,16824.68,16868.52,16559.85,16821.43,176044.27234999998,2949612072.049303,4678640,87573.90221,1467281598.7190852,-0.0001925743565845961,-0.01925743565845961,67525.83,-50704.4,-75.08889561224201,0.003183814139864427,0.003032822887474393,0.008492238521296616,0.3%,0.3%,0.8%,24,,,56.06872307855222
2022-12-23 00:00:00+00:00,16821.9,16955.14,16731.13,16778.5,161612.00947,2720021933.9789267,4561020,81034.18553,1363871435.613549,-0.0025521016940890373,-0.25521016940890373,67525.83,-50747.33,-75.15247128395164,0.003092975730376775,0.003163199998582284,0.010096878999414832,0.3%,0.3%,1.0%,24,,,56.06872307855222
2022-12-24 00:00:00+00:00,16778.52,16869.99,16776.62,16836.12,100224.29096,1686757294.992634,3076985,49578.22304,834395051.2711908,0.003434156807819555,0.3434156807819555,67525.83,-50689.71000000001,-75.06714097405394,0.0020708202730610734,0.0027503792824980144,0.003019960344810219,0.2%,0.3%,0.3%,24,,,56.06872307855222
2022-12-25 00:00:00+00:00,16835.73,16857.96,16721.0,16832.11,125441.07202,2108857873.1916704,3570157,62073.54114,1043560797.0693523,-0.00023817839264617113,-0.023817839264617113,67525.83,-50693.72,-75.07307944234081,0.002703715640406196,0.0028338060678580793,0.004047369134847964,0.3%,0.3%,0.4%,24,,,56.06872307855222
2022-12-26 00:00:00+00:00,16832.11,16944.52,16791.0,16919.39,124564.00656,2099037538.6317942,3915571,61741.18011,1040420821.2262526,0.005185327329728651,0.5185327329728651,67525.83,-50606.44,-74.94382519992719,0.0035167258750032964,0.00282391870270475,0.003041601685677989,0.4%,0.3%,0.3%,24,,,56.06872307855222
2022-12-27 00:00:00+00:00,16919.39,16972.83,16592.37,16706.36,173749.58616,2918379509.5314097,5047628,86096.58586,1446098274.5653381,-0.012590879458420079,-1.259087945842008,67525.83,-50819.47,-75.25930447652402,0.0030593164067703907,0.002854432655733306,0.015217540470114518,0.3%,0.3%,1.5%,24,,,56.06872307855222
2022-12-28 00:00:00+00:00,16706.06,16785.19,16465.33,16547.31,193037.56577000002,3210894236.812391,5465468,96118.18717,1598767893.1727967,-0.00952032639066791,-0.952032639066791,67525.83,-50978.520000000004,-75.49484397303965,0.015555062352735707,0.01653184844683141,0.06787000332792359,1.6%,1.7%,6.8%,24,,,56.06872307855222
2022-12-29 00:00:00+00:00,16547.32,16664.41,16488.91,16633.47,160998.47158,2671665748.0816226,4553877,80977.62443,1343799862.9950266,0.00520688861210683,0.520688861210683,67525.83,-50892.36,-75.36724835518497,0.002723046271141643,0.005921266683478893,0.06750152278067763,0.3%,0.6%,6.8%,24,,,56.06872307855222
2022-12-30 00:00:00+00:00,16633.47,16677.35,16333.0,16607.48,164916.31174,2726831056.725026,4310415,82170.4749,1358631100.7592442,-0.0015625122118235746,-0.15625122118235746,67525.83,-50918.350000000006,-75.40573733044081,0.0027079858040151943,0.011885850975558405,0.06768443014655251,0.3%,1.2%,6.8%,24,,,56.06872307855222
2022-12-31 00:00:00+00:00,16607.48,16644.09,16470.0,16542.4,114490.42864,1897047504.9188974,3344374,57021.06919,944834393.3413354,-0.003918716144773238,-0.39187161447732377,67525.83,-50983.43,-75.5021152646328,0.01565964972244313,0.01657411671328071,0.06802525232588877,1.6%,1.7%,6.8%,24,,,56.06872307855222
2023-01-01 00:00:00+00:00,16541.77,16628.0,16499.01,16616.75,96925.41374,1604793789.6772127,3218355,48548.78168,803841673.8350587,0.004494511074571994,0.4494511074571994,67525.83,-50909.08,-75.39200925038611,0.0026268552901111564,0.011758939504745082,0.0676497342874931,0.3%,1.2%,6.8%,24,,,56.06872307855222
2023-01-02 00:00:00+00:00,16617.17,16799.23,16548.7,16672.87,121888.57191,2034683215.2678783,4036118,60925.25948,1017074780.6918063,0.003377315058600505,0.3377315058600505,67525.83,-50852.96000000001,-75.30890031266554,0.003167676766028339,0.0031684855277300922,0.01669172796851623,0.3%,0.3%,1.7%,24,,,56.06872307855222
2023-01-03 00:00:00+00:00,16672.78,16778.4,16605.28,16675.18,159541.53733,2662765916.3256683,5097596,79595.76246,1328471402.7136745,0.0001385484322735664,0.013854843227356639,67525.83,-50850.65,-75.30547939951275,0.0031637037789706396,0.0031622491875103556,0.01657676508043846,0.3%,0.3%,1.7%,24,,,56.06872307855222
2023-01-04 00:00:00+00:00,16675.65,16991.87,16652.66,16850.36,220362.18862,3709833209.845365,6310703,109747.11502,1847617011.385377,0.01050543382440261,1.050543382440261,67525.83,-50675.47,-75.04605274751898,0.0012019653755437072,0.0025958041269664176,0.002779747765045382,0.1%,0.3%,0.3%,24,,,56.06872307855222
2023-01-05 00:00:00+00:00,16850.36,16879.82,16753.0,16831.85,163473.56641,2751080253.8177333,4842014,80959.57162,1362471754.0532992,-0.0010984928511914571,-0.10984928511914571,67525.83,-50693.98,-75.07346448018485,0.0027032099035785365,0.0028331707488638584,0.004174152285243793,0.3%,0.3%,0.4%,24,,,56.06872307855222
2023-01-06 00:00:00+00:00,16831.85,17041.0,16679.0,16950.65,207401.28415,3490305009.6881223,5388661,103320.22965,1738828235.2023005,0.007058047689350921,0.7058047689350921,67525.83,-50575.18,-74.8975318037557,0.0035068556587783436,0.002815345853788886,0.0029520023171475153,0.4%,0.3%,0.3%,24,,,56.06872307855222
2023-01-07 00:00:00+00:00,16950.31,16981.91,16908.0,16943.57,104526.5688,1770201710.2089734,3227161,51624.83107,874295207.6365124,-0.00041768309769840695,-0.041768309769840695,67525.83,-50582.26,-74.90801668043177,0.003553240983790222,0.0028169873791548017,0.003004785742527722,0.4%,0.3%,0.3%,24,,,56.06872307855222
2023-01-08 00:00:00+00:00,16943.83,17176.99,16911.0,17127.83,135155.89695,2291925699.9585457,4036092,67200.6025,1139647002.7608514,0.010874921873017529,1.087492187301753,67525.83,-50398.0,-74.6351433221924,0.005679898123072356,0.004892126244265859,0.003976714515853519,0.6%,0.5%,0.4%,24,,,56.06872307855222
2023-01-09 00:00:00+00:00,17127.83,17398.8,17104.66,17178.26,266211.52723,4590284350.546169,6327667,131748.52517,2271681164.7993326,0.0029443309514396443,0.29443309514396443,67525.83,-50347.57000000001,-74.5604607895971,0.005668229605249409,0.00469733329908237,0.00402074118701715,0.6%,0.5%,0.4%,24,,,56.06872307855222
2023-01-10 00:00:00+00:00,17179.04,17499.0,17146.34,17440.66,221382.42581000002,3829247653.7311053,5448751,109377.45606,1891995855.287608,0.015275120995956515,1.5275120995956515,67525.83,-50085.17,-74.17186875007683,0.010518606297743097,0.008588922165445935,0.006735304241151041,1.1%,0.9%,0.7%,24,,,56.06872307855222
2023-01-11 00:00:00+00:00,17440.64,18000.0,17315.6,17943.26,262221.60653,4586965947.26355,5627464,129944.5693,2273368097.0292645,0.02881771676071887,2.881771676071887,67525.83,-49582.57000000001,-73.42756097925786,0.01940753310436755,0.016113483642157787,0.012260930633704108,1.9%,1.6%,1.2%,24,,,56.06872307855222
2023-01-12 00:00:00+00:00,17943.26,19117.04,17892.05,18846.62,454568.32178,8348431207.846009,8911373,227295.33172,4174813798.3828607,0.05034536644957499,5.034536644957499,67525.83,-48679.21000000001,-72.08976179929962,0.009790528655302673,0.011244101612535206,0.01430420777278736,1.0%,1.1%,1.4%,24,,,56.06872307855222
2023-01-13 00:00:00+00:00,18846.62,20000.0,18714.12,19930.01,368615.87823000003,7061633461.444734,8021774,183448.89377,3515300890.305057,0.05748457813655716,5.748457813655716,67525.83,-47595.82000000001,-70.48535353064153,0.004275451224364209,0.006153649575980008,0.004932518295088296,0.4%,0.6%,0.5%,24,,,56.06872307855222
2023-01-14 00:00:00+00:00,19930.01,21258.0,19888.05,20954.92,393913.74951,8183071567.046188,8659545,197817.55209,4109568162.1704197,0.0514254634092004,5.14254634092004,67525.83,-46570.91,-68.96754915859606,0.0045361783501060215,0.004309163387705882,0.004205215435431699,0.5%,0.4%,0.4%,24,,,56.06872307855222
2023-01-15 00:00:00+00:00,20952.76,21050.74,20551.01,20871.5,178542.22549,3710526606.138964,5194354,88310.83908,1835436631.7038705,-0.003980926674976515,-0.3980926674976515,67525.83,-46654.33,-69.0910870699405,0.0037664740805759774,0.004133802802294414,0.004031914653010237,0.4%,0.4%,0.4%,24,,,56.06872307855222
2023-01-16 00:00:00+00:00,20872.99,21474.05,20611.48,21185.65,293078.08262,6168654053.042638,6856434,145352.66942,3059597458.3853526,0.0150516254222266,1.50516254222266,67525.83,-46340.18,-68.62585769030902,0.005583188557215437,0.005211821492347817,0.004777692503431712,0.6%,0.5%,0.5%,24,,,56.06872307855222
2023-01-17 00:00:00+00:00,21185.65,21647.45,20841.31,21134.81,275407.74409,5840585769.490093,6440138,137121.64311,2908227174.2490306,-0.0023997375582056613,-0.23997375582056613,67525.83,-46391.020000000004,-68.70114739796608,0.005804845808322687,0.00508506008036223,0.004734859022086565,0.6%,0.5%,0.5%,24,,,56.06872307855222
2023-01-18 00:00:00+00:00,21132.29,21650.0,20407.15,20677.47,350916.01949,7399719195.246726,7617173,173174.41689999998,3652037808.316215,-0.02163918199406567,-2.163918199406567,67525.83,-46848.36,-69.37842896562694,0.004476346970747878,0.004441613916607517,0.004203026301929814,0.4%,0.4%,0.4%,24,,,56.06872307855222
2023-01-19 00:00:00+00:00,20677.47,21192.0,20659.19,21071.59,251385.84925,5243024330.011201,5819932,124924.23436,2605629874.089028,0.019060358931726196,1.9060358931726196,67525.83,-46454.240000000005,-68.79477083065844,0.005523277660587394,0.004793049971274756,0.00457102983601623,0.6%,0.5%,0.5%,24,,,56.06872307855222
2023-01-20 00:00:00+00:00,21071.59,22755.93,20861.28,22667.21,338079.13659,7256172889.710533,7382435,170200.04869,3654038898.2709284,0.07572375886205074,7.572375886205074,67525.83,-44858.62,-66.43179358180417,0.006666988044546805,0.008825028629504064,0.008170094838889828,0.7%,0.9%,0.8%,24,,,56.06872307855222
2023-01-21 00:00:00+00:00,22666.0,23371.8,22422.0,22783.55,346445.48432,7938935168.532013,7796520,172663.17131,3956916674.402963,0.0051325240292035,0.51325240292035,67525.83,-44742.28,-66.25950395574553,0.006554204069779438,0.007138247403985049,0.008197461641851686,0.7%,0.7%,0.8%,24,,,56.06872307855222
2023-01-22 00:00:00+00:00,22783.35,23078.71,22292.37,22707.88,253577.75286,5775552321.544121,6603827,125842.91663,2866409820.7225704,-0.003321255906125198,-0.3321255906125198,67525.83,-44817.95,-66.3715647775081,0.006827069875475228,0.00770150868224336,0.008193551231773104,0.7%,0.8%,0.8%,24,,,56.06872307855222
2023-01-23 00:00:00+00:00,22706.02,23180.0,22500.0,22916.45,293588.37938,6704191295.97568,7258655,145854.70936,3330927704.48361,0.009184917306239049,0.9184917306239049,67525.83,-44609.380000000005,-66.0626903808513,0.003942438150087686,0.005978871934296092,0.008110779539126749,0.4%,0.6%,0.8%,24,,,56.06872307855222
2023-01-24 00:00:00+00:00,22917.81,23162.2,22462.93,22632.89,293158.78254,6721432962.573841,7395584,144239.84356,3307407342.13858,-0.012373644259909389,-1.2373644259909389,67525.83,-44892.94,-66.48261857721704,0.0066067819177481595,0.009049829243668352,0.00814631898483262,0.7%,0.9%,0.8%,24,,,56.06872307855222
2023-01-25 00:00:00+00:00,22631.94,23816.73,22300.0,23060.94,346042.83223,7875590359.115837,8060446,172647.90115,3929821773.9651175,0.01891274158978362,1.8912741589783622,67525.83,-44464.89,-65.84871300360173,0.0031456735775720825,0.003678262186635749,0.005986086923070336,0.3%,0.4%,0.6%,24,,,56.06872307855222
2023-01-26 00:00:00+00:00,23060.42,23282.47,22850.01,23009.65,288924.43581,6664592468.337928,7181086,143185.08341,3303064271.0511746,-0.002224107083232396,-0.22241070832323961,67525.83,-44516.18,-65.92466912291192,0.0033317734415685826,0.003773495000743558,0.007089004362480707,0.3%,0.4%,0.7%,24,,,56.06872307855222
2023-01-27 00:00:00+00:00,23009.65,23500.0,22534.88,23074.16,280833.86315,6461707755.053915,7079096,139699.27638,3214623770.8450403,0.0028036063130034705,0.28036063130034705,67525.83,-44451.67,-65.82913531014725,0.0032157318030519044,0.0036709209590754348,0.005787562427752392,0.3%,0.4%,0.6%,24,,,56.06872307855222
2023-01-28 00:00:00+00:00,23074.16,23189.0,22878.46,23022.6,148115.71085,3408985411.316586,4181816,73861.83566,1700057503.749539,-0.0022345342148967218,-0.22345342148967218,67525.83,-44503.23,-65.90549127644933,0.0032850354902475747,0.0036811261188333445,0.006378534278046887,0.3%,0.4%,0.6%,24,,,56.06872307855222
2023-01-29 00:00:00+00:00,23021.4,23960.54,22967.76,23742.3,295688.79204,6941922954.136406,7030837,149507.5061,3510026672.7997174,0.03126058742279336,3.1260587422793362,67525.83,-43783.53,-64.83967690585959,0.007509708443801482,0.005941452259024341,0.004814074880957965,0.8%,0.6%,0.5%,24,,,56.06872307855222
2023-01-30 00:00:00+00:00,23743.37,23800.51,22500.0,22826.15,302405.90121,7020727239.059652,7790224,149096.53066,3461492907.172606,-0.03858724723383988,-3.8587247233839883,67525.83,-44699.68,-66.19641698591488,0.0053987517603045045,0.005980750886426273,0.008204046272020394,0.5%,0.6%,0.8%,24,,,56.06872307855222
2023-01-31 00:00:00+00:00,22827.38,23320.0,22714.77,23125.13,264649.34909000003,6083858924.538486,6798411,133028.12717,3058369006.240699,0.01309813525276926,1.309813525276926,67525.83,-44400.7,-65.75365308356818,0.00308733114973786,0.0031893839072233837,0.004991917726456966,0.3%,0.3%,0.5%,24,,,56.06872307855222
2023-02-01 00:00:00+00:00,23125.13,23812.66,22760.23,23732.66,310790.42271,7212542002.325099,7863213,156107.58478,3623730152.719127,0.026271419879585478,2.627141987958548,67525.83,-43793.17,-64.85395292438464,0.007511634410747107,0.005937232309574351,0.004812599453850938,0.8%,0.6%,0.5%,24,,,56.06872307855222
2023-02-02 00:00:00+00:00,23731.41,24255.0,23363.27,23488.94,364177.20751,8673696845.80511,9102300,181814.20318,4330715913.906593,-0.010269392474337113,-1.0269392474337113,67525.83,-44036.89,-65.21488147572566,0.003238931755458423,0.00358131641830153,0.0033504234669292374,0.3%,0.4%,0.3%,24,,,56.06872307855222
2023-02-03 00:00:00+00:00,23489.33,23715.7,23204.62,23431.9,332571.02904,7806490899.914181,8007846,166143.33246,3900042090.516365,-0.002428376929737852,-0.2428376929737852,67525.83,-44093.93,-65.29935285504821,0.0035657582862854502,0.0035482948352002133,0.0033253332809029677,0.4%,0.4%,0.3%,24,,,56.06872307855222
2023-02-04 00:00:00+00:00,23431.9,23587.78,23253.96,23326.84,166126.47295,3886777607.7960505,4852404,81863.93145,1915443497.6889513,-0.004483631288969336,-0.44836312889693364,67525.83,-44198.990000000005,-65.4549377623348,0.003873404074375218,0.003474370856088181,0.003546819140788119,0.4%,0.3%,0.4%,24,,,56.06872307855222
2023-02-05 00:00:00+00:00,23327.66,23433.33,22743.0,22932.91,209251.33917,4842463016.833934,5903916,103885.22312,2404286621.1203337,-0.016887413811729313,-1.6887413811729313,67525.83,-44592.92,-66.03831452349421,0.003919369424888841,0.005492805320038015,0.008060910326899165,0.4%,0.5%,0.8%,24,,,56.06872307855222
2023-02-06 00:00:00+00:00,22932.91,23158.25,22628.13,22762.52,265371.6069,6076050768.117038,6956395,132350.52989,3030470974.62453,-0.007429933663019583,-0.7429933663019583,67525.83,-44763.31,-66.29064759366898,0.007000966580465158,0.007374938263597855,0.008185568307055194,0.7%,0.7%,0.8%,24,,,56.06872307855222
2023-02-07 00:00:00+00:00,22762.52,23350.25,22745.78,23240.46,308006.72482,7085929136.456849,8293878,154613.24744,3557209786.515369,0.020996796488262248,2.099679648826225,67525.83,-44285.37,-65.58285918144213,0.003113021487736626,0.003085078877026532,0.003983202231153555,0.3%,0.3%,0.4%,24,,,56.06872307855222
2023-02-08 00:00:00+00:00,23242.42,23452.0,22665.85,22963.0,280056.30717,6457585647.820654,7896433,138627.72636,3196783919.6301227,-0.011938662143520351,-1.193866214352035,67525.83,-44562.83,-65.99375379762084,0.003841283887936575,0.004748355146769159,0.008064655140872871,0.4%,0.5%,0.8%,24,,,56.06872307855222
2023-02-09 00:00:00+00:00,22961.85,23011.39,21688.0,21796.35,402894.6955,9052973327.197163,9784291,199309.68374,4478800426.302857,-0.05080564386186481,-5.080564386186481,67525.83,-45729.48,-67.72146303125781,0.005922184353595094,0.005283322131833891,0.0050343020780494584,0.6%,0.5%,0.5%,24,,,56.06872307855222
2023-02-10 00:00:00+00:00,21797.83,21938.16,21451.0,21625.19,338591.94247,7369456394.906654,6993675,167419.66937,3644087094.706669,-0.007852690932197315,-0.7852690932197315,67525.83,-45900.64,-67.97493640581686,0.004745116325281466,0.0044971897014080345,0.004767727860042046,0.5%,0.4%,0.5%,24,,,56.06872307855222
2023-02-11 00:00:00+00:00,21625.19,21906.32,21599.78,21862.55,177021.58433,3842000897.7975802,4207940,87937.9597,1908638569.7798102,0.01097608853378862,1.097608853378862,67525.83,-45663.28,-67.62342647250689,0.006577912313600396,0.005754135003837215,0.005068355734559335,0.7%,0.6%,0.5%,24,,,56.06872307855222
2023-02-12 00:00:00+00:00,21862.02,22090.0,21630.0,21783.54,204435.65163,4469822441.4372015,4561903,101194.34699,2212545781.0931144,-0.0036139425638820333,-0.3613942563882033,67525.83,-45742.29,-67.74043354965056,0.0058865956992146815,0.005184276576237555,0.004983903992317392,0.6%,0.5%,0.5%,24,,,56.06872307855222
2023-02-13 00:00:00+00:00,21782.37,21894.99,21351.07,21773.97,295730.76791,6404813758.2696295,6503611,147221.38569,3188732830.199443,-0.0004393225343538587,-0.04393225343538587,67525.83,-45751.86,-67.75460590414069,0.005542694819251624,0.00511478163363431,0.004886327168366471,0.6%,0.5%,0.5%,24,,,56.06872307855222
2023-02-14 00:00:00+00:00,21774.63,22319.08,21532.77,22199.84,361958.40109,7938385476.792084,7695927,182006.71562,3991901041.9023824,0.01955867487646934,1.955867487646934,67525.83,-45325.990000000005,-67.12392872475614,0.011209515778131398,0.009258098775482644,0.007236298308718529,1.1%,0.9%,0.7%,24,,,56.06872307855222
2023-02-15 00:00:00+00:00,22199.84,24380.0,22047.28,24324.05,375669.16111,8604133693.663172,8335550,190798.1552,4372346767.103614,0.09568582476270104,9.568582476270105,67525.83,-43201.78,-63.97815472982708,0.009578794166726572,0.007795126851245577,0.006828208099872016,1.0%,0.8%,0.7%,24,,,56.06872307855222
2023-02-16 00:00:00+00:00,24322.87,25250.0,23505.25,23517.72,450080.68366,11074988148.779009,11006793,224396.77565999998,5522891581.325578,-0.033149496074872276,-3.3149496074872276,67525.83,-44008.11,-65.17226074822034,0.003466297247621937,0.0037592411304185024,0.003428638127703991,0.3%,0.4%,0.3%,24,,,56.06872307855222
2023-02-17 00:00:00+00:00,23517.72,25021.11,23339.37,24569.97,496813.21376,11968532252.05733,10895009,249087.94774,6001870488.345367,0.04474285772600406,4.474285772600406,67525.83,-42955.86,-63.61396816595961,0.009667796598307273,0.008772342064930784,0.007518527226791,1.0%,0.9%,0.8%,24,,,56.06872307855222
2023-02-18 00:00:00+00:00,24568.24,24877.0,24430.0,24631.95,216917.25213,5339920389.516133,6296097,107467.08761,2645647445.8196015,0.002522591602675872,0.2522591602675872,67525.83,-42893.880000000005,-63.52218106760035,0.008546924731976047,0.008769347079815134,0.007557907023014556,0.9%,0.9%,0.8%,24,,,56.06872307855222
2023-02-19 00:00:00+00:00,24632.05,25192.0,24192.57,24271.76,300395.99542,7408745406.624344,7660484,149680.28058,3692030229.980345,-0.014622878010064233,-1.4622878010064233,67525.83,-43254.07000000001,-64.05559176392205,0.008995794430581443,0.007307323812115053,0.006555918418189255,0.9%,0.7%,0.7%,24,,,56.06872307855222
2023-02-20 00:00:00+00:00,24272.51,25121.23,23840.83,24842.2,346938.56997,8561226688.07291,9808728,174453.04334,4305469238.849921,0.02350220997570851,2.350220997570851,67525.83,-42683.630000000005,-63.21081873410515,0.008280941760766825,0.009323535227360446,0.00809989228725477,0.8%,0.9%,0.8%,24,,,56.06872307855222
2023-02-21 00:00:00+00:00,24843.89,25250.0,24148.34,24452.16,376000.82868,9280992344.428871,10712371,187029.49757,4617218785.187702,-0.01570070283630276,-1.570070283630276,67525.83,-43073.67,-63.78843473675184,0.010534947557436497,0.00855936310211563,0.007341802008612785,1.1%,0.9%,0.7%,24,,,56.06872307855222
2023-02-22 00:00:00+00:00,24450.67,24476.05,23574.69,24182.21,379425.75365,9101745945.990707,11395957,188203.74268,4515001623.435453,-0.011039924489288477,-1.1039924489288477,67525.83,-43343.62,-64.18820768289706,0.007550627730975143,0.006327341193031959,0.006034566943405904,0.8%,0.6%,0.6%,24,,,56.06872307855222
2023-02-23 00:00:00+00:00,24182.21,24599.59,23608.0,23940.2,398400.45437,9596083721.512953,11396877,198080.68369,4771375630.511308,-0.01000777017485166,-1.000777017485166,67525.83,-43585.630000000005,-64.54660386995613,0.004731273523815285,0.0063013414651463375,0.0050949012211008,0.5%,0.6%,0.5%,24,,,56.06872307855222
2023-02-24 00:00:00+00:00,23940.2,24132.35,22841.19,23185.29,343582.57453,8087524100.39044,11531424,170263.13353,4008150118.2167997,-0.031533153440656325,-3.1533153440656325,67525.83,-44340.54,-65.66456125011717,0.0028299630094535417,0.0030103704512144413,0.004893663155431461,0.3%,0.3%,0.5%,24,,,56.06872307855222
2023-02-25 00:00:00+00:00,23184.04,23219.13,22722.0,23157.07,191311.8101,4406286300.272117,9124568,94440.13964,2175283940.904131,-0.0012171510470647684,-0.12171510470647684,67525.83,-44368.76,-65.70635266534303,0.0030188423225228477,0.00319468031091999,0.004961659499308236,0.3%,0.3%,0.5%,24,,,56.06872307855222
2023-02-26 00:00:00+00:00,23157.07,23689.99,23059.18,23554.85,202323.73623,4716158181.22559,9506015,101003.39278,2354572412.6900682,0.017177475388725716,1.7177475388725716,67525.83,-43970.98,-65.11727438226231,0.004669041265665164,0.004292832115083369,0.003732045800481206,0.5%,0.4%,0.4%,24,,,56.06872307855222
2023-02-27 00:00:00+00:00,23554.85,23897.99,23106.77,23492.09,283706.0859,6659785788.329373,11754195,141360.04845,3318353869.99525,-0.002664419429544207,-0.2664419429544207,67525.83,-44033.740000000005,-65.21021659415366,0.003269373461913418,0.003594573902699946,0.003358055957912383,0.3%,0.4%,0.3%,24,,,56.06872307855222
2023-02-28 00:00:00+00:00,23492.09,23600.0,23020.97,23141.57,264140.99894,6172930936.037334,9568743,131200.82704,3066249880.6703186,-0.014920766947512987,-1.4920766947512987,67525.83,-44384.26,-65.72930684450677,0.002957303885772953,0.00318507276582705,0.0049568214472100885,0.3%,0.3%,0.5%,24,,,56.06872307855222
2023-03-01 00:00:00+00:00,23141.57,24000.0,23020.03,23628.97,315287.41737,7441571085.495408,9390487,157961.92667,3728256787.110094,0.021061665219775483,2.1061665219775483,67525.83,-43896.86,-65.00750897841611,0.007010042486786583,0.005627603425706688,0.0045218300853096995,0.7%,0.6%,0.5%,24,,,56.06872307855222
2023-03-02 00:00:00+00:00,23629.76,23796.93,23195.9,23465.32,239315.45219,5603770010.239548,7435815,119522.00584,2798797976.70041,-0.00692582029601807,-0.692582029601807,67525.83,-44060.51,-65.24986068294163,0.003098813848297471,0.003511919072649645,0.0033508977562536043,0.3%,0.4%,0.3%,24,,,56.06872307855222
2023-03-03 00:00:00+00:00,23465.32,23476.95,21971.13,22354.34,319954.19785,7167184765.7436495,8214639,156827.31365999999,3512245357.1861916,-0.04734561471993559,-4.734561471993559,67525.83,-45171.490000000005,-66.89512739051115,0.010879291794250708,0.010061456342087714,0.007857174034241696,1.1%,1.0%,0.8%,24,,,56.06872307855222
2023-03-04 00:00:00+00:00,22354.34,22410.0,22157.08,22346.57,121257.38132,2706422995.680256,4169260,60043.331529999996,1340204531.1540701,-0.0003475835117475734,-0.03475835117475734,67525.83,-45179.26,-66.90663409838874,0.010912207083837538,0.010062576321257637,0.007863346041548343,1.1%,1.0%,0.8%,24,,,56.06872307855222
2023-03-05 00:00:00+00:00,22346.57,22662.09,22189.22,22430.24,154841.75786,3473011455.1879516,4835978,77394.35765,1735989090.899561,0.00374419877412957,0.374419877412957,67525.83,-45095.59,-66.7827259583481,0.007842219896960687,0.009832647556683503,0.007864770390054995,0.8%,1.0%,0.8%,24,,,56.06872307855222
2023-03-06 00:00:00+00:00,22430.24,22602.19,22258.0,22410.0,203751.82957,4569102169.185691,6471278,102110.26304,2289889200.1667166,-0.0009023532516817534,-0.09023532516817534,67525.83,-45115.83,-66.81269967359158,0.00849842131906713,0.009922595317909247,0.00786107321096587,0.8%,1.0%,0.8%,24,,,56.06872307855222
2023-03-07 00:00:00+00:00,22409.41,22557.91,21927.0,22197.96,292519.80912,6517594938.246053,7813394,145498.64218999998,3242136502.654673,-0.009461847389558242,-0.9461847389558242,67525.83,-45327.87,-67.12671284455149,0.011187437996996133,0.00926378841487616,0.007237460354357191,1.1%,0.9%,0.7%,24,,,56.06872307855222
2023-03-08 00:00:00+00:00,22198.56,22287.0,21580.0,21705.44,301460.57272,6641171704.242421,8018963,150008.02488,3304860256.104994,-0.022187624448372745,-2.2187624448372745,67525.83,-45820.39,-67.8560929943401,0.005216599668432145,0.004805956066458243,0.0048198773289186425,0.5%,0.5%,0.5%,24,,,56.06872307855222
2023-03-09 00:00:00+00:00,21704.37,21834.99,20042.72,20362.22,443658.28583999997,9403028764.707773,10076702,217900.59621,4619803522.043237,-0.06188402538718396,-6.188402538718396,67525.83,-47163.61,-69.84528735152163,0.003186338544738391,0.003695156527544048,0.003955339967837693,0.3%,0.4%,0.4%,24,,,56.06872307855222
2023-03-10 00:00:00+00:00,20362.21,20367.78,19549.09,20150.69,618456.4671,12344992788.912497,12106261,308155.80993,6151475123.535515,-0.010388356475865668,-1.0388356475865668,67525.83,-47375.14,-70.15854525594132,0.004483712203456079,0.004406743687001506,0.005210375973864652,0.4%,0.4%,0.5%,24,,,56.06872307855222
2023-03-11 00:00:00+00:00,20150.69,20686.51,19765.03,20455.73,427831.82133,8651590672.468525,10412300,213151.47855,4310534195.909292,0.015137943167206735,1.5137943167206735,67525.83,-47070.100000000006,-69.70680700999898,0.0043168614184690675,0.0039051369758694677,0.004174373464926896,0.4%,0.4%,0.4%,24,,,56.06872307855222
2023-03-12 00:00:00+00:00,20455.73,22150.0,20270.6,21997.11,430944.94288,8982418413.80114,9721933,218639.0688,4558127964.925804,0.07535199183798391,7.535199183798391,67525.83,-45528.72,-67.42415457906996,0.009142416290679028,0.007502605566449278,0.006003644485999968,0.9%,0.8%,0.6%,24,,,56.06872307855222
2023-03-13 00:00:00+00:00,21998.05,24500.0,21813.88,24113.48,687889.31259,15824996078.605639,14820760,346688.17025,7976620081.706099,0.09621127502658289,9.62112750265829,67525.83,-43412.350000000006,-64.28999095605342,0.0071084175444683555,0.006129307956684581,0.005803363615370176,0.7%,0.6%,0.6%,24,,,56.06872307855222
2023-03-14 00:00:00+00:00,24112.27,26386.87,23976.42,24670.41,699360.93423,17465307097.884075,15223589,351739.11994,8783916247.676138,0.023096210086640312,2.309621008664031,67525.83,-42855.42,-63.46522508497859,0.008191815631136575,0.008909109423133409,0.007664356848680529,0.8%,0.9%,0.8%,24,,,56.06872307855222
2023-03-15 00:00:00+00:00,24670.41,25196.97,23896.95,24285.66,581450.72984,14291005743.897852,12613034,291192.86696,7157472156.962334,-0.01559560623435119,-1.559560623435119,67525.83,-43240.17,-64.03500704841392,0.008969480468055154,0.00734637081831886,0.006560864441391025,0.9%,0.7%,0.7%,24,,,56.06872307855222
2023-03-16 00:00:00+00:00,24285.66,25167.4,24123.0,24998.78,439421.32998,10847330151.941006,10418081,220403.30289,5441432259.260846,0.02936383034267953,2.936383034267953,67525.83,-42527.05,-62.97893709710788,0.00919155258676104,0.009432056421343574,0.00812394832157954,0.9%,0.9%,0.8%,24,,,56.06872307855222
2023-03-17 00:00:00+00:00,24998.78,27756.84,24890.0,27395.13,624460.68091,16476681071.24338,13113359,318022.61355999997,8392477832.002322,0.09585867790348179,9.585867790348178,67525.83,-40130.7,-59.43014695265501,0.0031028237605098125,0.0026998504747158545,0.0025379613536738923,0.3%,0.3%,0.3%,24,,,56.06872307855222
2023-03-18 00:00:00+00:00,27395.13,27724.85,26578.0,26907.49,371238.97174,10135945069.64263,9948603,185687.70768,5070480124.593879,-0.017800244057976755,-1.7800244057976755,67525.83,-40618.34,-60.152300238293996,0.0015159056222499125,0.0020841551223234364,0.0024563558337432146,0.2%,0.2%,0.2%,24,,,56.06872307855222
2023-03-19 00:00:00+00:00,26907.49,28390.1,26827.22,27972.87,372066.99054,10264707987.594164,9578297,188150.56147000002,5191102286.400918,0.039594179910500626,3.9594179910500626,67525.83,-39552.96000000001,-58.57456324490939,0.0026911467193137108,0.0034760373297694543,0.0031344519308562826,0.3%,0.3%,0.3%,24,,,56.06872307855222
2023-03-20 00:00:00+00:00,27972.87,28472.0,27124.47,27717.01,477378.23373,13300424536.514921,11775950,239765.29148,6680704887.5321455,-0.009146719660871439,-0.9146719660871439,67525.83,-39808.82000000001,-58.95347010173737,0.0029205855902282207,0.002929212394566295,0.0027751070187442277,0.3%,0.3%,0.3%,24,,,56.06872307855222
2023-03-21 00:00:00+00:00,27717.01,28438.55,27303.1,28105.47,420929.7422,11760492716.33759,11530870,210472.34027000002,5880942507.630011,0.014015220256441863,1.4015220256441863,67525.83,-39420.36,-58.37819394445059,0.0029997961814930154,0.002940274636588438,0.0032117179370582056,0.3%,0.3%,0.3%,24,,,56.06872307855222
2023-03-22 00:00:00+00:00,28107.81,28868.05,26601.8,27250.97,224113.41296,6272099822.449624,3589327,110355.97386,3089585214.115064,-0.030403334297558482,-3.040333429755848,67525.83,-40274.86,-59.64363562802559,0.002044877996026438,0.002176466524906311,0.002181881640570723,0.2%,0.2%,0.2%,24,,,56.06872307855222
2023-03-23 00:00:00+00:00,27250.97,28750.0,27105.0,28295.41,128649.60818,3591123573.1149583,2159091,65172.024789999996,1819323637.2903445,0.038326709104299805,3.8326709104299805,67525.83,-39230.42,-58.09690899023381,0.004456846071931512,0.0038102896352709406,0.0035656675447541647,0.4%,0.4%,0.4%,24,,,56.06872307855222
2023-03-24 00:00:00+00:00,28295.42,28374.3,27000.0,27454.47,86242.06543999999,2403443392.0273013,1511137,41449.56122,1155147465.7389932,-0.029720014659621374,-2.9720014659621374,67525.83,-40071.36,-59.34226946932751,0.0027602551390869174,0.002714571079760276,0.0025785385122325975,0.3%,0.3%,0.3%,23,,,56.06872307855222
2023-03-25 00:00:00+00:00,27454.46,27787.33,27156.09,27462.95,50844.08102,1397227639.2141378,1088721,25326.94876,696042529.0839624,0.0003088750210802349,0.03088750210802349,67525.83,-40062.880000000005,-59.32971131195277,0.002529322769148001,0.002717567883605873,0.002584107051792557,0.3%,0.3%,0.3%,24,,,56.06872307855222
2023-03-26 00:00:00+00:00,27462.96,28194.4,27417.76,27968.05,49671.70353,1380973402.9961205,1068196,25248.15818,702028235.0573266,0.018392051837111456,1.8392051837111456,67525.83,-39557.78,-58.581701254171925,0.0026727058974458846,0.0034708383644166422,0.0031306045262690127,0.3%,0.3%,0.3%,24,,,56.06872307855222
2023-03-27 00:00:00+00:00,27968.05,28023.86,26508.14,27124.91,88039.46898,2407130888.034605,1575264,43151.91539,1179905180.6135278,-0.030146542215134797,-3.0146542215134797,67525.83,-40400.92,-59.830319745792096,0.002235879146385107,0.0024524659865925664,0.0024383329183869772,0.2%,0.2%,0.2%,24,,,56.06872307855222
2023-03-28 00:00:00+00:00,27124.9,27520.0,26631.78,27261.07,78602.44340999999,2124533606.765556,1521981,38972.61486,1053473599.2587688,0.005019740157663266,0.5019740157663266,67525.83,-40264.76,-59.62867838869956,0.0020983100693367685,0.002095550761767006,0.0021978545121446153,0.2%,0.2%,0.2%,24,,,56.06872307855222
2023-03-29 00:00:00+00:00,27261.06,28650.0,27240.1,28348.6,89486.16008,2519887866.2111588,1704217,45742.08025,1288220696.4926782,0.03989315166279228,3.989315166279228,67525.83,-39177.23,-58.01813913283258,0.0034523094348672483,0.003910714465826386,0.003633939816074202,0.3%,0.4%,0.4%,24,,,56.06872307855222
2023-03-30 00:00:00+00:00,28348.6,29184.68,27686.0,28028.53,98865.43256,2808471938.642443,1843652,49100.20979,1394972886.7062368,-0.011290504645732002,-1.1290504645732002,67525.83,-39497.3,-58.49213552798981,0.0023905149084135656,0.0031428193589301,0.0031067276931177976,0.2%,0.3%,0.3%,24,,,56.06872307855222
2023-03-31 00:00:00+00:00,28028.53,28656.69,27511.71,28465.36,78198.12139,2203253311.777351,1537349,39636.47111,1117184234.1868575,0.015585191231934026,1.5585191231934026,67525.83,-39060.47,-57.845227522564336,0.0040123188130783615,0.00428717655180195,0.00382382606106816,0.4%,0.4%,0.4%,24,,,56.06872307855222
2023-04-01 00:00:00+00:00,28465.36,28819.71,28220.27,28452.73,30238.44753,860804237.452269,822781,15171.37738,431931567.4827481,-0.00044369718141634706,-0.044369718141634706,67525.83,-39073.100000000006,-57.86393147629582,0.0038704452384552427,0.0042086618947159956,0.0037753876698807874,0.4%,0.4%,0.4%,24,,,56.06872307855222
2023-04-02 00:00:00+00:00,28452.74,28530.0,27856.43,28171.87,37365.65692,1053600933.0676805,938464,17897.01839,504647268.0863643,-0.0098711090289052,-0.9871109028905201,67525.83,-39353.96000000001,-58.27986120274271,0.004414332797500899,0.0035279767814669657,0.0035365002929250394,0.4%,0.4%,0.4%,24,,,56.06872307855222
2023-04-03 00:00:00+00:00,28171.87,28500.99,27200.24,27800.0,79180.01405,2214361048.7823668,1651062,40534.82008,1133865764.0916288,-0.013200046713263913,-1.3200046713263913,67525.83,-39725.83,-58.83056898375037,0.0036950154417289592,0.0034338535379181863,0.0030479674961733398,0.4%,0.3%,0.3%,24,,,56.06872307855222
2023-04-04 00:00:00+00:00,27800.0,28444.44,27662.79,28165.47,49722.55691,1397141464.875036,1102007,25083.95234,704845402.4191409,0.013146402877697971,1.3146402877697971,67525.83,-39360.36,-58.289339057365154,0.004427625973368344,0.003525160766084904,0.0035523475509531303,0.4%,0.4%,0.4%,24,,,56.06872307855222
2023-04-05 00:00:00+00:00,28165.47,28775.0,27805.1,28170.01,60737.64732,1721098539.0660567,1262730,30556.886720000002,865971090.1704682,0.00016119028015504355,0.016119028015504355,67525.83,-39355.82000000001,-58.28261570424236,0.00442164734245871,0.003529408712422961,0.0035357652635229233,0.4%,0.4%,0.4%,24,,,56.06872307855222
2023-04-06 00:00:00+00:00,28170.01,28182.05,27711.0,28033.82,40118.94963,1122713087.5561826,934548,19308.64369,540384260.8568,-0.004834574073633635,-0.4834574073633635,67525.83,-39492.01,-58.48430148877844,0.002386829331967025,0.003108518341701589,0.0031062758181030193,0.2%,0.3%,0.3%,24,,,56.06872307855222
2023-04-07 00:00:00+00:00,28033.83,28100.0,27766.94,27906.33,24762.09387,691323748.9286413,655634,11983.13367,334559478.4702819,-0.004547721288072681,-0.45477212880726814,67525.83,-39619.5,-58.67310331468714,0.003662043110981231,0.0034642266496299444,0.0032508673145921164,0.4%,0.3%,0.3%,24,,,56.06872307855222
2023-04-08 00:00:00+00:00,27906.34,28154.99,27859.02,27938.38,19479.96735,545324518.6860754,624159,9729.24214,272366679.3440387,0.0011484849494720617,0.11484849494720617,67525.83,-39587.45,-58.62563999583566,0.0030170445613627167,0.0034641928307648758,0.0032272282077467148,0.3%,0.3%,0.3%,24,,,56.06872307855222
2023-04-09 00:00:00+00:00,27938.38,28530.0,27800.0,28323.76,32531.16101,913915923.6951957,777589,16885.70757,474454325.3569296,0.013793927922807203,1.3793927922807203,67525.83,-39202.07000000001,-58.05492505608595,0.004070090230769152,0.0037818153927096413,0.0035596986220227016,0.4%,0.4%,0.4%,24,,,56.06872307855222
2023-04-10 00:00:00+00:00,28323.76,29770.0,28170.0,29637.34,67754.0622,1955300943.1708305,1285695,36147.62326,1043138687.5916125,0.046377317135860574,4.637731713586057,67525.83,-37888.490000000005,-56.10962501312461,0.0031749175248687233,0.0027385847219147607,0.0022623259481325056,0.3%,0.3%,0.2%,24,,,56.06872307855222
2023-04-11 00:00:00+00:00,29637.35,30550.0,29590.0,30200.42,67990.07621,2046078278.0821176,1340458,34766.92718,1046250622.2934568,0.01899900598366777,1.8999005983667772,67525.83,-37325.41,-55.27575151612354,0.0018979347451236659,0.0025051610853552486,0.0028013037289637546,0.2%,0.3%,0.3%,24,,,56.06872307855222
2023-04-12 00:00:00+00:00,30200.43,30486.0,29637.4,29888.07,62049.48451,1863497606.1415303,1246556,31136.38576,935223730.572567,-0.010342571394702404,-1.0342571394702404,67525.83,-37637.76,-55.73831524914243,0.002512014518514956,0.0031784059471939245,0.0027581357652769994,0.3%,0.3%,0.3%,24,,,56.06872307855222
2023-04-13 00:00:00+00:00,29888.07,30595.0,29854.59,30373.84,51934.11731,1571091101.1299672,1054144,26767.65298,809748635.002587,0.01625297317625396,1.625297317625396,67525.83,-37151.990000000005,-55.01893127415094,0.0015501619388350102,0.0017288637652012676,0.0021320905156960576,0.2%,0.2%,0.2%,24,,,56.06872307855222
2023-04-14 00:00:00+00:00,30373.84,31000.0,29966.0,30466.93,75984.19452,2323267494.38023,1504180,38406.59006,1174371283.5651665,0.003064808400913499,0.3064808400913499,67525.83,-37058.9,-54.8810729168379,0.002345199106913044,0.0020019384815849785,0.0021563555791775,0.2%,0.2%,0.2%,24,,,56.06872307855222
2023-04-15 00:00:00+00:00,30466.93,30595.6,30202.0,30295.09,25429.81247,772211097.614016,732418,12424.34509,377293528.3129067,-0.005640213831849872,-0.5640213831849872,67525.83,-37230.740000000005,-55.13555331345057,0.0016692561865739074,0.001793405028771096,0.0022552379724629754,0.2%,0.2%,0.2%,24,,,56.06872307855222
2023-04-16 00:00:00+00:00,30295.1,30549.99,30120.0,30304.65,26431.99322,801322926.1525651,708233,13163.73591,399115587.0035981,0.0003155626868909245,0.03155626868909245,67525.83,-37221.18,-55.12139576810829,0.0016388000414380049,0.0017859659546208158,0.0022002956003866806,0.2%,0.2%,0.2%,24,,,56.06872307855222
2023-04-17 00:00:00+00:00,30304.66,30316.06,29240.65,29430.27,56441.81127,1675287761.4330354,1137294,26880.17771,797711012.8071816,-0.028852997807267244,-2.8852997807267244,67525.83,-38095.56,-56.41627803760427,0.0017056498496942896,0.0017194713792685974,0.0019186510368260903,0.2%,0.2%,0.2%,24,,,56.06872307855222
2023-04-18 00:00:00+00:00,29430.27,30485.0,29096.78,30380.01,62004.89434,1861001491.9786973,1141562,32417.57068,972769560.7303039,0.03227085582293321,3.227085582293321,67525.83,-37145.82000000001,-55.00979402992899,0.001623679596477041,0.0017496785045589588,0.0021411124198393214,0.2%,0.2%,0.2%,24,,,56.06872307855222
2023-04-19 00:00:00+00:00,30380.01,30413.53,28520.0,28797.1,86575.48656,2541283888.303447,1699891,41467.78872,1217556267.2010958,-0.05210366948529643,-5.210366948529643,67525.83,-38728.73,-57.353948851868985,0.005749902840168045,0.005086883090953397,0.004442931555313268,0.6%,0.5%,0.4%,24,,,56.06872307855222
2023-04-20 00:00:00+00:00,28797.1,29088.3,28010.0,28243.65,76879.09372,2198854031.424746,1434642,36919.58585,1055949765.7724996,-0.019218949130294316,-1.9218949130294316,67525.83,-39282.18,-58.17356113949283,0.004564325249392457,0.0037039442098631722,0.0035693767026506664,0.5%,0.4%,0.4%,24,,,56.06872307855222
2023-04-21 00:00:00+00:00,28243.65,28374.02,27125.0,27262.84,77684.7679,2164667611.9354606,1463628,38419.13612,1070540576.4757922,-0.03472674388756414,-3.4726743887564138,67525.83,-40262.990000000005,-59.62605716953053,0.0020576573541970173,0.00210569150507508,0.0022021955827801866,0.2%,0.2%,0.2%,24,,,56.06872307855222
2023-04-22 00:00:00+00:00,27262.84,27882.72,27140.35,27816.85,36023.696860000004,989379475.3218232,859500,18612.89655,511200971.6362268,0.020321067064179577,2.0321067064179577,67525.83,-39708.98,-58.805615569627214,0.0037569047569708416,0.0034473499143714155,0.003071236819785073,0.4%,0.3%,0.3%,24,,,56.06872307855222
2023-04-23 00:00:00+00:00,27816.85,27816.85,27311.25,27590.6,34812.09581,959389698.7572551,873485,17610.47671,485328645.6943109,-0.0081335593354388,-0.81335593354388,67525.83,-39935.23,-59.14067253967852,0.0031599911595248434,0.003002451830911401,0.002686259127766529,0.3%,0.3%,0.3%,24,,,56.06872307855222
2023-04-24 00:00:00+00:00,27590.59,28000.0,26942.82,27510.93,53111.56874,1458406515.6404214,1211080,25641.28044,704079582.6514922,-0.002887577653258644,-0.2887577653258644,67525.83,-40014.9,-59.25865702058013,0.002769784533372784,0.002914324245913879,0.0026918765521570767,0.3%,0.3%,0.3%,24,,,56.06872307855222
2023-04-25 00:00:00+00:00,27510.93,28399.99,27192.0,28300.79,52325.14637,1446329375.242731,1087067,26833.47192,742069216.9989536,0.02871077059190652,2.871077059190652,67525.83,-39225.04,-58.08894166869182,0.004396417822339022,0.003789107416578594,0.003560397285615055,0.4%,0.4%,0.4%,24,,,56.06872307855222
2023-04-26 00:00:00+00:00,28300.8,30036.0,27235.0,28415.29,129228.40403,3719701461.9091635,2261942,64540.55521,1857698379.2654004,0.004045823455811615,0.40458234558116146,67525.83,-39110.54,-57.91937692583712,0.003720229698602571,0.004124548240269114,0.0037451349131585594,0.4%,0.4%,0.4%,24,,,56.06872307855222
2023-04-27 00:00:00+00:00,28415.29,29890.0,28378.86,29472.77,95430.82431,2784859692.3646197,1990148,48601.97474,1418439305.6179047,0.03721517535101704,3.721517535101704,67525.83,-38053.06,-56.353339159252094,0.0020050726413563267,0.001847199597357086,0.0018814616589954262,0.2%,0.2%,0.2%,24,,,56.06872307855222
2023-04-28 00:00:00+00:00,29472.77,29599.54,28891.0,29311.7,54298.16578,1590683771.6681979,1129240,26659.2164,780784851.5470374,-0.005465044513970008,-0.5465044513970008,67525.83,-38214.130000000005,-56.591870103632935,0.0017445939677638582,0.0016408501575803926,0.0036664055326102504,0.2%,0.2%,0.4%,24,,,56.06872307855222
2023-04-29 00:00:00+00:00,29311.69,29448.88,29031.0,29230.45,20466.83058,599466910.0466621,619319,10024.59978,293627195.7058327,-0.002771930662499922,-0.2771930662499922,67525.83,-38295.380000000005,-56.71219442989446,0.001516192255121149,0.0020943223891364245,0.004234704080793483,0.2%,0.2%,0.4%,24,,,56.06872307855222
2023-04-30 00:00:00+00:00,29230.45,29969.39,29079.59,29233.21,39752.5372,1172155267.8761897,949458,19894.27252,586711670.5560739,9.442208382015593e-05,0.009442208382015593,67525.83,-38292.62,-56.70810710508854,0.0015098110757601128,0.0021021121576842113,0.004222436020952489,0.2%,0.2%,0.4%,24,,,56.06872307855222
2023-05-01 00:00:00+00:00,29233.2,29337.34,27666.95,28068.26,64433.65958,1828221138.9544399,1362793,30761.9269,872712018.1808255,-0.039850225137779915,-3.9850225137779915,67525.83,-39457.57000000001,-58.433298783591404,0.0025429327196534782,0.002850047840433858,0.003135045021535863,0.3%,0.3%,0.3%,24,,,56.06872307855222
2023-05-02 00:00:00+00:00,28068.26,28879.88,27872.0,28669.86,50824.5224,1441733922.0116444,1174697,24789.36748,703206831.7801806,0.02143346256590184,2.143346256590184,67525.83,-38855.97,-57.542380449081485,0.004950025827517892,0.004381564757380824,0.004007525994415091,0.5%,0.4%,0.4%,24,,,56.06872307855222
2023-05-03 00:00:00+00:00,28669.85,29266.66,28113.69,29026.16,64615.79213,1845961218.8432436,1502909,32291.20998,922549963.2507579,0.012427685381093623,1.2427685381093623,67525.83,-38499.67,-57.014730511272504,0.004279753699094298,0.005137249990166197,0.004703331511770718,0.4%,0.5%,0.5%,24,,,56.06872307855222
2023-05-04 00:00:00+00:00,29026.16,29379.83,28663.64,28838.16,42575.47501,1233816136.1606576,961542,20470.2124,593281438.9381377,-0.006476915995777599,-0.6476915995777599,67525.83,-38687.67,-57.29314249080686,0.005761074511157423,0.005161774833306137,0.004498880673135353,0.6%,0.5%,0.4%,24,,,56.06872307855222
2023-05-05 00:00:00+00:00,28838.16,29677.0,28800.0,29505.61,58415.830480000004,1709786814.901134,1288027,29071.98606,850975342.6424303,0.023144680520532646,2.3144680520532646,67525.83,-38020.22,-56.304705917720675,0.0023382617461818263,0.0020229123062274375,0.001969387347124866,0.2%,0.2%,0.2%,24,,,56.06872307855222
2023-05-06 00:00:00+00:00,29505.6,29820.0,28300.0,28848.2,49249.28459,1429517892.7805023,1221021,23315.95073,676717267.0117224,-0.02228084760830229,-2.228084760830229,67525.83,-38677.630000000005,-57.27827410636789,0.005534690060036839,0.005209550146000025,0.0045197275814516675,0.6%,0.5%,0.5%,24,,,56.06872307855222
2023-05-07 00:00:00+00:00,28848.19,29138.29,28395.23,28430.1,30003.41028,865838535.3263822,855425,14904.01102,430162358.62942517,-0.01449310528906489,-1.449310528906489,67525.83,-39095.73,-57.897444577874865,0.003634242383405648,0.004123361264252203,0.003742034685545018,0.4%,0.4%,0.4%,24,,,56.06872307855222
2023-05-08 00:00:00+00:00,28430.09,28631.01,27262.0,27668.79,68244.36179,1903052694.6684127,1600637,32347.56935,901988104.11036,-0.02677830890499855,-2.677830890499855,67525.83,-39857.04,-59.02487981265836,0.0028418640920917747,0.002795259228136245,0.002700289533339453,0.3%,0.3%,0.3%,24,,,56.06872307855222
2023-05-09 00:00:00+00:00,27668.8,27818.0,27353.0,27628.27,40113.31069,1106923908.305847,1003698,20094.09737,554561922.8053713,-0.0014644659199046783,-0.14644659199046783,67525.83,-39897.56,-59.08488647973672,0.0030878788038029613,0.002832202247639188,0.00265595559686302,0.3%,0.3%,0.3%,24,,,56.06872307855222
2023-05-10 00:00:00+00:00,27628.28,28331.42,26777.0,27598.75,71155.11355000001,1971173412.435502,1534579,34398.83676,953153016.5096189,-0.0010684708090662465,-0.10684708090662465,67525.83,-39927.08,-59.12860308418275,0.0031287387833074955,0.0029606325642550254,0.002691849989545423,0.3%,0.3%,0.3%,24,,,56.06872307855222
2023-05-11 00:00:00+00:00,27598.74,27630.14,26702.05,26968.62,47635.313650000004,1295799109.011004,1257000,23270.11723,632925807.4925774,-0.02283183115177323,-2.283183115177323,67525.83,-40557.21000000001,-60.061771917501794,0.0021716304556558936,0.0020725377005924735,0.0025026211424831026,0.2%,0.2%,0.3%,24,,,56.06872307855222
2023-05-12 00:00:00+00:00,26968.61,27091.12,25811.46,26795.01,67207.93494,1777052127.731093,1351633,33147.27251,876487224.2550423,-0.0064374817843849685,-0.6437481784384969,67525.83,-40730.82000000001,-60.318873533283494,0.003002083217431559,0.0028311337807375337,0.003311940924584341,0.3%,0.3%,0.3%,24,,,56.06872307855222
2023-05-13 00:00:00+00:00,26795.01,27045.45,26692.03,26775.28,22814.90421,612062852.0866882,605049,10959.29947,294038915.0326263,-0.0007363311303112408,-0.07363311303112408,67525.83,-40750.55,-60.34809198198674,0.002957623374978461,0.0028844355524425326,0.003301500577904825,0.3%,0.3%,0.3%,24,,,56.06872307855222
2023-05-14 00:00:00+00:00,26775.27,27200.0,26560.53,26917.62,21594.8036,580801698.0002693,629537,10672.14983,287060095.3315276,0.005316097534741049,0.5316097534741049,67525.83,-40608.21000000001,-60.13729857152441,0.001457483390840402,0.0018850132672807779,0.0024580856375098136,0.1%,0.2%,0.2%,24,,,56.06872307855222
2023-05-15 00:00:00+00:00,26917.61,27663.59,26726.0,27162.14,40430.08333,1104633264.131574,935914,19301.24631,527237637.3310134,0.009084012628159499,0.9084012628159499,67525.83,-40363.69,-59.77518528835558,0.0020257938970301257,0.0025275625162971046,0.0024235103942839157,0.2%,0.3%,0.2%,24,,,56.06872307855222
2023-05-16 00:00:00+00:00,27162.15,27296.89,26852.11,27033.84,33270.45451,900273404.6010331,815642,15970.999319999999,432214355.0561344,-0.0047234864410535815,-0.47234864410535815,67525.83,-40491.990000000005,-59.96518665523993,0.0028288700400325886,0.0023529212199705947,0.002557891834369221,0.3%,0.2%,0.3%,24,,,56.06872307855222
2023-05-17 00:00:00+00:00,27033.85,27500.0,26544.71,27405.61,42958.97785,1159714527.6352634,1016823,21634.02212,584185553.7913067,0.013752023389943968,1.3752023389943968,67525.83,-40120.22,-59.414626965710745,0.0031091670242733307,0.002656792817745245,0.002538690161567941,0.3%,0.3%,0.3%,24,,,56.06872307855222
2023-05-18 00:00:00+00:00,27405.62,27485.33,26361.2,26821.28,49198.65143,1330745572.694637,1057318,23659.89374,640128055.9068437,-0.021321546938747327,-2.1321546938747327,67525.83,-40704.55,-60.27996990188792,0.0027892538380382137,0.0027102710129087017,0.0030404454481418363,0.3%,0.3%,0.3%,24,,,56.06872307855222
2023-05-19 00:00:00+00:00,26821.28,27183.6,26630.0,26880.26,28754.13544,772864757.1633048,756295,13622.24812,366169697.3870807,0.0021990001968585915,0.21990001968585915,67525.83,-40645.57000000001,-60.19262554788294,0.0016183291667720746,0.0025168091902782555,0.002670280807284307,0.2%,0.3%,0.3%,24,,,56.06872307855222
2023-05-20 00:00:00+00:00,26880.26,27150.0,26825.11,27102.43,14434.54718,389225653.7451669,481382,6769.94368,182562924.6341634,0.008265173030320483,0.8265173030320483,67525.83,-40423.4,-59.86361071015344,0.002259736736120983,0.0024107228129868967,0.002485618207083085,0.2%,0.2%,0.2%,24,,,56.06872307855222
2023-05-21 00:00:00+00:00,27102.42,27277.55,26666.03,26747.78,21347.87279,575213570.2794422,568937,9855.43959,265526847.3320675,-0.013085542514084558,-1.3085542514084558,67525.83,-40778.05,-60.38881713856756,0.0031306716446470777,0.0028810396820764424,0.0033339909030769047,0.3%,0.3%,0.3%,24,,,56.06872307855222
2023-05-22 00:00:00+00:00,26747.78,27099.89,26538.21,26849.27,26458.83828,709594996.7242744,717111,12639.67925,338982776.45968187,0.0037943335858154903,0.37943335858154903,67525.83,-40676.56,-60.23851909706256,0.0020912057564436465,0.002695747095392743,0.0029529621464942073,0.2%,0.3%,0.3%,24,,,56.06872307855222
2023-05-23 00:00:00+00:00,26849.28,27495.83,26798.11,27219.61,38700.83858,1054565781.6023751,816399,18966.20117,516737777.2652495,0.013793298663241194,1.3793298663241194,67525.83,-40306.22,-59.690077115675585,0.0019463513626109194,0.0021342931952443933,0.002180883559011782,0.2%,0.2%,0.2%,24,,,56.06872307855222
2023-05-24 00:00:00+00:00,27219.61,27219.61,26080.5,26329.01,54393.0657,1442636235.4543552,1012767,26698.91191,707870181.8163438,-0.03271905806144915,-3.2719058061449147,67525.83,-41196.82000000001,-61.008979822980336,0.004182160241802262,0.003468560832573275,0.0032105729114689403,0.4%,0.3%,0.3%,24,,,56.06872307855222
2023-05-25 00:00:00+00:00,26329.0,26631.98,25871.89,26473.79,37435.44895,984117789.7017612,753125,17773.08882,467287939.9395918,0.005498877473934849,0.5498877473934849,67525.83,-41052.04,-60.794572980443185,0.0034438512346308984,0.003762952887523517,0.003329063105432556,0.3%,0.4%,0.3%,24,,,56.06872307855222
2023-05-26 00:00:00+00:00,26473.8,26932.16,26327.24,26705.92,35061.18713,932817724.59401,655755,16507.37461,439209106.7446719,0.008768294981564617,0.8768294981564617,67525.83,-40819.91,-60.45080823145751,0.002780468765058546,0.002762567250738807,0.0032591170019331973,0.3%,0.3%,0.3%,24,,,56.06872307855222
2023-05-27 00:00:00+00:00,26705.93,26895.0,26551.0,26854.27,15095.6867,403337263.0344908,415694,7152.30076,191116596.7726723,0.005554948116372804,0.5554948116372804,67525.83,-40671.56,-60.23111452313877,0.0020730626915830028,0.0027007102850513183,0.002939313291243493,0.2%,0.3%,0.3%,24,,,56.06872307855222
2023-05-28 00:00:00+00:00,26854.28,28261.32,26764.36,28065.0,43916.00855,1205762341.9704952,843861,23346.558660000002,640869473.6004443,0.04508519501740316,4.508519501740316,67525.83,-39460.83,-58.438126565789716,0.002543935543040213,0.0028587691188754934,0.0031403577968095323,0.3%,0.3%,0.3%,24,,,56.06872307855222
2023-05-29 00:00:00+00:00,28065.01,28447.14,27524.6,27736.4,42385.41945,1182678581.634669,805579,20199.85331,563722083.6591941,-0.011708533760912077,-1.1708533760912077,67525.83,-39789.43,-58.924755164060926,0.0034464629022462586,0.00321405116623318,0.0029216669788458645,0.3%,0.3%,0.3%,24,,,56.06872307855222
2023-05-30 00:00:00+00:00,27736.39,28038.59,27554.0,27694.4,32686.75371,908653906.0072742,745633,15196.52438,422438614.8525725,-0.0015142556351941394,-0.15142556351941394,67525.83,-39831.43,-58.98695358502073,0.0027727033968951054,0.002817962083352242,0.0027270493845763743,0.3%,0.3%,0.3%,24,,,56.06872307855222
2023-05-31 00:00:00+00:00,27694.39,27835.51,26839.01,27210.35,46588.80573,1265952178.7798684,908537,21962.66824,596493723.439264,-0.017478262753480966,-1.7478262753480966,67525.83,-40315.48,-59.70379038658245,0.0020335216316454885,0.0022732974767580433,0.0021899154339235847,0.2%,0.2%,0.2%,24,,,56.06872307855222
2023-06-01 00:00:00+00:00,27210.36,27350.0,26605.05,26817.93,39217.8088,1055132509.8658342,814389,18620.69161,500960557.9227829,-0.014421718206491185,-1.4421718206491185,67525.83,-40707.9,-60.28493096641685,0.0029113381913699514,0.0027112174820877236,0.0030467804604770846,0.3%,0.3%,0.3%,24,,,56.06872307855222
2023-06-02 00:00:00+00:00,26817.93,27300.0,26505.0,27242.59,36380.90269,983857061.640842,811087,18134.67738,490485191.7880676,0.01583492834831035,1.583492834831035,67525.83,-40283.240000000005,-59.65604569392187,0.0020665037586283805,0.0021631025009777338,0.0022317825164468773,0.2%,0.2%,0.2%,24,,,56.06872307855222
2023-06-03 00:00:00+00:00,27242.59,27333.29,26914.93,27069.22,16595.34117,450588672.4704081,466520,7745.7868,210327639.5610825,-0.006363932357385971,-0.6363932357385971,67525.83,-40456.61,-59.91279189015521,0.00290523136371961,0.0023943457098038285,0.002511377725561515,0.3%,0.2%,0.3%,24,,,56.06872307855222
2023-06-04 00:00:00+00:00,27069.22,27455.02,26951.0,27115.21,19258.41049,523747237.4389696,504474,9511.72432,258699846.4758803,0.001698977658018963,0.1698977658018963,67525.83,-40410.62,-59.844684619204244,0.002301571630369386,0.002431295372077353,0.0024648141056204994,0.2%,0.2%,0.2%,24,,,56.06872307855222
2023-06-05 00:00:00+00:00,27115.2,27129.33,25388.0,25728.2,65805.60305,1722665798.0920303,1420829,30583.35138,799867474.2125897,-0.05115247125137512,-5.115247125137512,67525.83,-41797.630000000005,-61.8987282348103,0.038503367848658536,0.028342539491357708,0.02052449545000206,3.9%,2.8%,2.1%,24,,,56.06872307855222
2023-06-06 00:00:00+00:00,25728.2,27355.33,25351.02,27230.08,68392.60438,1797636024.0812125,1345725,35083.7879,922716234.2100115,0.05837485716062529,5.837485716062529,67525.83,-40295.75,-59.67457193787917,0.0021122852788013034,0.0022051439578893856,0.002218794158679623,0.2%,0.2%,0.2%,24,,,56.06872307855222
2023-06-07 00:00:00+00:00,27230.07,27391.77,26125.01,26339.34,59619.44364,1589291467.5372329,1311928,28095.50924,749083400.1203892,-0.0327116189155523,-3.27116189155523,67525.83,-41186.490000000005,-60.993681973253786,0.004288873227691366,0.00353593232231999,0.0032472956232796816,0.4%,0.4%,0.3%,24,,,56.06872307855222
2023-06-08 00:00:00+00:00,26339.34,26810.0,26210.0,26498.61,31075.51083,823023638.2368749,848252,14614.60741,387105933.4399799,0.006046848554291717,0.6046848554291717,67525.83,-41027.22,-60.75781667548552,0.0028478818078884797,0.003525873305610052,0.0033088355938162635,0.3%,0.4%,0.3%,24,,,56.06872307855222
2023-06-09 00:00:00+00:00,26498.62,26783.33,26269.91,26477.81,27934.7097,741158215.0539023,746911,12757.07361,338454644.8956143,-0.000784946833060296,-0.0784946833060296,67525.83,-41048.020000000004,-60.788619703008465,0.0032271430421539115,0.003753392222422208,0.003330763375501228,0.3%,0.4%,0.3%,24,,,56.06872307855222
2023-06-10 00:00:00+00:00,26477.8,26533.87,25358.0,25841.21,64944.60108,1673795235.4008923,1713871,31558.13098,813190388.2485608,-0.024042773930321393,-2.4042773930321393,67525.83,-41684.62,-61.73137005498488,0.002876416511486292,0.02845590901263006,0.020575515048807235,0.3%,2.8%,2.1%,24,,,56.06872307855222
2023-06-11 00:00:00+00:00,25841.22,26206.88,25634.7,25925.55,30014.29595,776111471.8669971,833902,14266.10759,368954010.8074442,0.003263779056785765,0.3263779056785765,67525.83,-41600.28,-61.60646970203847,0.0031511347335461295,0.005269815385728954,0.020488672899854676,0.3%,0.5%,2.0%,24,,,56.06872307855222
2023-06-12 00:00:00+00:00,25925.54,26106.48,25602.11,25905.19,29900.50893,773303698.8633221,858037,14219.97114,367770742.66004,-0.0007853256729365432,-0.07853256729365432,67525.83,-41620.64,-61.636621127056124,0.0027260325465369886,0.00587693703064176,0.02050697741646297,0.3%,0.6%,2.1%,24,,,56.06872307855222
2023-06-13 00:00:00+00:00,25905.2,26433.21,25712.57,25934.25,41065.60853,1068985236.5126554,1007138,20120.32689,523776704.241491,0.0011217829323004747,0.11217829323004747,67525.83,-41591.58,-61.59358574341107,0.003074825657448107,0.003755928502886978,0.020406152350706603,0.3%,0.4%,2.0%,24,,,56.06872307855222
2023-06-14 00:00:00+00:00,25934.24,26098.0,24820.56,25128.6,45077.31608,1152808416.919793,957418,20726.13761,530122336.3788532,-0.03106509731339835,-3.106509731339835,67525.83,-42397.23,-62.78668473975071,0.01258569673771091,0.011214700695762449,0.009301189985378303,1.3%,1.1%,0.9%,24,,,56.06872307855222
2023-06-15 00:00:00+00:00,25128.6,25759.01,24800.0,25598.49,48664.86063,1224436974.8502874,943268,24035.81623,604884325.2462568,0.018699410233757652,1.8699410233757652,67525.83,-41927.34,-62.09081769154115,0.03824755085338712,0.028201471472384613,0.020427455289614305,3.8%,2.8%,2.0%,24,,,56.06872307855222
2023-06-16 00:00:00+00:00,25598.49,26518.0,25175.56,26345.0,51596.916619999996,1335158158.6396139,926194,24055.65943,622525707.6049981,0.029162266993092212,2.916226699309221,67525.83,-41180.83,-60.98529999557207,0.004333802354263901,0.003555524686395802,0.003264148478956607,0.4%,0.4%,0.3%,24,,,56.06872307855222
2023-06-17 00:00:00+00:00,26345.01,26839.99,26181.0,26516.99,27842.2195,738491809.8811625,666967,13843.65158,367248705.0054073,0.006528373505409135,0.6528373505409135,67525.83,-41008.84,-60.730597461741674,0.0026126991316872536,0.0033536817740492495,0.0033277054779737403,0.3%,0.3%,0.3%,24,,,56.06872307855222
2023-06-18 00:00:00+00:00,26516.99,26700.0,26255.85,26339.97,21538.31022,571013013.8553362,555956,10367.07533,274864183.4442869,-0.006675719981792838,-0.6675719981792838,67525.83,-41185.86,-60.9927489969394,0.004291251663043328,0.0035320628296622338,0.0032470876669293564,0.4%,0.4%,0.3%,24,,,56.06872307855222
2023-06-19 00:00:00+00:00,26339.98,27068.09,26256.61,26844.35,35872.65974,954193987.2948112,732735,17593.19977,468128198.054531,0.019148844892382,1.9148844892382,67525.83,-40681.48,-60.24580519780357,0.0021850169264066637,0.002697760593838141,0.002951711427251219,0.2%,0.3%,0.3%,24,,,56.06872307855222
2023-06-20 00:00:00+00:00,26844.35,28402.74,26652.0,28307.99,69666.95525,1912797983.5310054,1189024,35052.57462,962782935.6899298,0.05452320506922326,5.452320506922326,67525.83,-39217.84,-58.078279082241565,0.004425088279603811,0.003805311315755814,0.0035684140455005723,0.4%,0.4%,0.4%,24,,,56.06872307855222
2023-06-21 00:00:00+00:00,28308.0,30800.0,28257.99,29993.89,108926.40412,3210301129.366291,1872873,55846.96952,1646165465.2449384,0.0595556236949355,5.95556236949355,67525.83,-37531.94,-55.581604846619435,0.0022894626897838623,0.0025711924558969226,0.002826864915555386,0.2%,0.3%,0.3%,24,,,56.06872307855222
2023-06-22 00:00:00+00:00,29993.89,30500.0,29525.61,29884.92,59054.5646,1775822103.7632556,1146092,27902.93312,839284260.1798254,-0.003633073269255882,-0.3633073269255882,67525.83,-37640.91,-55.74298013071443,0.0025996939603076356,0.0031866573471189554,0.0027577047573346877,0.3%,0.3%,0.3%,24,,,56.06872307855222
2023-06-23 00:00:00+00:00,29884.92,31431.94,29800.0,30688.5,73931.89635000001,2265077496.195469,1338533,36289.3174,1112439184.9506557,0.026889146766998273,2.6889146766998273,67525.83,-36837.33,-54.552946627979246,0.0033579572648470336,0.0031112852801903944,0.002520692929307082,0.3%,0.3%,0.3%,24,,,56.06872307855222
2023-06-24 00:00:00+00:00,30688.51,30800.0,30250.0,30527.43,30513.30135,933244397.7040021,776343,14497.56447,443500647.9220822,-0.005248545872232224,-0.5248545872232224,67525.83,-36998.4,-54.791477572360094,0.002735628377434549,0.0023285196646487725,0.0021711491334512442,0.3%,0.2%,0.2%,24,,,56.06872307855222
2023-06-25 00:00:00+00:00,30527.44,31046.01,30277.49,30462.66,30223.44801,926316644.4167665,789910,14627.97473,448414594.5587875,-0.002121698420076701,-0.21216984200767008,67525.83,-37063.17,-54.887396422968806,0.0023088752598800473,0.0019736343270385487,0.0021878369401171875,0.2%,0.2%,0.2%,24,,,56.06872307855222
2023-06-26 00:00:00+00:00,30462.67,30666.0,29930.0,30267.99,45180.41489,1367837657.5451825,954783,22277.58284,674540668.5726604,-0.0063904465335593574,-0.6390446533559357,67525.83,-37257.84,-55.175686104117496,0.0018548568966728156,0.0022628963560515055,0.0024185177261704734,0.2%,0.2%,0.2%,24,,,56.06872307855222
2023-06-27 00:00:00+00:00,30267.99,30994.97,30226.17,30692.44,42699.64157,1306206257.0193572,824373,21151.29517,647203906.7656411,0.014023065291087988,1.4023065291087988,67525.83,-36833.39,-54.54711182372731,0.0033781189335119273,0.0031238486767896888,0.0025220572264671834,0.3%,0.3%,0.3%,24,,,56.06872307855222
2023-06-28 00:00:00+00:00,30692.44,30709.74,29858.8,30077.41,40463.51937,1224103637.6132562,895470,19176.75428,580226725.8333887,-0.020038485047132126,-2.0038485047132126,67525.83,-37448.42,-55.45791884379652,0.002937529953744444,0.002556842660070269,0.0029401500916246695,0.3%,0.3%,0.3%,24,,,56.06872307855222
2023-06-29 00:00:00+00:00,30077.4,30843.98,30049.98,30447.31,36330.629030000004,1107940389.9242406,758428,17834.38857,543872730.2617269,0.012298266373334643,1.2298266373334643,67525.83,-37078.520000000004,-54.910128464914834,0.0023057581200779153,0.001963940465167438,0.0022377721649174996,0.2%,0.2%,0.2%,24,,,56.06872307855222
2023-06-30 00:00:00+00:00,30447.31,31282.0,29500.0,30472.0,89419.07618,2726355505.5063505,1559366,44319.81254,1351735332.8585768,0.0008109090753829484,0.08109090753829484,67525.83,-37053.83,-54.873564678879184,0.00239810913617692,0.0020266245014393686,0.002169125058395807,0.2%,0.2%,0.2%,24,,,56.06872307855222
2023-07-01 00:00:00+00:00,30471.99,30661.6,30320.57,30585.9,17501.75075,533859338.1325383,567975,8102.13876,247175148.950766,0.003737857705434555,0.3737857705434555,67525.83,-36939.93,-54.70488848489534,0.003051981386357283,0.0026458121674156304,0.0022382720079812653,0.3%,0.3%,0.2%,24,,,56.06872307855222
2023-07-02 00:00:00+00:00,30585.9,30791.0,30155.0,30617.03,23286.41019,711031423.4334425,591533,10630.2474,324616031.9581684,0.00101778924275564,0.10177892427556401,67525.83,-36908.8,-54.65878760764584,0.0032814236676570645,0.0028594894129178056,0.0023623876961703233,0.3%,0.3%,0.2%,24,,,56.06872307855222
2023-07-03 00:00:00+00:00,30617.02,31380.0,30570.27,31156.2,43761.64311,1352635339.5043936,781855,20885.94331,645698735.3773494,0.017610133967925767,1.7610133967925767,67525.83,-36369.630000000005,-53.86032278314832,0.010410620273119885,0.008088164012426768,0.006038605898398583,1.0%,0.8%,0.6%,24,,,56.06872307855222
2023-07-04 00:00:00+00:00,31156.2,31350.69,30620.0,30766.51,33206.11943,1028794008.5245212,779472,14107.36566,437126154.0841225,-0.012507622880839175,-1.2507622880839175,67525.83,-36759.32000000001,-54.43742046562035,0.0035112327873575403,0.0032739613009023956,0.002692264248909289,0.4%,0.3%,0.3%,24,,,56.06872307855222
2023-07-05 00:00:00+00:00,30766.52,30878.07,30200.0,30504.81,33215.67122,1013694790.3170501,827926,15619.11716,476478254.9434133,-0.008506002143239377,-0.8506002143239377,67525.83,-37021.020000000004,-54.82497586479129,0.002778161580462431,0.002280260162208451,0.002237036445916408,0.3%,0.2%,0.2%,24,,,56.06872307855222
2023-07-06 00:00:00+00:00,30504.8,31500.0,29850.45,29895.43,71319.6261,2181763648.99527,1397042,33952.63237,1039137135.293551,-0.019976521735424746,-1.9976521735424746,67525.83,-37630.4,-55.727415716326625,0.0023543010976431523,0.003161389667758705,0.0027645797282957393,0.2%,0.3%,0.3%,24,,,56.06872307855222
2023-07-07 00:00:00+00:00,29895.42,30449.0,29701.02,30344.7,34070.53895,1027461795.2332091,912948,14875.86309,448638761.3838917,0.015028049437656454,1.5028049437656454,67525.83,-37181.130000000005,-55.062085130978765,0.001509223258781179,0.0016970080630244427,0.0021863610080749187,0.2%,0.2%,0.2%,24,,,56.06872307855222
2023-07-08 00:00:00+00:00,30344.7,30386.81,30044.47,30284.63,13094.59042,395759717.5724278,480214,5990.91468,181083431.1999306,-0.001979587868721766,-0.1979587868721766,67525.83,-37241.2,-55.15104368209913,0.0018863522729541582,0.0019046121487585818,0.002343669436724341,0.2%,0.2%,0.2%,24,,,56.06872307855222
2023-07-09 00:00:00+00:00,30284.63,30445.52,30061.12,30160.71,15388.50196,465781514.2589476,473168,7017.35093,212433521.8897289,-0.004091844608965056,-0.4091844608965056,67525.83,-37365.12,-55.33455864222625,0.002578030258614172,0.0024797528586697815,0.002873110700014095,0.3%,0.2%,0.3%,24,,,56.06872307855222
2023-07-10 00:00:00+00:00,30160.71,31045.78,29950.0,30411.57,41262.87652,1254289037.7420728,896853,19574.2347,595390893.1450084,0.008317443455409412,0.8317443455409412,67525.83,-37114.26,-54.96305635932206,0.0020356528553515333,0.0018531325606549896,0.0021902341443597088,0.2%,0.2%,0.2%,24,,,56.06872307855222
2023-07-11 00:00:00+00:00,30411.57,30813.63,30300.0,30622.1,28476.83311,868966244.2412692,691213,13670.16079,417204801.1629621,0.006922694224599457,0.6922694224599457,67525.83,-36903.73,-54.651279369687124,0.003372470788560971,0.0029167390464259436,0.002398188544100487,0.3%,0.3%,0.2%,24,,,56.06872307855222
2023-07-12 00:00:00+00:00,30622.1,30983.25,30210.0,30380.0,38108.99669,1166497472.433173,784195,18251.27965,558742524.9312288,-0.007906054777431892,-0.7906054777431892,67525.83,-37145.83,-55.00980883907685,0.0016193472197281351,0.0017475627473981978,0.002140359651449202,0.2%,0.2%,0.2%,24,,,56.06872307855222
2023-07-13 00:00:00+00:00,30380.0,31804.2,30251.0,31454.23,70772.51836,2194927210.224416,1301632,36084.841779999995,1119542855.1513171,0.03535977616853181,3.535977616853181,67525.83,-36071.600000000006,-53.41896574984714,0.010597188662069696,0.008696169128563646,0.006715684557863104,1.1%,0.9%,0.7%,24,,,56.06872307855222
2023-07-14 00:00:00+00:00,31454.23,31630.0,29900.0,30312.01,60749.48424,1869443273.7476244,1274387,28513.77996,877642037.8224415,-0.036313716787853334,-3.6313716787853334,67525.83,-37213.82000000001,-55.11049623529248,0.001563264320923773,0.001795113547710718,0.0022013233413985095,0.2%,0.2%,0.2%,24,,,56.06872307855222
2023-07-15 00:00:00+00:00,30312.0,30390.9,30200.0,30289.52,14118.55329,427921094.3021783,488354,6430.5498099999995,194912673.9119217,-0.0007419501379155591,-0.07419501379155591,67525.83,-37236.31,-55.14380200880167,0.0018663958264641058,0.0018060237844270686,0.002272935393745433,0.2%,0.2%,0.2%,24,,,56.06872307855222
2023-07-16 00:00:00+00:00,30289.52,30441.46,30064.29,30231.99,15760.1281,477189328.0072937,494225,7322.44372,221713710.223243,-0.0018993368003190625,-0.18993368003190625,67525.83,-37293.84,-55.228999036368755,0.002008699185273551,0.0024256141883949346,0.002652202129313877,0.2%,0.2%,0.3%,24,,,56.06872307855222
2023-07-17 00:00:00+00:00,30232.0,30336.96,29659.2,30138.0,30882.76839,929647644.243343,816466,14352.218930000001,432105955.4547703,-0.0031089584245033164,-0.31089584245033164,67525.83,-37387.83,-55.368190216988076,0.0026994701656854504,0.00249467783800261,0.0028808617632428545,0.3%,0.2%,0.3%,24,,,56.06872307855222
2023-07-18 00:00:00+00:00,30138.01,30239.78,29512.0,29859.13,30003.8601,897157095.4774112,754775,13771.19621,411748868.0629127,-0.009253102395646695,-0.9253102395646695,67525.83,-37666.7,-55.78117292301331,0.0027506720248573415,0.003243765126055376,0.002728977632574371,0.3%,0.3%,0.3%,24,,,56.06872307855222
2023-07-19 00:00:00+00:00,29859.14,30189.09,29761.96,29909.21,25657.36137,769254865.2851151,617415,12260.98321,367624217.9174355,0.0016772089474810237,0.16772089474810237,67525.83,-37616.62,-55.707008710592675,0.0021927502822532596,0.003134958246106093,0.002747491957221105,0.2%,0.3%,0.3%,24,,,56.06872307855222
2023-07-20 00:00:00+00:00,29909.21,30417.46,29570.96,29800.0,37540.68193,1125950643.7116494,749723,18061.33493,541742405.5204978,-0.003651383637347849,-0.3651383637347849,67525.83,-37725.83,-55.868739414236,0.003753737559510992,0.0033162826965055436,0.002721760484611167,0.4%,0.3%,0.3%,24,,,56.06872307855222
2023-07-21 00:00:00+00:00,29800.0,30061.7,29726.34,29901.72,23881.40865,713123417.7612139,555611,11566.3884,345404092.6459083,0.003413422818792089,0.3413422818792089,67525.83,-37624.11,-55.7181007623305,0.0022493150224012445,0.0031574303607714207,0.0027529895026245335,0.2%,0.3%,0.3%,24,,,56.06872307855222
2023-07-22 00:00:00+00:00,29901.72,29999.0,29625.1,29794.0,14660.40467,437785700.3396102,423988,6725.50525,200848375.4485695,-0.0036024683529910506,-0.36024683529910506,67525.83,-37731.83,-55.87762490294455,0.003722825530326884,0.003296649962559865,0.0026964750625355933,0.4%,0.3%,0.3%,24,,,56.06872307855222
2023-07-23 00:00:00+00:00,29793.99,30350.0,29730.0,30083.75,18292.78637,548940321.0915866,519434,8889.35695,266761143.4116981,0.009725112438746075,0.9725112438746075,67525.83,-37442.08,-55.448529844061156,0.002936263417471833,0.0025652093966482175,0.0029395553550055358,0.3%,0.3%,0.3%,24,,,56.06872307855222
2023-07-24 00:00:00+00:00,30083.75,30099.58,28861.9,29176.5,39628.99691,1162562413.8190155,869107,18047.66786,529388757.4915814,-0.03015747704325422,-3.015747704325422,67525.83,-38349.33,-56.79208978253211,0.002262322617817622,0.003265759622677377,0.004397905159326021,0.2%,0.3%,0.4%,24,,,56.06872307855222
2023-07-25 00:00:00+00:00,29176.5,29376.0,29047.65,29228.91,21565.7478,629531351.1145664,533797,10257.29455,299466722.1976085,0.001796308673075897,0.1796308673075897,67525.83,-38296.92,-56.71447503866298,0.001538223849648952,0.002149031393788824,0.004272996794968996,0.2%,0.2%,0.4%,24,,,56.06872307855222
2023-07-26 00:00:00+00:00,29228.91,29690.0,29096.94,29351.96,33931.63366,995569172.1396836,750401,15987.94266,469155943.83416,0.0042098730332400525,0.42098730332400525,67525.83,-38173.87,-56.532248474398614,0.0017276249626000221,0.0017079469474938229,0.0027653594752003186,0.2%,0.2%,0.3%,24,,,56.06872307855222
2023-07-27 00:00:00+00:00,29351.95,29567.49,29083.85,29222.78,22476.47626,659594157.3443576,583045,10384.95749,304728875.7312362,-0.004401068957575638,-0.4401068957575638,67525.83,-38303.05,-56.72355304629355,0.001530745112945427,0.002365867694886803,0.004272302322474942,0.2%,0.2%,0.4%,24,,,56.06872307855222
2023-07-28 00:00:00+00:00,29222.78,29542.22,29123.12,29314.14,23993.61627,702705076.8378661,543177,11422.36141,334588917.0883291,0.003126328159059444,0.3126328159059444,67525.83,-38211.69,-56.588256671558135,0.0017350769704549693,0.0016389793295715706,0.0035893279583986935,0.2%,0.2%,0.4%,24,,,56.06872307855222
2023-07-29 00:00:00+00:00,29314.14,29406.92,29256.18,29352.9,10851.36844,318276733.8766431,339750,5443.09222,159659088.1646764,0.0013222287947045608,0.13222287947045608,67525.83,-38172.93,-56.53085641450094,0.0017147933145919697,0.0016749490823112362,0.002763764883901259,0.2%,0.2%,0.3%,24,,,56.06872307855222
2023-07-30 00:00:00+00:00,29352.9,29449.0,29033.24,29281.09,15706.97441,459830379.65098244,454846,7720.41654,226012721.3705351,-0.0024464362976061027,-0.24464362976061027,67525.83,-38244.740000000005,-56.63720090519435,0.0016433805568009056,0.001947417695110374,0.0038950134557075022,0.2%,0.2%,0.4%,24,,,56.06872307855222
2023-07-31 00:00:00+00:00,29281.09,29530.0,29101.8,29232.25,22605.48964,663025204.2072346,563115,11029.2258,323482162.2920864,-0.0016679706937139382,-0.16679706937139382,67525.83,-38293.58,-56.70952878328189,0.001536880154574821,0.0021008001332138344,0.004235521526102133,0.2%,0.2%,0.4%,24,,,56.06872307855222
2023-08-01 00:00:00+00:00,29232.26,29739.25,28585.7,29705.99,44719.65162,1299160215.0779243,900141,21831.75056,634595648.9435309,0.01620607377126304,1.620607377126304,67525.83,-37819.84,-56.00796021315102,0.003589918035514412,0.0031270281448742285,0.0025364415444273053,0.4%,0.3%,0.3%,24,,,56.06872307855222
2023-08-02 00:00:00+00:00,29705.99,30047.5,28927.5,29186.01,48181.65141,1419729744.649752,945158,22953.8144,676256840.2750593,-0.01750421379661149,-1.750421379661149,67525.83,-38339.82000000001,-56.77800628292906,0.002253398667795482,0.0030451166737223566,0.004406716896695017,0.2%,0.3%,0.4%,24,,,56.06872307855222
2023-08-03 00:00:00+00:00,29186.0,29433.33,28968.0,29193.64,26476.91994,773302705.4947629,651970,12901.09228,376856740.4883937,0.00026142662186434684,0.026142662186434684,67525.83,-38332.19,-56.766706903121374,0.0022024261811876616,0.0029777494406121987,0.004409593700894054,0.2%,0.3%,0.4%,24,,,56.06872307855222
2023-08-04 00:00:00+00:00,29193.65,29333.08,28807.54,29113.99,23551.95217,686643453.3930904,544850,10539.62903,307284659.321428,-0.002728333979592712,-0.2728333979592712,67525.83,-38411.84,-56.88466176572729,0.002802922125545928,0.004174637225420098,0.004407587458867131,0.3%,0.4%,0.4%,24,,,56.06872307855222
2023-08-05 00:00:00+00:00,29114.0,29152.23,28978.64,29072.13,11645.52018,338478560.1218247,331924,5491.4962,159611625.1658778,-0.0014377967430778682,-0.14377967430778682,67525.83,-38453.7,-56.94665285861722,0.003698305632107639,0.004851642851170896,0.004664485573690955,0.4%,0.5%,0.5%,24,,,56.06872307855222
2023-08-06 00:00:00+00:00,29072.13,29205.09,28991.88,29088.42,13178.1972,383209498.8777505,338654,6471.2448699999995,188192943.696217,0.0005603304608226001,0.05603304608226001,67525.83,-38437.41,-56.92252875677353,0.0034931503316394472,0.004760448056729364,0.00447149060119449,0.3%,0.5%,0.4%,24,,,56.06872307855222
2023-08-07 00:00:00+00:00,29088.43,29276.78,28701.03,29211.06,30966.87746,899492595.6812717,671438,15375.49318,446702609.5645752,0.004216110740975276,0.4216110740975276,67525.83,-38314.770000000004,-56.7409093675709,0.0020293127143913457,0.0024272447492294596,0.004307331543614708,0.2%,0.2%,0.4%,24,,,56.06872307855222
2023-08-08 00:00:00+00:00,29211.06,30244.0,29146.45,29770.42,45700.53392,1352934531.6659672,877168,24189.621329999998,716161501.5730364,0.019148911405474367,1.9148911405474367,67525.83,-37755.41,-55.912544873569125,0.0036834925495010783,0.003263182152025285,0.0026742288684766706,0.4%,0.3%,0.3%,24,,,56.06872307855222
2023-08-09 00:00:00+00:00,29770.41,30160.0,29376.67,29581.99,38003.88725,1130396850.0974114,750252,18700.85778,556446376.2517849,-0.006329437072100319,-0.6329437072100319,67525.83,-37943.84,-56.191593646460916,0.0027215765550295946,0.0023486223601842863,0.002031446245838786,0.3%,0.2%,0.2%,24,,,56.06872307855222
2023-08-10 00:00:00+00:00,29581.99,29738.0,29320.2,29455.75,23463.45373,692863472.0877249,513691,11204.06553,330886650.2003818,-0.0042674613844437825,-0.42674613844437825,67525.83,-38070.08,-56.378544328888665,0.001783704992904588,0.0017987514960122104,0.00186733621897825,0.2%,0.2%,0.2%,24,,,56.06872307855222
2023-08-11 00:00:00+00:00,29455.76,29564.52,29252.45,29426.03,20637.0443,607176051.3015367,437828,9803.94004,288451712.1002085,-0.0010089710837443144,-0.10089710837443144,67525.83,-38099.8,-56.42255711629165,0.0016615162988859848,0.0017035941379614447,0.0019179621661785686,0.2%,0.2%,0.2%,24,,,56.06872307855222
2023-08-12 00:00:00+00:00,29426.02,29481.35,29381.56,29430.17,8971.48068,263949405.5434029,310852,4181.99127,123039182.1587899,0.0001406917616817438,0.01406917616817438,67525.83,-38095.66,-56.41642612908275,0.0017033026811997265,0.0017232858572370996,0.0019179727436734154,0.2%,0.2%,0.2%,24,,,56.06872307855222
2023-08-13 00:00:00+00:00,29430.18,29474.65,29272.32,29303.84,11101.70947,326264625.2296824,341726,5257.0700799999995,154501729.2473491,-0.004292533818187172,-0.4292533818187172,67525.83,-38221.990000000005,-56.60351009384112,0.001689609441448042,0.0016852896700489004,0.003698296441676151,0.2%,0.2%,0.4%,24,,,56.06872307855222
2023-08-14 00:00:00+00:00,29303.85,29695.32,29102.45,29430.93,31443.11532,924613476.6817989,671592,15036.11048,442247506.1673844,0.004336974266853755,0.4336974266853755,67525.83,-38094.9,-56.41530063384634,0.0016870147410135985,0.0017193338883887735,0.0019179674235349318,0.2%,0.2%,0.2%,24,,,56.06872307855222
2023-08-15 00:00:00+00:00,29430.92,29499.26,29059.6,29200.0,27503.87691,806683957.3100156,591162,12751.639509999999,374046205.2590536,-0.007846507059070196,-0.7846507059070196,67525.83,-38325.83,-56.75728828509031,0.002191111419552449,0.002970032960751244,0.0043139475828444605,0.2%,0.3%,0.4%,24,,,56.06872307855222
2023-08-16 00:00:00+00:00,29200.01,29259.85,28723.08,28730.51,32996.69854,959870747.0063142,768028,14761.86053,429510396.4298237,-0.016078424657534285,-1.6078424657534285,67525.83,-38795.32000000001,-57.452562967385965,0.005462445355951448,0.004801324478466037,0.004256694685953338,0.5%,0.5%,0.4%,24,,,56.06872307855222
2023-08-17 00:00:00+00:00,28730.51,28783.48,25166.0,26623.41,100271.54033,2755821274.340605,1976577,47495.99471,1302553963.310623,-0.07334015302895769,-7.334015302895769,67525.83,-40902.42,-60.57299851034782,0.002762321457395379,0.0027137538496167443,0.003182727003812244,0.3%,0.3%,0.3%,24,,,56.06872307855222
2023-08-18 00:00:00+00:00,26623.41,26832.6,25619.0,26054.0,69790.65711,1834219523.699404,1293122,33522.24573,881095856.1944035,-0.0213875683092436,-2.13875683092436,67525.83,-41471.83,-61.416246197936395,0.0028950087977234022,0.002947191144408713,0.02020885381764117,0.3%,0.3%,2.0%,24,,,56.06872307855222
2023-08-19 00:00:00+00:00,26054.0,26281.0,25801.09,26100.01,26160.75343,680623880.8247554,615764,12952.29598,337010159.8115182,0.001765947647194288,0.1765947647194288,67525.83,-41425.82000000001,-61.34810930868972,0.0020574967429638855,0.002827416892568324,0.020009383493867952,0.2%,0.3%,2.0%,24,,,56.06872307855222
2023-08-20 00:00:00+00:00,26100.01,26299.0,25971.05,26189.99,19056.91209,497880752.2301158,451543,9909.1293,258890029.0825063,0.003447508257659715,0.3447508257659715,67525.83,-41335.84,-61.21485659635728,0.003216161062159977,0.0030374062031432733,0.005549759411476314,0.3%,0.3%,0.6%,24,,,56.06872307855222
2023-08-21 00:00:00+00:00,26190.0,26258.42,25812.0,26126.92,30267.24233,788205156.3215923,565987,14052.07264,365942107.3406446,-0.0024081719771562593,-0.24081719771562593,67525.83,-41398.91,-61.30825789183192,0.0021022250500823338,0.0028241636776987914,0.019912295174865802,0.2%,0.3%,2.0%,24,,,56.06872307855222
2023-08-22 00:00:00+00:00,26126.92,26139.42,25300.0,26056.0,34247.06688,886782344.1602929,603624,16436.92888,425661908.6149738,-0.0027144416563451568,-0.2714441656345157,67525.83,-41469.83,-61.413284368366895,0.002849328062166724,0.0029501915306390947,0.020197026831750023,0.3%,0.3%,2.0%,24,,,56.06872307855222
2023-08-23 00:00:00+00:00,26055.99,26819.27,25812.82,26432.72,44023.69978,1156326251.922411,673711,21955.66524,576734438.2954001,0.014458090267116974,1.4458090267116974,67525.83,-41093.11,-60.85539415065316,0.0038386817871412645,0.003729723655112391,0.0033509155802591986,0.4%,0.4%,0.3%,24,,,56.06872307855222
2023-08-24 00:00:00+00:00,26432.71,26577.87,25864.0,26180.05,30205.22116,792966965.8982658,575619,13987.93493,367233375.4168434,-0.009558985984038038,-0.9558985984038038,67525.83,-41345.78,-61.22957688931776,0.0030658810077280963,0.002973502492560672,0.011335864743768706,0.3%,0.3%,1.1%,24,,,56.06872307855222
2023-08-25 00:00:00+00:00,26180.05,26314.05,25777.15,26060.01,27753.33772,722611079.1898074,611438,13258.65894,345214226.918254,-0.0045851707693453925,-0.45851707693453925,67525.83,-41465.82000000001,-61.40734590008001,0.002621425110204373,0.0029249199286360914,0.020176486754171222,0.3%,0.3%,2.0%,24,,,56.06872307855222
2023-08-26 00:00:00+00:00,26060.0,26125.77,25985.92,26017.37,10022.22322,261041530.4758038,329412,4681.90628,121952627.5976749,-0.0016362234703670708,-0.16362234703670708,67525.83,-41508.46000000001,-61.470492106502064,0.0033437715845737676,0.0030655412322456352,0.020224976121116723,0.3%,0.3%,2.0%,24,,,56.06872307855222
2023-08-27 00:00:00+00:00,26017.38,26182.23,25966.11,26101.77,12099.64216,315548363.0193776,349090,6170.48664,160918200.3936097,0.003243986613558514,0.3243986613558514,67525.83,-41424.06,-61.345502898668556,0.0020203374653304774,0.002830961590500502,0.020009912669065936,0.2%,0.3%,2.0%,24,,,56.06872307855222
2023-08-28 00:00:00+00:00,26101.78,26253.99,25864.5,26120.0,22692.62655,591008939.1765699,523057,10912.40549,284226173.7934395,0.0006984200688304742,0.06984200688304742,67525.83,-41405.83,-61.318505822142434,0.0021032013242389762,0.0028227531092685785,0.019933417711734677,0.2%,0.3%,2.0%,24,,,56.06872307855222
2023-08-29 00:00:00+00:00,26120.0,28142.85,25922.0,27716.34,74251.99488,2023326050.7584789,1137083,37945.55071,1034244032.3814664,0.061115620214395205,6.1115620214395205,67525.83,-39809.490000000005,-58.95446231464315,0.0029267295413410222,0.0029310588086905263,0.0027782864099909674,0.3%,0.3%,0.3%,24,,,56.06872307855222
2023-08-30 00:00:00+00:00,27716.34,27768.57,27017.24,27299.99,35448.25848,969086451.1625257,690292,16715.57712,456926409.729732,-0.015021824670934159,-1.5021824670934159,67525.83,-40225.84,-59.571041185276805,0.0026224911595598586,0.002350599420581756,0.002337891593034488,0.3%,0.2%,0.2%,24,,,56.06872307855222
2023-08-31 00:00:00+00:00,27299.99,27587.51,25655.01,25940.78,51032.80401,1360373186.0116708,944690,24598.11397,655707233.8849008,-0.04978793032524931,-4.978793032524931,67525.83,-41585.05,-61.58391536986662,0.003057872139870878,0.003483840015216285,0.02040866641108835,0.3%,0.3%,2.0%,24,,,56.06872307855222
2023-09-01 00:00:00+00:00,25940.77,26156.0,25333.75,25805.05,41032.15056,1059444591.7097495,881179,19960.9903,515429946.1831724,-0.005232302189833948,-0.5232302189833948,67525.83,-41720.78,-61.784919933601714,0.006633026253686257,0.02850317111840695,0.020560866984165156,0.7%,2.9%,2.1%,24,,,56.06872307855222
2023-09-02 00:00:00+00:00,25805.04,25987.5,25752.47,25869.51,16250.77698,419812969.9468598,567728,7634.91416,197234437.02204838,0.002497960670488908,0.2497960670488908,67525.83,-41656.32000000001,-61.68946016657626,0.0026134120295274294,0.02842917226200486,0.020601356647712357,0.3%,2.8%,2.1%,24,,,56.06872307855222
2023-09-03 00:00:00+00:00,25869.52,26135.0,25800.0,25971.21,17474.47667,453100690.1021077,496412,8583.16498,222581536.0268467,0.003931268895313478,0.3931268895313478,67525.83,-41554.62,-61.53885113296646,0.0032811210461868774,0.0030232401115714287,0.020272867617902857,0.3%,0.3%,2.0%,24,,,56.06872307855222
2023-09-04 00:00:00+00:00,25971.21,26108.02,25631.21,25826.02,21777.59609,563532890.5699993,596830,10177.3686,263365883.4295556,-0.005590421085501895,-0.5590421085501895,67525.83,-41699.81,-61.753865150565346,0.0033876008363674967,0.028442423632815343,0.020570173980801645,0.3%,2.8%,2.1%,24,,,56.06872307855222
2023-09-05 00:00:00+00:00,25826.03,25915.49,25562.62,25792.1,21323.39337,548893707.6002005,566736,9926.658379999999,255537038.4660957,-0.0013134040785224288,-0.13134040785224288,67525.83,-41733.73,-61.80409778006432,0.007521626791844054,0.028491031494345738,0.020556710008790755,0.8%,2.8%,2.1%,24,,,56.06872307855222
2023-09-06 00:00:00+00:00,25792.11,26040.0,25372.51,25759.95,27262.523859999998,700763180.8011677,636302,12736.70564,327416444.7840959,-0.0012465057129895651,-0.12465057129895651,67525.83,-41765.880000000005,-61.85170919039425,0.038745613487685605,0.028404466520372654,0.020531473331754372,3.9%,2.8%,2.1%,24,,,56.06872307855222
2023-09-07 00:00:00+00:00,25759.95,26443.14,25615.38,26255.0,27687.49567,718923008.9071183,631929,13506.19156,350741324.2920373,0.01921781680476853,1.9217816804768528,67525.83,-41270.83,-61.11858232620021,0.003640203350693702,0.003066391264889342,0.0031707814193490057,0.4%,0.3%,0.3%,24,,,56.06872307855222
2023-09-08 00:00:00+00:00,26255.0,26445.5,25647.26,25910.5,28999.76471,754184537.1096923,646852,14238.899449999999,370236844.4314076,-0.01312131022662355,-1.312131022662355,67525.83,-41615.33,-61.62875746954906,0.0026418725921327066,0.005526654427839282,0.020512496659227178,0.3%,0.6%,2.1%,24,,,56.06872307855222
2023-09-09 00:00:00+00:00,25910.5,25945.09,25796.64,25901.61,10980.62277,284109473.8075783,359038,5212.44349,134863388.7628859,-0.0003431041469674767,-0.03431041469674767,67525.83,-41624.22,-61.64192280198555,0.0028049326790443637,0.007709137742574255,0.020501617990264273,0.3%,0.8%,2.1%,24,,,56.06872307855222
2023-09-10 00:00:00+00:00,25901.6,26033.66,25570.57,25841.61,18738.26914,483577459.2055345,489773,8747.51072,225752901.0403501,-0.002316458320544501,-0.2316458320544501,67525.83,-41684.22,-61.73077768907098,0.0028622520941327806,0.02846079945879843,0.020577324251821044,0.3%,2.8%,2.1%,24,,,56.06872307855222
2023-09-11 00:00:00+00:00,25841.6,25900.69,24901.0,25162.52,41682.32,1057371884.6697066,864138,19664.902430000002,498821645.3852222,-0.026278935406888304,-2.6278935406888304,67525.83,-42363.31,-62.73645211025174,0.013252651114089227,0.01151223068894911,0.009563838843809373,1.3%,1.2%,1.0%,24,,,56.06872307855222
2023-09-12 00:00:00+00:00,25162.53,26567.0,25131.48,25840.1,56434.38537,1464393036.9616623,1047056,27720.5183,719147319.9787064,0.026928145511657675,2.6928145511657675,67525.83,-41685.73,-61.73301387039597,0.0028747121022137966,0.028453310822793683,0.020577460886713028,0.3%,2.8%,2.1%,24,,,56.06872307855222
2023-09-13 00:00:00+00:00,25840.1,26405.22,25764.17,26222.0,31610.82753,825437881.4687591,714880,15287.00038,399099781.6207648,0.01477935456906132,1.477935456906132,67525.83,-41303.83,-61.1674525140972,0.0036123916986701672,0.003122551915257909,0.004359475161406381,0.4%,0.3%,0.4%,24,,,56.06872307855222
2023-09-14 00:00:00+00:00,26222.0,26860.49,26126.77,26522.73,38333.1725,1015267319.7730225,799278,19440.45467,514863794.3783894,0.011468614140797806,1.1468614140797806,67525.83,-41003.100000000006,-60.72209701087717,0.0025825604215847066,0.0033359590072615858,0.0033316923336920287,0.3%,0.3%,0.3%,24,,,56.06872307855222
2023-09-15 00:00:00+00:00,26522.73,26888.0,26224.0,26600.0,26227.29369,695203258.0004445,654094,12600.39115,334045930.7667212,0.0029133501717206745,0.29133501717206745,67525.83,-40925.83,-60.607666725458984,0.002523328807971915,0.002788085616274142,0.0031462975747448257,0.3%,0.3%,0.3%,24,,,56.06872307855222
2023-09-16 00:00:00+00:00,26599.99,26777.0,26445.0,26559.67,13960.93351,370889866.4592735,526416,6508.91352,172926781.3888423,-0.001516165413533943,-0.1516165413533943,67525.83,-40966.16,-60.667392018728236,0.0026846195571080134,0.0033673738855530874,0.0032284966752962937,0.3%,0.3%,0.3%,24,,,56.06872307855222
2023-09-17 00:00:00+00:00,26559.67,26623.25,26399.0,26527.51,12998.10277,344703727.5601071,476775,6359.89459,168675580.016463,-0.0012108584180451354,-0.12108584180451354,67525.83,-40998.32000000001,-60.71501823820604,0.002602109010785762,0.003324254923289345,0.00330575065066594,0.3%,0.3%,0.3%,24,,,56.06872307855222
2023-09-18 00:00:00+00:00,26527.5,27409.0,26377.35,26762.51,43000.43256,1158780347.625305,938705,21551.71605,580912488.7594309,0.00885872816559119,0.885872816559119,67525.83,-40763.32000000001,-60.3670032637881,0.0029786241894217643,0.0028830795745925903,0.0033119658541805566,0.3%,0.3%,0.3%,24,,,56.06872307855222
2023-09-19 00:00:00+00:00,26762.5,27483.57,26667.79,27210.26,36190.521870000004,981539255.55962,898076,17851.15558,484061308.124933,0.016730493514995448,1.6730493514995448,67525.83,-40315.57000000001,-59.70392366891306,0.0020352144393765087,0.0022722957139465956,0.0021887970255066677,0.2%,0.2%,0.2%,24,,,56.06872307855222
2023-09-20 00:00:00+00:00,27210.25,27388.63,26800.0,27125.0,34207.21867,927206075.9626273,867288,16983.43086,460402346.1707834,-0.0031333768953327734,-0.31333768953327734,67525.83,-40400.83,-59.830186463461466,0.0022454082473813515,0.0024558402268284028,0.0024397500275437265,0.2%,0.2%,0.2%,24,,,56.06872307855222
2023-09-21 00:00:00+00:00,27125.01,27159.6,26377.7,26568.08,34476.82662,920768143.3513128,823416,16878.78202,450738363.8506985,-0.020531612903225693,-2.0531612903225693,67525.83,-40957.75,-60.65493752538843,0.002746105016657593,0.003278264672276323,0.0032109026641691037,0.3%,0.3%,0.3%,24,,,56.06872307855222
2023-09-22 00:00:00+00:00,26568.08,26743.38,26468.77,26580.14,18198.2292,484331618.9485319,567149,8484.09679,225805692.7235693,0.00045392817245337724,0.045392817245337724,67525.83,-40945.69,-60.637077693084265,0.002701639926528117,0.0032157275364276083,0.0031647664569781162,0.3%,0.3%,0.3%,24,,,56.06872307855222
2023-09-23 00:00:00+00:00,26580.14,26632.81,26509.0,26575.96,9440.7026,250873957.38867378,421717,4387.1973,116581214.130133,-0.00015726027026197187,-0.015726027026197187,67525.83,-40949.87,-60.64326791688455,0.002743330991206632,0.0032636795800378496,0.0031634006937222917,0.3%,0.3%,0.3%,24,,,56.06872307855222
2023-09-24 00:00:00+00:00,26575.97,26738.54,26122.08,26248.38,15706.65771,416368301.3736848,545045,7547.06342,200078452.0167577,-0.012326177492741452,-1.2326177492741452,67525.83,-41277.45,-61.12838598207531,0.0036192312169294823,0.0030485194973388255,0.0033235623664089843,0.4%,0.3%,0.3%,24,,,56.06872307855222
2023-09-25 00:00:00+00:00,26248.39,26446.15,25990.46,26304.81,26266.2039,688252596.3809944,873488,12654.58207,331622453.1518055,0.0021498469619840588,0.21498469619840588,67525.83,-41221.020000000004,-61.04481796077146,0.0039747863574922425,0.0033004082965628484,0.0031158455247467065,0.4%,0.3%,0.3%,24,,,56.06872307855222
2023-09-26 00:00:00+00:00,26304.8,26397.46,26088.34,26221.67,18495.35066,485217905.0421048,697727,8813.76144,231246870.5474588,-0.0031606386816709353,-0.31606386816709353,67525.83,-41304.16,-61.16794121597617,0.0036152163505525775,0.0031213958047269694,0.0044617856934285995,0.4%,0.3%,0.4%,24,,,56.06872307855222
2023-09-27 00:00:00+00:00,26221.68,26850.0,26112.06,26372.99,34771.57978,918797815.048481,939690,16813.75506,444221386.426141,0.005770799495226742,0.5770799495226742,67525.83,-41152.84,-60.94384919074671,0.003985002597213608,0.003612688522488827,0.0033074002698502396,0.4%,0.4%,0.3%,24,,,56.06872307855222
2023-09-28 00:00:00+00:00,26373.0,27308.48,26342.4,27021.39,44517.83491,1193420040.1309185,1158974,22463.19242,602340703.6015062,0.024585759900564774,2.4585759900564774,67525.83,-40504.44,-59.983624044310154,0.0026839928040395763,0.002234824457466381,0.0025359728379608696,0.3%,0.2%,0.3%,24,,,56.06872307855222
2023-09-29 00:00:00+00:00,27021.39,27244.89,26665.16,26906.96,28478.76219,767827314.9319088,878610,14409.35554,388591243.2591525,-0.004234793250828317,-0.4234793250828317,67525.83,-40618.87,-60.15308512312993,0.0015163678726137545,0.0021357317668094637,0.002459004766653643,0.2%,0.2%,0.2%,24,,,56.06872307855222
2023-09-30 00:00:00+00:00,26906.96,27094.99,26886.31,26962.56,12804.62307,345406056.6806953,534908,6221.24272,167818583.0599575,0.002066379851161315,0.20663798511613152,67525.83,-40563.270000000004,-60.07074626109742,0.0020998340229855072,0.0020400452561964368,0.0024891728062004645,0.2%,0.2%,0.2%,24,,,56.06872307855222
2023-10-01 00:00:00+00:00,26962.57,28065.51,26954.09,27992.57,24602.81468,674657121.9944204,883593,12815.98694,351622961.4701274,0.03820149125305594,3.820149125305594,67525.83,-39533.26,-58.54538922364968,0.002307732227397667,0.003444257363602715,0.0031329523018040002,0.2%,0.3%,0.3%,24,,,56.06872307855222
2023-10-02 00:00:00+00:00,27992.58,28580.0,27281.44,27494.51,57071.14241,1600944483.4902065,1464158,28423.61,797598852.4797782,-0.017792578530660186,-1.7792578530660186,67525.83,-40031.32000000001,-59.28297364134585,0.002757658476611746,0.0028774236221088922,0.002670848418831588,0.3%,0.3%,0.3%,24,,,56.06872307855222
2023-10-03 00:00:00+00:00,27494.51,27676.52,27160.5,27426.46,28928.96555,794301815.426502,1202377,13562.03527,372402100.79675114,-0.0024750395624435484,-0.24750395624435484,67525.83,-40099.37,-59.38374989244857,0.003012478514674381,0.0026531813294910283,0.002545585521499706,0.3%,0.3%,0.3%,24,,,56.06872307855222
2023-10-04 00:00:00+00:00,27426.45,27839.72,27202.0,27778.57,29816.142,820421385.2557853,1188381,15077.70185,414806576.3484014,0.012838332034101452,1.2838332034101452,67525.83,-39747.26,-58.86230498758771,0.0036712897127473983,0.0034199208024383657,0.0030316406690138764,0.4%,0.3%,0.3%,24,,,56.06872307855222
2023-10-05 00:00:00+00:00,27778.57,28120.39,27352.0,27410.39,30681.49619,849415594.0472504,1210397,14985.994050000001,415039706.5866476,-0.013254101993011136,-1.3254101993011136,67525.83,-40115.44,-59.40754819303962,0.0031085403750831606,0.0026641591777003606,0.0025450823209414233,0.3%,0.3%,0.3%,24,,,56.06872307855222
2023-10-06 00:00:00+00:00,27410.39,28295.0,27175.94,27931.09,37983.24277,1052864393.8176135,1326700,19091.24006,529241188.557369,0.01899644623808716,1.8996446238087161,67525.83,-39594.740000000005,-58.63643586461655,0.0031478458508078133,0.003470128720884674,0.0032432910090682216,0.3%,0.3%,0.3%,24,,,56.06872307855222
2023-10-07 00:00:00+00:00,27931.1,28029.67,27842.08,27956.67,13348.83825,372820279.523143,641623,6392.35089,178534947.7787839,0.0009158253401495564,0.09158253401495564,67525.83,-39569.16,-58.59855406442247,0.0028534864564014133,0.003467784067227445,0.0031634936260297656,0.3%,0.3%,0.3%,24,,,56.06872307855222
2023-10-08 00:00:00+00:00,27956.67,28095.14,27687.5,27917.05,19693.56921,549839951.4800811,822730,9216.08271,257333249.5330772,-0.0014171931063320375,-0.14171931063320375,67525.83,-39608.78,-58.65722790819454,0.0034938115244259483,0.0034742660410511253,0.003240885789505131,0.3%,0.3%,0.3%,24,,,56.06872307855222
2023-10-09 00:00:00+00:00,27917.06,27987.93,27260.0,27590.12,31534.74639,870014634.3621609,1156525,15077.43003,415887241.10445,-0.01171076456860598,-1.171076456860598,67525.83,-39935.71000000001,-59.14138337877522,0.0031657217609095834,0.003005288002589699,0.0026871239716763614,0.3%,0.3%,0.3%,24,,,56.06872307855222
2023-10-10 00:00:00+00:00,27590.12,27735.0,27298.0,27390.12,22776.84383,626258724.2775784,1002272,10851.22317,298354384.6981499,-0.007248971733359588,-0.7248971733359588,67525.83,-40135.71000000001,-59.43756633572664,0.0031750496218964364,0.002700931798854277,0.0025346078329767075,0.3%,0.3%,0.3%,24,,,56.06872307855222
2023-10-11 00:00:00+00:00,27390.12,27477.39,26538.66,26875.52,37349.44706,1007065585.9346406,1336479,17460.0774,470620209.7857446,-0.018787796475517426,-1.8787796475517426,67525.83,-40650.31,-60.199645083962686,0.0019243786029593674,0.00252145740182831,0.0026946485611561576,0.2%,0.3%,0.3%,24,,,56.06872307855222
2023-10-12 00:00:00+00:00,26875.52,26947.04,26555.0,26759.63,23428.64112,626909068.3868717,1066082,11128.85943,297794983.5412317,-0.004312102612340163,-0.4312102612340163,67525.83,-40766.2,-60.3712682983682,0.0029965058988903645,0.0028921233018028496,0.00331563003092055,0.3%,0.3%,0.3%,24,,,56.06872307855222
2023-10-13 00:00:00+00:00,26759.63,27130.0,26685.0,26862.0,24115.76499,647553796.3580662,1035322,11209.65389,301049285.742293,0.0038255386939205493,0.38255386939205493,67525.83,-40663.83,-60.219667051852596,0.0020884730100284173,0.00264795214092871,0.0028719943315457658,0.2%,0.3%,0.3%,24,,,56.06872307855222
2023-10-14 00:00:00+00:00,26862.0,26989.58,26789.0,26852.48,10417.25576,280059019.0534013,517837,4378.85219,117730324.81867291,-0.00035440399076769324,-0.035440399076769324,67525.83,-40673.350000000006,-60.2337653606035,0.0020591296887119454,0.002697465485350864,0.002947747123021193,0.2%,0.3%,0.3%,24,,,56.06872307855222
2023-10-15 00:00:00+00:00,26852.48,27293.33,26808.25,27154.15,15274.6917,412673965.3439348,682942,7802.69243,210833694.1344327,0.011234344090378379,1.1234344090378379,67525.83,-40371.68,-59.78701779748579,0.002094320169281795,0.0025252363220687308,0.002445814435123621,0.2%,0.3%,0.2%,24,,,56.06872307855222
2023-10-16 00:00:00+00:00,27154.14,30000.0,27112.66,28500.78,78399.22445,2210785548.2360964,2289339,40738.04173,1148700588.6793344,0.04959205130707445,4.959205130707445,67525.83,-39025.05,-57.79277352088823,0.0041437570044210404,0.004262835108747138,0.003742338754821464,0.4%,0.4%,0.4%,24,,,56.06872307855222
2023-10-17 00:00:00+00:00,28500.77,28613.65,28069.32,28395.91,38428.44532,1090741746.4830873,1345810,18994.06799,539218488.3415859,-0.003679548419376566,-0.3679548419376566,67525.83,-39129.92,-57.94807705436571,0.003618664236150047,0.004036424903333529,0.003698791152638288,0.4%,0.4%,0.4%,24,,,56.06872307855222
2023-10-18 00:00:00+00:00,28395.91,28982.36,28142.87,28320.0,32162.475909999997,914773525.1527581,1215235,15590.14442,443515753.8170772,-0.00267327231280845,-0.267327231280845,67525.83,-39205.83,-58.06049329567664,0.00407994383669167,0.0037900069866911986,0.003562921951943683,0.4%,0.4%,0.4%,24,,,56.06872307855222
2023-10-19 00:00:00+00:00,28320.0,28916.89,28100.66,28713.71,35895.50179,1023984017.0322788,1330256,18427.23743,525695852.5632501,0.013902189265536657,1.3902189265536657,67525.83,-38812.12,-57.47744233576988,0.005421968127766318,0.004760495276158137,0.004225971533466014,0.5%,0.5%,0.4%,24,,,56.06872307855222
2023-10-20 00:00:00+00:00,28713.71,30207.55,28578.29,29669.04,59422.0992,1753411192.551091,1915748,29466.75927,869634841.3281221,0.0332708660775638,3.32708660775638,67525.83,-37856.79,-56.06268001444781,0.0034028617804278617,0.0029751314419933215,0.002423090973222349,0.3%,0.3%,0.2%,24,,,56.06872307855222
2023-10-21 00:00:00+00:00,29669.05,30379.99,29464.77,29909.8,27517.51897,821964508.4353629,1152137,13836.12444,413323530.3421796,0.00811485642946308,0.811485642946308,67525.83,-37616.03,-55.70613497086967,0.002185825742201822,0.0031367072938045097,0.002748364760905033,0.2%,0.3%,0.3%,24,,,56.06872307855222
2023-10-22 00:00:00+00:00,29909.8,30248.0,29640.0,29992.46,22852.54563,683854827.8969324,1008299,11161.46844,334011129.2314961,0.002763642685674972,0.2763642685674972,67525.83,-37533.37,-55.583722554761636,0.002298650152065875,0.0025754161083705596,0.002828484084880268,0.2%,0.3%,0.3%,24,,,56.06872307855222
2023-10-23 00:00:00+00:00,29992.46,34741.91,29883.6,33069.99,93513.64246,2941620022.8651876,2839938,47839.23087,1505815243.5676994,0.10261012267749958,10.261012267749958,67525.83,-34455.840000000004,-51.026162877227875,0.008290762648786105,0.008594087809227251,0.009134195668775361,0.8%,0.9%,0.9%,24,,,56.06872307855222
2023-10-24 00:00:00+00:00,33069.99,35280.0,32832.34,33922.73,115265.02418000001,3933194868.161196,2850160,57409.31981,1959449469.4657931,0.02578591647593509,2.578591647593509,67525.83,-33603.1,-49.76332760367402,0.004954030543710315,0.006934047077073365,0.008614240859472424,0.5%,0.7%,0.9%,24,,,56.06872307855222
2023-10-25 00:00:00+00:00,33922.73,35132.85,33679.05,34496.05,54887.02529,1888210825.6063828,1643976,26150.50377,900236395.3726264,0.0169007624091575,1.69007624091575,67525.83,-33029.78,-48.91428953927704,0.003820192061656811,0.0036234302073174895,0.005844756125959946,0.4%,0.4%,0.6%,24,,,56.06872307855222
2023-10-26 00:00:00+00:00,34496.05,34824.13,33751.0,34151.66,39744.66255,1363077907.10912,1382785,18528.43061,635547858.4928182,-0.009983461874620403,-0.9983461874620403,67525.83,-33374.17,-49.42430178199957,0.004679666862677479,0.005071454070350239,0.007415970881247078,0.5%,0.5%,0.7%,24,,,56.06872307855222
2023-10-27 00:00:00+00:00,34151.66,34245.0,33390.95,33892.02,32330.40106,1096889423.419842,1112240,14310.32429,485405697.9244014,-0.007602558704320916,-0.7602558704320916,67525.83,-33633.810000000005,-49.80880649671393,0.005274815408639737,0.007024451879721461,0.008644307327068623,0.5%,0.7%,0.9%,24,,,56.06872307855222
2023-10-28 00:00:00+00:00,33892.01,34493.33,33860.0,34081.0,16880.13144,575936523.347353,607438,8313.30759,283656619.5863619,0.005575943835746777,0.5575943835746777,67525.83,-33444.83,-49.528943220690515,0.004969770042924735,0.005672177045348644,0.007573482990700132,0.5%,0.6%,0.8%,24,,,56.06872307855222
2023-10-29 00:00:00+00:00,34081.01,34750.11,33930.0,34525.89,20685.52176,711652985.1790965,717480,10053.96096,345933681.7968467,0.013053901000557477,1.3053901000557477,67525.83,-32999.94,-48.87009904209989,0.004105692764212885,0.003701027710618763,0.005765851376914274,0.4%,0.4%,0.6%,24,,,56.06872307855222
2023-10-30 00:00:00+00:00,34525.88,34856.0,34062.84,34474.73,33657.95976,1159771907.6421053,1117727,15237.56781,525162190.5371194,-0.0014817865665446295,-0.14817865665446295,67525.83,-33051.1,-48.94586264248806,0.0038532409433732068,0.003995083531722217,0.005911694148672059,0.4%,0.4%,0.6%,24,,,56.06872307855222
2023-10-31 00:00:00+00:00,34474.74,34720.49,34025.0,34639.77,32737.89822,1125442444.4884882,1179053,15843.795,544722903.4968481,0.004787274621149917,0.47872746211499173,67525.83,-32886.060000000005,-48.701452466411745,0.0036373077725823186,0.0037303145997292808,0.0047207994446308455,0.4%,0.4%,0.5%,24,,,56.06872307855222
2023-11-01 00:00:00+00:00,34639.78,35582.0,34097.39,35421.43,53473.28165,1856348820.4794536,1624635,25779.0029,895387891.4676665,0.022565392322177802,2.25653923221778,67525.83,-32104.4,-47.54388061575845,0.006133376964335741,0.005479425811996036,0.004662660170064104,0.6%,0.5%,0.5%,24,,,56.06872307855222
2023-11-02 00:00:00+00:00,35421.43,35984.99,34300.0,34941.59,48015.57732,1686141698.092171,1450837,23303.3535,818365718.954931,-0.013546601591183705,-1.3546601591183705,67525.83,-32584.240000000005,-48.254482766076336,0.0038248352097900013,0.003756103818939416,0.003966185388088759,0.4%,0.4%,0.4%,24,,,56.06872307855222
2023-11-03 00:00:00+00:00,34941.58,34946.5,34120.0,34716.78,39071.20644,1347962831.5658622,1237373,19168.85669,661176167.7749345,-0.006433880083877019,-0.6433880083877019,67525.83,-32809.05,-48.5874072188376,0.003586790038095667,0.0037027934056505208,0.004338649259409846,0.4%,0.4%,0.4%,24,,,56.06872307855222
2023-11-04 00:00:00+00:00,34716.78,35255.0,34585.18,35062.07,18377.55545,639958598.4198353,794787,9229.16649,321479754.9172934,0.009945910882288134,0.9945910882288134,67525.83,-32463.760000000002,-48.07606215280879,0.004754869599173927,0.0041037551551518295,0.004060634094764892,0.5%,0.4%,0.4%,24,,,56.06872307855222
2023-11-05 00:00:00+00:00,35062.06,35380.0,34448.0,35011.88,24528.73376,859350974.0014893,1038468,11870.33193,415912075.9000027,-0.0014314614054447006,-0.14314614054447006,67525.83,-32513.950000000004,-48.15038926585575,0.0044207302371463,0.0040478881557130895,0.004072278891594355,0.4%,0.4%,0.4%,24,,,56.06872307855222
2023-11-06 00:00:00+00:00,35011.89,35276.33,34725.9,35046.09,22346.47086,782427702.2653204,988246,10770.27727,377126281.1530906,0.00097709691681791,0.097709691681791,67525.83,-32479.740000000005,-48.099727171069205,0.004715678449721915,0.004112027322023818,0.004065737324402899,0.5%,0.4%,0.4%,24,,,56.06872307855222
2023-11-07 00:00:00+00:00,35046.09,35888.0,34523.06,35399.12,38688.736919999996,1358031361.1978528,1352796,19375.26868,680382009.6599416,0.010073306323187703,1.0073306323187703,67525.83,-32126.71,-47.57691982460638,0.006174250568791573,0.005414800568576638,0.0046266579968659224,0.6%,0.5%,0.5%,24,,,56.06872307855222
2023-11-08 00:00:00+00:00,35399.13,36106.0,35100.0,35624.72,33401.34137,1185492160.4927278,1132568,17192.8245,610314635.3798897,0.006373039781779832,0.6373039781779832,67525.83,-31901.11,-47.24282544916516,0.005465073159470442,0.005950102503216546,0.004973102510143695,0.5%,0.6%,0.5%,24,,,56.06872307855222
2023-11-09 00:00:00+00:00,35624.72,37972.24,35534.05,36701.09,82537.88885,3033417922.7826815,2138765,42156.81236,1550254981.0451877,0.030214132209319677,3.0214132209319677,67525.83,-30824.740000000005,-45.64881320229608,0.0037051556100094647,0.004109189540672489,0.004817601888795726,0.4%,0.4%,0.5%,24,,,56.06872307855222
2023-11-10 00:00:00+00:00,36701.1,37526.0,36324.71,37301.63,43414.04898,1605069174.5241032,1297729,21388.56879,790671818.768367,0.016363001752808914,1.6363001752808914,67525.83,-30224.200000000004,-44.759464637458,0.0027342141275337978,0.0035581811719921927,0.0038507189484848735,0.3%,0.4%,0.4%,24,,,56.06872307855222
2023-11-11 00:00:00+00:00,37301.63,37408.26,36666.93,37130.0,22984.97235,851924612.7339427,923300,10728.65792,397673179.6679197,-0.004601139414014854,-0.4601139414014854,67525.83,-30395.83,-45.013634041965865,0.0037944837577294607,0.0040307740063431855,0.004273078667940357,0.4%,0.4%,0.4%,24,,,56.06872307855222
2023-11-12 00:00:00+00:00,37129.99,37222.22,36731.1,37064.13,17687.18874,655570813.1382711,810885,8506.46051,315285367.544748,-0.0017740371667116506,-0.17740371667116506,67525.83,-30461.700000000004,-45.11118189883783,0.004195186612529955,0.004251396581935236,0.004361765359314571,0.4%,0.4%,0.4%,24,,,56.06872307855222
2023-11-13 00:00:00+00:00,37064.13,37417.99,36333.0,36462.93,32798.18252,1208037462.3041444,1217191,15442.44512,568916594.9113173,-0.016220534516795504,-1.6220534516795504,67525.83,-31062.9,-46.001507867433844,0.004163074228952207,0.004626901114366308,0.005348974403126844,0.4%,0.5%,0.5%,24,,,56.06872307855222
2023-11-14 00:00:00+00:00,36462.93,36744.0,34800.0,35551.19,45503.68416,1639130785.08681,1404428,21205.18615,763841642.880878,-0.025004573137704433,-2.5004573137704433,67525.83,-31974.64,-47.35171711328835,0.005477797930473632,0.005811362945950844,0.004877358730789459,0.5%,0.6%,0.5%,24,,,56.06872307855222
2023-11-15 00:00:00+00:00,35551.2,37980.0,35360.0,37858.2,53569.13385,1963249656.5094738,1545427,28142.1424,1031669501.9934208,0.06489262384747163,6.489262384747163,67525.83,-29667.630000000005,-43.9352318957057,0.002390094797708088,0.003587321447155013,0.003558662637975516,0.2%,0.4%,0.4%,24,,,56.06872307855222
2023-11-16 00:00:00+00:00,37858.2,37929.54,35500.0,36163.51,47490.39566,1744503339.0151725,1542446,22214.04928,815932555.1331269,-0.044764146208747246,-4.476414620874724,67525.83,-31362.32,-46.44492337228583,0.0046671227997060905,0.00516366617272945,0.005266239736064789,0.5%,0.5%,0.5%,24,,,56.06872307855222
2023-11-17 00:00:00+00:00,36163.51,36800.0,35861.1,36613.92,38283.61112,1391225051.1923273,1349322,18403.36411,668865883.1417465,0.012454819789339933,1.2454819789339933,67525.83,-30911.910000000003,-45.777904544083356,0.0036027006407067757,0.004387162220259795,0.004868210684932106,0.4%,0.4%,0.5%,24,,,56.06872307855222
2023-11-18 00:00:00+00:00,36613.91,36845.49,36178.58,36568.1,17102.24186,624434069.5256634,784498,8101.54756,295795105.4300323,-0.0012514366120863762,-0.12514366120863762,67525.83,-30957.730000000003,-45.845760059520934,0.003063711552316417,0.004381951634589249,0.004905457350129265,0.3%,0.4%,0.5%,24,,,56.06872307855222
2023-11-19 00:00:00+00:00,36568.11,37500.0,36384.02,37359.86,21246.34648,781531839.4371592,862400,10575.25293,389089868.806342,0.021651658139197894,2.1651658139197894,67525.83,-30165.97,-44.67323096954158,0.0027112799870192003,0.0033166325939957635,0.0036421879480392208,0.3%,0.3%,0.4%,24,,,56.06872307855222
2023-11-20 00:00:00+00:00,37359.85,37750.0,36677.0,37448.78,36022.70291,1343722642.386475,1485050,17591.22652,656245983.7397183,0.0023800945720888755,0.23800945720888755,67525.83,-30077.050000000003,-44.541548026880974,0.003249678498578131,0.0033024522145658807,0.0036530617152942986,0.3%,0.3%,0.4%,24,,,56.06872307855222
2023-11-21 00:00:00+00:00,37448.79,37649.44,35735.0,35741.65,47646.54804,1756747495.9818547,1936895,22371.42068,824920009.55786,-0.04558573069670091,-4.558573069670091,67525.83,-31784.18,-47.0696620833835,0.005927744304729265,0.0060391466227003275,0.0051213122899013705,0.6%,0.6%,0.5%,24,,,56.06872307855222
2023-11-22 00:00:00+00:00,35741.65,37861.1,35632.01,37408.34,45051.30697,1657141022.4273481,1648374,23046.71174,847145468.3259536,0.046631590875071405,4.6631590875071405,67525.83,-30117.490000000005,-44.601436220776556,0.0031051101951252115,0.003323256828166585,0.0036725806938129424,0.3%,0.3%,0.4%,24,,,56.06872307855222
2023-11-23 00:00:00+00:00,37408.35,37653.44,36870.0,37294.28,23827.92882,888826648.8541473,992284,11086.35132,413539343.94482046,-0.003049052697874255,-0.3049052697874255,67525.83,-30231.550000000003,-44.77034936112596,0.002862218853418519,0.003603606469316676,0.0038498945873979666,0.3%,0.4%,0.4%,24,,,56.06872307855222
2023-11-24 00:00:00+00:00,37294.27,38414.0,37251.51,37713.57,44680.80646,1688715728.079148,1379414,22349.17236,844803081.6321824,0.011242742854936427,1.1242742854936427,67525.83,-29812.260000000002,-44.149416601025116,0.0042927840621078,0.0038028011523852205,0.003849854343712822,0.4%,0.4%,0.4%,24,,,56.06872307855222
2023-11-25 00:00:00+00:00,37713.57,37888.0,37591.1,37780.67,11396.14464,430165251.7609749,569448,5153.91116,194536221.2850941,0.001779200431038408,0.1779200431038408,67525.83,-29745.160000000003,-44.05004721896791,0.0032182473374894427,0.0037581736929350427,0.003650889584696879,0.3%,0.4%,0.4%,24,,,56.06872307855222
2023-11-26 00:00:00+00:00,37780.67,37814.63,37150.0,37447.43,21264.53723,797321193.5893991,848020,10204.51641,382571274.0460782,-0.008820383545342092,-0.8820383545342092,67525.83,-30078.4,-44.5435472618404,0.0032412629803985266,0.0033062170294558568,0.0036505327225012205,0.3%,0.3%,0.4%,24,,,56.06872307855222
2023-11-27 00:00:00+00:00,37447.42,37569.23,36707.0,37242.7,30001.07376,1112557435.2767923,1238017,14458.63822,536129095.56684417,-0.005467130855174918,-0.5467130855174918,67525.83,-30283.130000000005,-44.846734945723746,0.0034378037575724923,0.0036928148892797887,0.004033292718895129,0.3%,0.4%,0.4%,24,,,56.06872307855222
2023-11-28 00:00:00+00:00,37242.7,38377.0,36868.41,37818.87,37544.46667,1414360251.6823456,1272779,18168.56198,684514270.9388716,0.0154706828452289,1.54706828452289,67525.83,-29706.96,-43.99347627419018,0.0028450555271570177,0.0037468864311265434,0.0036124883935436296,0.3%,0.4%,0.4%,24,,,56.06872307855222
2023-11-29 00:00:00+00:00,37818.88,38450.0,37570.0,37854.64,32994.19107,1252586505.66259,1131353,15588.96473,591917955.4743968,0.0009458241348827556,0.09458241348827556,67525.83,-29671.190000000002,-43.94050395233943,0.002344356496883981,0.0035741157675215304,0.0035530939469646857,0.2%,0.4%,0.4%,24,,,56.06872307855222
2023-11-30 00:00:00+00:00,37854.65,38145.85,37500.0,37723.96,24740.29147,934491058.9608141,1007791,11484.45424,433772722.5045634,-0.0034521527611939273,-0.34521527611939273,67525.83,-29801.870000000003,-44.1340298964115,0.004279275672665024,0.00373315416624321,0.003803977453476036,0.4%,0.4%,0.4%,24,,,56.06872307855222
2023-12-01 00:00:00+00:00,37723.97,38999.0,37615.86,38682.52,43415.66324,1669750777.6239815,1523417,22408.27301,861977420.1631951,0.025409845625962824,2.5409845625962824,67525.83,-28843.310000000005,-42.71448422033466,0.0032963070023484154,0.0036101282098526546,0.003542614796584203,0.3%,0.4%,0.4%,24,,,56.06872307855222
2023-12-02 00:00:00+00:00,38682.51,39717.14,38641.61,39450.35,26696.92161,1043421976.7660652,1034690,13166.65386,514763687.5746009,0.019849534104810163,1.9849534104810163,67525.83,-28075.480000000003,-41.57739342115454,0.0034964398709542294,0.00318003427857241,0.003218189968947549,0.3%,0.3%,0.3%,24,,,56.06872307855222
2023-12-03 00:00:00+00:00,39450.35,40250.0,39274.86,39972.26,26710.65335,1059860641.0494444,1151524,13333.29632,529259227.1675092,0.013229540422328379,1.3229540422328379,67525.83,-27553.57,-40.804489185841916,0.0032029730608207343,0.0033917134081768905,0.003341302396841438,0.3%,0.3%,0.3%,24,,,56.06872307855222
2023-12-04 00:00:00+00:00,39972.26,42420.0,39972.26,41991.1,79272.33059,3285736844.140881,2112219,38595.61905,1599710862.0871768,0.05050602592898157,5.050602592898157,67525.83,-25534.730000000003,-37.81475918178274,0.002429926279234846,0.0023980178042861877,0.0034338313603623164,0.2%,0.2%,0.3%,24,,,56.06872307855222
2023-12-05 00:00:00+00:00,41991.1,44488.0,41414.0,44073.32,67490.74644,2890205389.4901266,2072700,34815.80813,1491813847.2389681,0.04958717442505667,4.958717442505667,67525.83,-23452.510000000002,-34.731168798665635,0.0023122034998013883,0.002363239236961912,0.0024303498779542927,0.2%,0.2%,0.2%,24,,,56.06872307855222
2023-12-06 00:00:00+00:00,44073.82,44297.21,43335.28,43762.69,51431.10492,2256979505.594805,1876282,25092.62492,1101273363.0864296,-0.007048028149456376,-0.7048028149456376,67525.83,-23763.14,-35.191185358254764,0.0023374485940434375,0.0022989089422995085,0.0023716950742153713,0.2%,0.2%,0.2%,24,,,56.06872307855222
2023-12-07 00:00:00+00:00,43762.69,44047.33,42821.1,43273.14,47103.26845,2046945851.8836446,1414759,22635.67672,983629776.4938614,-0.011186469570312108,-1.1186469570312108,67525.83,-24252.690000000002,-35.916167191132644,0.0022536688004163945,0.0019873255979272965,0.002013218154788803,0.2%,0.2%,0.2%,24,,,56.06872307855222
2023-12-08 00:00:00+00:00,43273.15,44700.0,43081.1,44170.99,42900.37556,1875581755.4469104,1311268,20818.67861,910357262.894073,0.02074843655902936,2.074843655902936,67525.83,-23354.840000000004,-34.58652785163841,0.002606915129302501,0.0024317240043764095,0.0023742401698573787,0.3%,0.2%,0.2%,24,,,56.06872307855222
2023-12-09 00:00:00+00:00,44171.0,44358.02,43584.51,43713.6,24925.97008,1096487106.5648339,987352,11598.007740000001,510255993.86808586,-0.010354986383596998,-1.0354986383596998,67525.83,-23812.230000000003,-35.26388346503849,0.001880524565718241,0.0021707689996244626,0.002260728058887234,0.2%,0.2%,0.2%,24,,,56.06872307855222
2023-12-10 00:00:00+00:00,43713.59,44049.0,43563.0,43789.51,18956.61758,830485162.5569534,830667,8841.906430000001,387376075.3824843,0.0017365305076681992,0.17365305076681992,67525.83,-23736.32,-35.15146722372757,0.0023118536465588026,0.0023064439421156416,0.002375608273455485,0.2%,0.2%,0.2%,24,,,56.06872307855222
2023-12-11 00:00:00+00:00,43789.5,43804.5,40222.0,41253.4,76663.89804,3205540835.511434,2087142,36499.24269,1525642878.1521034,-0.05791592552645597,-5.7915925526455965,67525.83,-26272.43,-38.907230018498105,0.0056364752864555,0.005213190596577367,0.00462403238321732,0.6%,0.5%,0.5%,24,,,56.06872307855222
2023-12-12 00:00:00+00:00,41253.41,42104.12,40680.0,41492.39,42722.69773,1773961284.3375635,1526411,21394.91158,888438328.8915346,0.005793219467971067,0.5793219467971067,67525.83,-26033.440000000002,-38.55330619408899,0.003071847798336846,0.00465974825984854,0.004580152420750542,0.3%,0.5%,0.5%,24,,,56.06872307855222
2023-12-13 00:00:00+00:00,41492.38,43475.2,40555.0,42869.03,45865.99773,1919703389.4848804,1724659,22354.97386,935785466.0225856,0.033178132182793085,3.3178132182793085,67525.83,-24656.800000000003,-36.51461966480086,0.0021043180225778155,0.0019619770221335773,0.002140305345550814,0.2%,0.2%,0.2%,24,,,56.06872307855222
2023-12-14 00:00:00+00:00,42869.03,43420.0,41400.0,43022.26,42047.05709,1798740625.30166,1599536,20579.79343,880356342.3815118,0.0035743752541170792,0.3574375254117079,67525.83,-24503.57,-36.28769909233252,0.0019609448816072478,0.002036011960517384,0.0020587256693158076,0.2%,0.2%,0.2%,24,,,56.06872307855222
2023-12-15 00:00:00+00:00,43022.26,43080.81,41666.0,41940.3,33421.7932,1416898938.509979,1323628,16321.13654,691713304.7485888,-0.02514884155318664,-2.514884155318664,67525.83,-25585.53,-37.8899896528484,0.002405455693603833,0.0024173726047894443,0.0038833476229733718,0.2%,0.2%,0.4%,24,,,56.06872307855222
2023-12-16 00:00:00+00:00,41940.29,42724.43,41605.0,42278.03,24118.85747,1020469627.8857331,1180886,12193.50511,515909440.9100929,0.008052636724105389,0.8052636724105389,67525.83,-25247.800000000003,-37.38984030259236,0.0019052120706013656,0.0023211629694955883,0.002500414150321545,0.2%,0.2%,0.3%,24,,,56.06872307855222
2023-12-17 00:00:00+00:00,42278.02,42424.07,41252.0,41374.65,27722.11452,1161963642.9627964,1227634,13245.86404,555309260.127941,-0.02136759919986808,-2.136759919986808,67525.83,-26151.18,-38.7276691008463,0.004316863066936452,0.004863973952407001,0.004609608907294889,0.4%,0.5%,0.5%,24,,,56.06872307855222
2023-12-18 00:00:00+00:00,41374.64,42757.81,40542.93,42657.8,46734.0925,1936003306.0825727,1741647,23255.79871,963775419.5731498,0.03101295116695857,3.101295116695857,67525.83,-24868.03,-36.827433294785116,0.0021979247104457517,0.0022744663668973525,0.0023117758535255387,0.2%,0.2%,0.2%,24,,,56.06872307855222
2023-12-19 00:00:00+00:00,42657.8,43497.0,41811.1,42275.99,40927.86444,1747830242.4615936,1609188,20163.65946,861082883.3110157,-0.00895053190741213,-0.8950531907412129,67525.83,-25249.840000000004,-37.39286136875326,0.0018923710059819175,0.0023218230310936843,0.002499135415017597,0.2%,0.2%,0.2%,24,,,56.06872307855222
2023-12-20 00:00:00+00:00,42275.99,44283.0,42206.0,43668.93,48710.2947,2115813869.779619,1934588,23912.13682,1038694005.7761399,0.03294872574243679,3.294872574243679,67525.83,-23856.9,-35.33003592847359,0.0020360971297728376,0.0023750815107416614,0.00226764402782635,0.2%,0.2%,0.2%,24,,,56.06872307855222
2023-12-21 00:00:00+00:00,43668.92,44242.35,43286.72,43861.8,34624.29384,1514529919.1877797,1500702,17058.89545,746266380.7692404,0.004416641305385882,0.4416641305385882,67525.83,-23664.03,-35.04441189393748,0.0024231116822931646,0.0022686578749727153,0.0023919848435415476,0.2%,0.2%,0.2%,24,,,56.06872307855222
2023-12-22 00:00:00+00:00,43861.79,44398.26,43412.54,43969.04,32783.19638,1436074497.5128598,1404109,16049.22275,703199211.0393196,0.0024449520995490914,0.24449520995490914,67525.83,-23556.79,-34.885598592420116,0.002169713392278089,0.0022543585018696406,0.002407067655700485,0.2%,0.2%,0.2%,24,,,56.06872307855222
2023-12-23 00:00:00+00:00,43969.04,43988.68,43291.1,43702.16,16557.1293,722943825.3332176,849658,7765.3056400000005,339046509.1677196,-0.006069725424980743,-0.6069725424980743,67525.83,-23823.67,-35.280825130176105,0.0020326438240551724,0.002293852191211442,0.002261248690906399,0.2%,0.2%,0.2%,24,,,56.06872307855222
2023-12-24 00:00:00+00:00,43702.15,43946.0,42500.0,42991.5,25144.33496,1093460634.8894227,1137678,11841.26614,514962029.1783347,-0.016261438793872096,-1.6261438793872096,67525.83,-24534.33,-36.33325203111165,0.002257815879226593,0.0020413160922548063,0.0021399783988089514,0.2%,0.2%,0.2%,24,,,56.06872307855222
2023-12-25 00:00:00+00:00,42991.5,43802.32,42720.43,43576.13,27021.23992,1172053386.5109816,1168428,13691.2393,593900885.8031462,0.013598734633590404,1.3598734633590404,67525.83,-23949.700000000004,-35.46746482049906,0.0024316025435761985,0.002582223149960242,0.002348725985609525,0.2%,0.3%,0.2%,24,,,56.06872307855222
2023-12-26 00:00:00+00:00,43576.12,43592.68,41637.6,42508.93,41010.04282,1746333612.304945,1475816,21096.16634,898267435.237983,-0.024490472192000512,-2.449047219200051,67525.83,-25016.9,-37.04789707879193,0.0024377858863231824,0.002238950251921302,0.0024057388401229314,0.2%,0.2%,0.2%,24,,,56.06872307855222
2023-12-27 00:00:00+00:00,42508.93,43677.0,42098.69,43428.85,36191.21136,1554082990.052276,1439770,18982.83267,815239612.617364,0.021640629392459365,2.1640629392459365,67525.83,-24096.980000000003,-35.68557394999811,0.002823335078431356,0.002507507391257923,0.002262361232641901,0.3%,0.3%,0.2%,24,,,56.06872307855222
2023-12-28 00:00:00+00:00,43428.86,43787.57,42241.79,42563.76,35150.52485,1508408742.378081,1391826,17422.8191,747631903.055399,-0.01991970775187457,-1.9919707751874571,67525.83,-24962.07,-36.966698521143684,0.0022860567098691447,0.0023134009058957497,0.002358318241833744,0.2%,0.2%,0.2%,24,,,56.06872307855222
2023-12-29 00:00:00+00:00,42563.76,43111.0,41300.0,42066.95,42597.18912,1803086285.2465775,1571137,21195.34128,897324724.7968955,-0.011672136108276221,-1.167213610827622,67525.83,-25458.880000000005,-37.702431795358905,0.002649092885788157,0.002559756284013651,0.0029573854661686886,0.3%,0.3%,0.3%,24,,,56.06872307855222
2023-12-30 00:00:00+00:00,42066.94,42612.32,41520.3,42140.28,22906.57818,964875790.984935,936545,11727.69648,494133887.9071811,0.0017431736790995966,0.17431736790995966,67525.83,-25385.550000000003,-37.593836314192664,0.0025804039400448334,0.002490452732336665,0.002757077967310061,0.3%,0.2%,0.3%,24,,,56.06872307855222
2023-12-31 00:00:00+00:00,42140.29,42899.0,41965.84,42283.58,23585.91603,1001519241.5559053,1016484,11997.148650000001,509478742.74451077,0.0034005469351414686,0.34005469351414686,67525.83,-25242.25,-37.38162122553695,0.0019590992930976717,0.002324181204427321,0.0024704513243761768,0.2%,0.2%,0.2%,24,,,56.06872307855222
2024-01-01 00:00:00+00:00,42283.58,44184.1,42180.77,44179.55,27174.299030000002,1169995682.0280013,1114623,14331.7318,617352094.5605195,0.04483939155577654,4.483939155577654,67525.83,-23346.28,-34.57385122108087,0.002609125667221185,0.002431193551922191,0.0023758380074751563,0.3%,0.2%,0.2%,24,,,56.06872307855222
2024-01-02 00:00:00+00:00,44179.55,45879.63,44148.34,44946.91,65146.40661,2944331821.8230762,2247532,33817.14447,1527964124.2375848,0.017369122139089255,1.7369122139089255,67525.83,-22578.92,-33.43745645184961,0.006183757821774019,0.005541734581123356,0.004427565147302133,0.6%,0.6%,0.4%,24,,,56.06872307855222
2024-01-03 00:00:00+00:00,44946.91,45500.0,40750.0,42845.23,81194.55173,3507104563.744232,2658041,39103.99162,1687665202.9513144,-0.04675916542427505,-4.675916542427505,67525.83,-24680.6,-36.549865436678076,0.0019214000815366353,0.0018604698045746714,0.0020968469266382573,0.2%,0.2%,0.2%,24,,,56.06872307855222
2024-01-04 00:00:00+00:00,42845.23,44729.58,42613.77,44151.1,48038.06334,2095095359.4936347,1819944,23605.90059,1030075267.839013,0.030478772082679795,3.0478772082679795,67525.83,-23374.730000000003,-34.61598324670723,0.002589925377131396,0.0023563585690032653,0.0023392164511889767,0.3%,0.2%,0.2%,24,,,56.06872307855222
2024-01-05 00:00:00+00:00,44151.1,44357.46,42450.0,44145.11,48075.25327,2100953924.3687155,2064845,24015.06426,1049655019.1400094,-0.00013567045894657959,-0.013567045894657959,67525.83,-23380.72,-34.62485392626792,0.0025714449556121714,0.0023789571809071106,0.0023841331211993167,0.3%,0.2%,0.2%,24,,,56.06872307855222
2024-01-06 00:00:00+00:00,44145.12,44214.42,43397.05,43968.32,17835.06144,781212883.4916061,956642,9048.57073,396341787.3638776,-0.00400474707164622,-0.40047470716462197,67525.83,-23557.510000000002,-34.88666485106514,0.0022131346823770974,0.0022536208927614373,0.002406292662984869,0.2%,0.2%,0.2%,24,,,56.06872307855222
2024-01-07 00:00:00+00:00,43968.32,44480.59,43572.09,43929.02,23023.8508,1014635096.1241481,1109259,11613.52347,511871007.52582633,-0.0008938253724500855,-0.08938253724500855,67525.83,-23596.810000000005,-34.9448648021061,0.0022033549803801727,0.002250930970495157,0.0023937364211826513,0.2%,0.2%,0.2%,24,,,56.06872307855222
2024-01-08 00:00:00+00:00,43929.01,47248.99,43175.0,46951.04,72814.57589000001,3298772150.6815076,2364464,38728.8053,1755312207.6681833,0.06879324874536241,6.879324874536241,67525.83,-20574.79,-30.469510704274207,0.0026586328952296645,0.0027968564978275304,0.004054124359819459,0.3%,0.3%,0.4%,24,,,56.06872307855222
2024-01-09 00:00:00+00:00,46951.04,47972.0,44748.67,46110.0,69927.66617,3251442072.8083963,2637745,34825.45429,1620151226.3362696,-0.01791312822889546,-1.7913128228895459,67525.83,-21415.83,-31.71501927484638,0.004826659636049825,0.0058342703209877155,0.0058161908391520184,0.5%,0.6%,0.6%,24,,,56.06872307855222
2024-01-10 00:00:00+00:00,46110.0,47695.93,44300.36,46653.99,89911.41203,4123809481.712767,3133588,46910.79439,2153126701.3521643,0.011797657774886172,1.1797657774886172,67525.83,-20871.840000000004,-30.909416441086325,0.003174233615925142,0.0038011401579315447,0.005252521620499674,0.3%,0.4%,0.5%,24,,,56.06872307855222
2024-01-11 00:00:00+00:00,46654.0,48969.48,45606.06,46339.16,87470.3296,4105139605.028302,2998451,44076.1683,2070467939.6599925,-0.006748190240534524,-0.6748190240534524,67525.83,-21186.67,-31.375652842771416,0.00453628605483292,0.005222815874712744,0.005813350686113462,0.5%,0.5%,0.6%,24,,,56.06872307855222
2024-01-12 00:00:00+00:00,46339.16,46515.53,41500.0,42782.73,86327.93707,3827483735.576057,2809192,41707.58066,1850840878.9778297,-0.07674783056058854,-7.674783056058853,67525.83,-24743.1,-36.6424226107254,0.0017801634734306844,0.00202058640979864,0.0021303955383890796,0.2%,0.2%,0.2%,24,,,56.06872307855222
2024-01-13 00:00:00+00:00,42782.74,43257.0,42436.12,42847.99,36118.47464,1547370611.5531662,1434243,17748.09824,760432218.2454551,0.0015253818538460973,0.15253818538460973,67525.83,-24677.840000000004,-36.54577811187216,0.001902131527611302,0.0018619374750096379,0.0020983154643765298,0.2%,0.2%,0.2%,24,,,56.06872307855222
2024-01-14 00:00:00+00:00,42847.99,43079.0,41720.0,41732.35,28228.40894,1202212782.257693,1235727,13690.308430000001,583261659.738576,-0.0260371606696137,-2.60371606696137,67525.83,-25793.480000000003,-38.19794588233866,0.0022507978732715338,0.002875458850740508,0.004333573282970714,0.2%,0.3%,0.4%,24,,,56.06872307855222
2024-01-15 00:00:00+00:00,41732.35,43400.43,41718.05,42511.1,40269.89303,1718982911.1081028,1657611,19924.760299999998,849997411.087583,0.018660583456239666,1.8660583456239666,67525.83,-25014.730000000003,-37.04468349370901,0.0024175438643637276,0.002237537797794242,0.0024037018942157148,0.2%,0.2%,0.2%,24,,,56.06872307855222
2024-01-16 00:00:00+00:00,42511.1,43578.01,42050.0,43137.95,45045.74589,1931947150.05907,1716580,24064.55667,1031525441.9352084,0.014745560571238991,1.4745560571238991,67525.83,-24387.880000000005,-36.116372060883975,0.00191737549669526,0.002042526117140954,0.0019922468421612895,0.2%,0.2%,0.2%,24,,,56.06872307855222
2024-01-17 00:00:00+00:00,43137.94,43198.0,42200.69,42776.1,33266.213879999996,1419888430.9228892,1438172,16648.20529,710532768.0475779,-0.008388205744593757,-0.8388205744593757,67525.83,-24749.730000000003,-36.65224107574835,0.0018532034738293684,0.0020313045799333243,0.0021350430397892067,0.2%,0.2%,0.2%,24,,,56.06872307855222
2024-01-18 00:00:00+00:00,42776.09,42930.0,40683.28,41327.5,43907.51641,1839426541.263579,1466087,21085.143360000002,883292634.2063637,-0.0338647048234878,-3.38647048234878,67525.83,-26198.33,-38.79749423294761,0.005144240064496966,0.005067683716462609,0.004627448284303851,0.5%,0.5%,0.5%,24,,,56.06872307855222
2024-01-19 00:00:00+00:00,41327.51,42196.86,40280.0,41659.03,48342.74559,1993846466.5387518,1641428,24347.5002,1004478721.3792055,0.008022019236585853,0.8022019236585853,67525.83,-25866.800000000003,-38.306526554357056,0.0030337831185807034,0.0032469156007276373,0.0044615808622181785,0.3%,0.3%,0.4%,24,,,56.06872307855222
2024-01-20 00:00:00+00:00,41659.03,41872.56,41456.3,41696.04,15923.99493,662768008.1509343,807324,7557.36632,314535141.9955636,0.0008884028264701804,0.08884028264701804,67525.83,-25829.79,-38.25171789817319,0.002932052001987612,0.003027292407431732,0.004321997387519339,0.3%,0.3%,0.4%,24,,,56.06872307855222
2024-01-21 00:00:00+00:00,41696.05,41881.39,41500.98,41580.33,11730.16301,489151571.0309043,657817,5576.56045,232552207.1607329,-0.00277508367701107,-0.277508367701107,67525.83,-25945.5,-38.42307454791744,0.0032214436483787696,0.004380136664168505,0.004567630375328655,0.3%,0.4%,0.5%,24,,,56.06872307855222
2024-01-22 00:00:00+00:00,41580.32,41689.65,39431.58,39568.02,55426.19911,2247452153.7954326,2147250,26788.13985,1086650848.0670526,-0.048395719803089654,-4.839571980308966,67525.83,-27957.810000000005,-41.40313417843217,0.003194911112890346,0.003224737924177814,0.0032395088386633934,0.3%,0.3%,0.3%,24,,,56.06872307855222
2024-01-23 00:00:00+00:00,39568.02,40176.74,38555.0,39897.6,57956.63351,2275851990.6468267,2043925,30913.97177,1214417243.6964118,0.008329453937801379,0.8329453937801379,67525.83,-27628.230000000003,-40.91505428367189,0.0032512593178841654,0.0034248644937418683,0.003381481862204327,0.3%,0.3%,0.3%,24,,,56.06872307855222
2024-01-24 00:00:00+00:00,39897.59,40555.0,39484.19,40084.88,39293.82861,1569704923.8307493,1675615,20673.057249999998,825887009.4744226,0.004694016682707636,0.4694016682707636,67525.83,-27440.950000000004,-40.63770856278257,0.003638687591109276,0.003614791036261988,0.0034100323683474423,0.4%,0.4%,0.3%,24,,,56.06872307855222
2024-01-25 00:00:00+00:00,40084.89,40300.24,39550.0,39961.09,31022.11853,1238813296.1526136,1291233,15685.24919,626369240.3733964,-0.003088196846292135,-0.3088196846292135,67525.83,-27564.740000000005,-40.82103100398766,0.003151974262914802,0.0033375078110859033,0.003316969123135307,0.3%,0.3%,0.3%,24,,,56.06872307855222
2024-01-26 00:00:00+00:00,39961.09,42246.82,39822.52,41823.51,47384.96726,1951700659.289807,1624861,24674.75551,1016105199.7171214,0.04660583582680067,4.660583582680067,67525.83,-25702.32,-38.06294569056019,0.0023516253786644036,0.002726152740787877,0.004062655545501842,0.2%,0.3%,0.4%,24,,,56.06872307855222
2024-01-27 00:00:00+00:00,41823.51,42200.0,41394.34,42120.63,16224.41667,678418702.3509445,751148,7485.64978,312938659.2480243,0.007104138318376307,0.7104138318376307,67525.83,-25405.200000000004,-37.62293628971314,0.0026207837936516854,0.002502921100000451,0.002740841175383517,0.3%,0.3%,0.3%,24,,,56.06872307855222
2024-01-28 00:00:00+00:00,42120.63,42842.68,41620.81,42031.06,27294.99838,1154365891.6682587,1032493,12971.1882,548670338.639401,-0.0021265114030820653,-0.21265114030820653,67525.83,-25494.770000000004,-37.75558182698384,0.002602795737032093,0.0024732325161795584,0.003230567672404838,0.3%,0.2%,0.3%,24,,,56.06872307855222
2024-01-29 00:00:00+00:00,42031.05,43333.0,41804.88,43302.7,31542.74207,1343462280.3618684,1197856,15996.886269999999,681504721.3585126,0.03025476873531141,3.025476873531141,67525.83,-24223.130000000005,-35.87239135009522,0.0025124735842820744,0.0021598600333221593,0.002080926759609473,0.3%,0.2%,0.2%,24,,,56.06872307855222
2024-01-30 00:00:00+00:00,43302.71,43882.36,42683.99,42941.1,37619.24546,1633251085.6713595,1316610,19317.29993,838876408.4556684,-0.008350518558888909,-0.8350518558888909,67525.83,-24584.730000000003,-36.40789013626342,0.0022285036639376928,0.0020237307084095117,0.002178323954280292,0.2%,0.2%,0.2%,24,,,56.06872307855222
2024-01-31 00:00:00+00:00,42941.1,43745.11,42276.84,42580.0,39871.13688,1711665577.0530825,1499559,20289.94825,871009715.1702207,-0.008409193057467013,-0.8409193057467013,67525.83,-24945.83,-36.94264846503923,0.002331802230016954,0.0023352115209562753,0.0023540220843585495,0.2%,0.2%,0.2%,24,,,56.06872307855222
2024-02-01 00:00:00+00:00,42580.0,43285.13,41884.28,43082.94,35231.04664,1497121440.6440022,1392269,18134.84304,770635549.4842126,0.011811648661343321,1.1811648661343321,67525.83,-24442.89,-36.19783718319345,0.0016650503017665973,0.002011172886071934,0.001998246233445665,0.2%,0.2%,0.2%,24,,,56.06872307855222
2024-02-02 00:00:00+00:00,43082.95,43488.0,42546.79,43200.0,29672.14418,1277919437.2905612,1086342,15645.5711,673834785.747791,0.0027170847671955656,0.27170847671955656,67525.83,-24325.83,-36.024481298489775,0.002039131616378372,0.001928134643442736,0.001960201008920504,0.2%,0.2%,0.2%,24,,,56.06872307855222
2024-02-03 00:00:00+00:00,43199.99,43380.01,42880.0,43011.09,12033.40998,518775350.03360087,609962,5691.78572,245377398.5105957,-0.004372916666666726,-0.43729166666667263,67525.83,-24514.740000000005,-36.30424091047827,0.002075104814904153,0.0020343261700482883,0.0021243804748750385,0.2%,0.2%,0.2%,24,,,56.06872307855222
2024-02-04 00:00:00+00:00,43011.1,43119.04,42222.0,42582.88,17066.89404,730999557.7083682,931235,8427.12671,360928641.0597722,-0.00995580442160382,-0.995580442160382,67525.83,-24942.950000000004,-36.93838343045913,0.002276527265517039,0.002327952077772922,0.0023557322950582852,0.2%,0.2%,0.2%,24,,,56.06872307855222
2024-02-05 00:00:00+00:00,42582.88,43569.76,42258.1,42708.7,29467.75905,1262620640.5407174,1317397,14984.06962,642077579.5827268,0.0029547085589325395,0.29547085589325395,67525.83,-24817.130000000005,-36.75205473224099,0.0018250713321049698,0.0020778509861526097,0.0022339367011971,0.2%,0.2%,0.2%,24,,,56.06872307855222
2024-02-06 00:00:00+00:00,42708.7,43399.98,42574.0,43098.95,24675.85433,1061049582.6002767,1120760,12810.98205,550866463.7409194,0.009137482526979213,0.9137482526979213,67525.83,-24426.880000000005,-36.17412773748949,0.0016402074439706021,0.0020297612028939128,0.0019939145163761986,0.2%,0.2%,0.2%,24,,,56.06872307855222
2024-02-07 00:00:00+00:00,43098.96,44396.5,42788.0,44349.6,34392.59915,1496013692.382922,1378809,17755.87738,772721372.4443885,0.029018108329785353,2.9018108329785353,67525.83,-23176.230000000003,-34.32202166193292,0.004447579312540623,0.0036144319163794307,0.003029473512271089,0.4%,0.4%,0.3%,24,,,56.06872307855222
2024-02-08 00:00:00+00:00,44349.6,45614.3,44331.1,45288.65,45439.62231,2042912128.1517665,1863650,22731.523970000002,1021963499.800335,0.021173809910348673,2.1173809910348673,67525.83,-22237.18,-32.93136863330669,0.006376470705350893,0.006154137958037162,0.004984049768496096,0.6%,0.6%,0.5%,24,,,56.06872307855222
2024-02-09 00:00:00+00:00,45288.66,48200.0,45242.12,47132.77,73503.481,3453043306.420976,2323884,37360.96419,1754880225.38021,0.04071925305788526,4.071925305788526,67525.83,-20393.060000000005,-30.20038406044029,0.0026414356966639376,0.002611955215023919,0.0033879528217571095,0.3%,0.3%,0.3%,24,,,56.06872307855222
2024-02-10 00:00:00+00:00,47132.78,48170.0,46800.0,47751.09,24802.35936,1176079377.6922762,1323421,12740.69912,604397015.51796,0.013118685789101692,1.3118685789101692,67525.83,-19774.740000000005,-29.284704830729225,0.002646934243113643,0.0026937181610246037,0.002623569202372745,0.3%,0.3%,0.3%,24,,,56.06872307855222
2024-02-11 00:00:00+00:00,47751.08,48592.66,47557.16,48299.99,29958.80837,1443314885.7714052,1407270,15741.38294,758411879.955689,0.011495025558578842,1.1495025558578842,67525.83,-19225.840000000004,-28.47183070537601,0.003573339891058247,0.0032690941804414107,0.0030043417314249395,0.4%,0.3%,0.3%,24,,,56.06872307855222
2024-02-12 00:00:00+00:00,48300.0,50334.82,47710.01,49917.27,59009.96705,2898220863.0181804,1939394,30797.43359,1512688561.6888654,0.03348406490353306,3.348406490353306,67525.83,-17608.560000000005,-26.076776842283913,0.005225632305818147,0.004677321990093125,0.004064151701135,0.5%,0.5%,0.4%,24,,,56.06872307855222
2024-02-13 00:00:00+00:00,49917.28,50368.61,48300.95,49699.59,55551.56706,2745025370.067447,1741811,28409.79337,1403783512.6809905,-0.004360815405169416,-0.4360815405169416,67525.83,-17826.240000000005,-26.399142372629857,0.004771268899872325,0.004173106687916685,0.0037994248447950807,0.5%,0.4%,0.4%,24,,,56.06872307855222
2024-02-14 00:00:00+00:00,49699.6,52043.71,49225.01,51795.17,57046.37401,2919604456.723313,1859392,29664.5183,1518339681.334602,0.04216493536465804,4.216493536465804,67525.83,-15730.660000000003,-23.295766967988406,0.004437707974134367,0.005005394586561269,0.005443092833950909,0.4%,0.5%,0.5%,24,,,56.06872307855222
2024-02-15 00:00:00+00:00,51795.17,52816.62,51314.0,51880.0,53816.03055,2802825737.9920154,1786569,26722.58656,1391971339.715806,0.001637797501195637,0.1637797501195637,67525.83,-15645.830000000002,-23.170140966797447,0.004366490208857247,0.0051365715315526105,0.005379246606878251,0.4%,0.5%,0.5%,24,,,56.06872307855222
2024-02-16 00:00:00+00:00,51880.01,52572.08,51566.0,52124.11,37772.25318,1965003863.9713342,1583711,18309.89888,952708587.7324988,0.004705281418658558,0.4705281418658558,67525.83,-15401.720000000001,-22.808634858690368,0.005264272142857553,0.005253916717129282,0.005302788576980857,0.5%,0.5%,0.5%,24,,,56.06872307855222
2024-02-17 00:00:00+00:00,52124.1,52162.82,50625.0,51642.64,25674.00622,1319908544.979089,1427773,12655.51593,650426057.1976154,-0.00923699224792518,-0.923699224792518,67525.83,-15883.190000000002,-23.521650900107417,0.005406694207318471,0.005117407469665874,0.005472777773480631,0.5%,0.5%,0.5%,24,,,56.06872307855222
2024-02-18 00:00:00+00:00,51642.64,52377.0,51163.28,52137.67,21992.10363,1139209588.4334626,1375422,11281.34692,584447328.1142722,0.009585683458475325,0.9585683458475325,67525.83,-15388.160000000003,-22.788553654209064,0.005255168851227768,0.005239698079467008,0.005298320099130568,0.5%,0.5%,0.5%,24,,,56.06872307855222
2024-02-19 00:00:00+00:00,52137.68,52488.77,51677.0,51774.73,29534.994319999998,1539600521.6007729,1542990,15266.36204,795825023.6442236,-0.0069611856456185395,-0.696118564561854,67525.83,-15751.099999999999,-23.326036866188836,0.0049003259507587205,0.004983892978729506,0.005454880520858359,0.5%,0.5%,0.5%,24,,,56.06872307855222
2024-02-20 00:00:00+00:00,51774.74,52985.0,50760.37,52258.82,49614.47318,2574874999.3787174,1971912,24994.25062,1297330385.0050933,0.009349928044047662,0.9349928044047662,67525.83,-15267.010000000002,-22.609140828035734,0.006207567675360303,0.005676907760716844,0.005517718391063677,0.6%,0.6%,0.6%,24,,,56.06872307855222
2024-02-21 00:00:00+00:00,52258.82,52366.8,50625.0,51849.39,43079.40049,2210278288.725095,1824860,22239.73293,1140905416.956252,-0.007834658340927003,-0.7834658340927003,67525.83,-15676.440000000002,-23.215471768358864,0.0040281928791750235,0.005044551925848191,0.0053350729829931744,0.4%,0.5%,0.5%,24,,,56.06872307855222
2024-02-22 00:00:00+00:00,51849.38,52065.78,50940.78,51288.42,35309.44574,1820949707.158534,1688184,17830.4673,919599483.9078617,-0.010819220824005882,-1.0819220824005882,67525.83,-16237.410000000003,-24.04622053516411,0.004885838684563831,0.005448699043486377,0.005327791981341597,0.5%,0.5%,0.5%,24,,,56.06872307855222
2024-02-23 00:00:00+00:00,51288.42,51548.54,50521.0,50744.15,30545.79544,1559143576.8296163,1487039,14610.80906,745820955.2560463,-0.010611947102289299,-1.0611947102289299,67525.83,-16781.68,-24.85223802506389,0.005920551864004927,0.005884540487954223,0.005072659952350651,0.6%,0.6%,0.5%,24,,,56.06872307855222
2024-02-24 00:00:00+00:00,50744.15,51698.0,50585.0,51568.22,16560.4211,847793393.571868,855015,8462.15627,433239599.4239887,0.016239704478250294,1.6239704478250294,67525.83,-15957.61,-23.63186057838904,0.005682538920540974,0.005364163013191237,0.005527196040053352,0.6%,0.5%,0.6%,24,,,56.06872307855222
2024-02-25 00:00:00+00:00,51568.21,51958.55,51279.8,51728.85,18721.63159,966951114.4504629,923992,9544.17672,492952522.6816389,0.0031149029382824267,0.31149029382824267,67525.83,-15796.980000000003,-23.393981236513493,0.005047451966034883,0.004940964334859104,0.005403299157830638,0.5%,0.5%,0.5%,24,,,56.06872307855222
2024-02-26 00:00:00+00:00,51728.85,54910.0,50901.44,54476.47,51256.72199,2710403072.980595,1808909,27198.83551,1438371804.1101012,0.05311581448263403,5.311581448263403,67525.83,-13049.36,-19.32499015561897,0.0047637293865357075,0.014136154233452413,0.011477174850705006,0.5%,1.4%,1.1%,24,,,56.06872307855222
2024-02-27 00:00:00+00:00,54476.48,57588.15,54450.13,57037.34,67194.98561999999,3795949115.2249317,2414285,34970.25885,1975472154.5115738,0.04700873606531397,4.700873606531397,67525.83,-10488.490000000005,-15.532559910777854,0.0023658932532631067,0.0026434100226653255,0.004367082200132611,0.2%,0.3%,0.4%,24,,,56.06872307855222
2024-02-28 00:00:00+00:00,57037.35,64000.0,56691.85,62432.1,118763.46984,7162581994.485739,3895062,62066.63936,3742433894.9450765,0.09458295215029322,9.458295215029322,67525.83,-5093.730000000003,-7.5433800665612,0.0033650929759946138,0.0030761653824883523,0.002704720561073989,0.3%,0.3%,0.3%,24,,,56.06872307855222
2024-02-29 00:00:00+00:00,62432.11,63676.35,60364.7,61130.98,78425.07603,4872212871.27608,3169405,39463.06931,2452515504.8686514,-0.020840561185672013,-2.0840561185672013,67525.83,-6394.8499999999985,-9.470227911304452,0.001989830537643733,0.0017317232378955688,0.0027347403570975315,0.2%,0.2%,0.3%,24,,,56.06872307855222
2024-03-01 00:00:00+00:00,61130.99,63114.23,60777.0,62387.9,47737.93473,2956537377.9660296,1947444,24195.70252,1498771144.099956,0.02056109684484042,2.056109684484042,67525.83,-5137.93,-7.608836500047467,0.0035181487570730453,0.0030225184288106667,0.002674992604536347,0.4%,0.3%,0.3%,24,,,56.06872307855222
2024-03-02 00:00:00+00:00,62387.9,62433.19,61561.12,61987.28,25534.73659,1582566973.834093,1641808,12691.37721,786583052.0862726,-0.006421437490282567,-0.6421437490282567,67525.83,-5538.550000000003,-8.20212058111689,0.002199132828595146,0.0023499381886484885,0.002224316587415421,0.2%,0.2%,0.2%,24,,,56.06872307855222
2024-03-03 00:00:00+00:00,61987.28,63231.88,61320.0,63113.97,28994.90903,1804536272.9443457,1992011,14905.186,927868983.7308431,0.018176148396896963,1.8176148396896963,67525.83,-4411.860000000001,-6.533588702278815,0.002038286843645469,0.001970284971455217,0.0027584583425727996,0.2%,0.2%,0.3%,24,,,56.06872307855222
2024-03-04 00:00:00+00:00,63113.97,68499.0,62300.0,68245.71,84835.16005,5568877537.081252,3887853,45319.0864,2974396037.6857204,0.08130909844524137,8.130909844524137,68245.71,0.0,0.0,0.0015823425621337842,0.0015654278689805044,0.001584358867632987,0.2%,0.2%,0.2%,24,,,56.06872307855222
2024-03-05 00:00:00+00:00,68245.71,69000.0,59005.0,63724.01,132696.7813,8674526591.287142,5310706,65991.84526,4318205559.64365,-0.0662561793261438,-6.6256179326143805,68245.71,-4521.700000000004,-6.6256179326143805,0.0023895158828435327,0.0023085864231274004,0.002134755199551331,0.2%,0.2%,0.2%,24,,,56.06872307855222
2024-03-06 00:00:00+00:00,63724.01,67641.1,62779.14,66074.04,78738.85491,5197743036.597276,3302981,40344.32596,2663883160.206962,0.03687825044280779,3.687825044280779,68245.71,-2171.670000000013,-3.182134085790911,0.0023078657150324166,0.002535787678394408,0.002959595521633946,0.2%,0.3%,0.3%,24,,,56.06872307855222
2024-03-07 00:00:00+00:00,66074.04,67980.0,65551.0,66823.17,53059.8869,3548088039.2736087,2428227,27935.66302,1867854683.9820297,0.011337735667442228,1.1337735667442228,68245.71,-1422.5400000000081,-2.084438714169734,0.0018492039085547369,0.0018981778649493051,0.002268740719572138,0.2%,0.2%,0.2%,24,,,56.06872307855222
2024-03-08 00:00:00+00:00,66823.18,69990.0,66082.66,68124.19,74261.932842,5044395324.399055,2943927,37711.514581,2563347797.52868,0.01946959415424332,1.946959415424332,68245.71,-121.52000000000407,-0.1780624745496895,0.0017349917273873374,0.0015880757832334713,0.0015585760928775922,0.2%,0.2%,0.2%,24,,,56.06872307855222
2024-03-09 00:00:00+00:00,68124.2,68541.1,67861.1,68313.27,19872.89743,1355964036.9092987,1345341,10005.592,682720256.0028226,0.002775519239201163,0.2775519239201163,68313.27,0.0,0.0,0.0014832490979175238,0.0016003439889838383,0.0015945576947207808,0.1%,0.2%,0.2%,24,,,56.06872307855222
2024-03-10 00:00:00+00:00,68313.28,69887.61,68094.75,68955.88,38404.66835,2659307501.0945783,2139518,19188.79904,1328747995.9940255,0.009406810711886537,0.9406810711886537,68955.88,0.0,0.0,0.0025100118307449155,0.0024021838810002437,0.002070792294693564,0.3%,0.2%,0.2%,24,,,56.06872307855222
2024-03-11 00:00:00+00:00,68955.88,72800.0,67024.96,72078.1,75292.825726,5352704377.618805,3043414,39435.855459,2803359303.286973,0.04527851721999632,4.527851721999632,72078.1,0.0,0.0,0.006303346592158143,0.005084746935765396,0.0041154346544855025,0.6%,0.5%,0.4%,24,,,56.06872307855222
2024-03-12 00:00:00+00:00,72078.1,73000.0,68620.82,71452.01,68783.546691,4909667978.559339,3047890,34517.212933,2465202174.407226,-0.008686272251904659,-0.8686272251904659,72078.1,-626.0900000000111,-0.8686272251904659,0.003348522482939723,0.0028243922095824584,0.003040322034655927,0.3%,0.3%,0.3%,24,,,56.06872307855222
2024-03-13 00:00:00+00:00,71452.0,73650.25,71333.31,73072.41,52659.711647000004,3829764501.253793,2501197,26787.082237,1948382241.8894603,0.02267815838910625,2.267815838910625,73072.41,0.0,0.0,0.00799092688289063,0.0070238311718690775,0.005519858477156807,0.8%,0.7%,0.6%,24,,,56.06872307855222
2024-03-14 00:00:00+00:00,73072.4,73777.0,68555.0,71388.94,71757.628746,5132189849.096632,2994869,35676.748326,2552190396.8890066,-0.02303838069662678,-2.303838069662678,73072.41,-1683.4700000000012,-2.303838069662678,0.0030688001843665975,0.0026184530909797218,0.0029949070303953856,0.3%,0.3%,0.3%,24,,,56.06872307855222
2024-03-15 00:00:00+00:00,71388.94,72419.71,65600.0,69499.85,103334.03546,7065279917.872111,3904445,49844.66515,3409385750.021177,-0.026461942143979122,-2.6461942143979122,73072.41,-3572.5599999999977,-4.889068254352081,0.0017591817458383245,0.002042135511508087,0.0022233467723828987,0.2%,0.2%,0.2%,24,,,56.06872307855222
2024-03-16 00:00:00+00:00,69499.84,70043.0,64780.0,65300.63,55926.95336,3788544202.8848557,2729019,27240.198940000002,1846731512.2736232,-0.06042056205876711,-6.042056205876712,73072.41,-7771.780000000006,-10.635724208357168,0.0033589014111674266,0.0031213240669256802,0.0028587362199978114,0.3%,0.3%,0.3%,24,,,56.06872307855222
2024-03-17 00:00:00+00:00,65300.64,68904.4,64533.0,68393.48,49742.21589,3322963634.2425127,2449156,25328.29435,1692079618.2113106,0.04736324902225286,4.736324902225286,73072.41,-4678.930000000008,-6.403141760344299,0.0017264275317563178,0.0016703784226280323,0.0015758142268241006,0.2%,0.2%,0.2%,24,,,56.06872307855222
2024-03-18 00:00:00+00:00,68393.47,68956.0,66565.2,67609.99,55691.08088,3768277912.418918,2464515,28529.67219,1930726566.249246,-0.011455624132592601,-1.1455624132592601,73072.41,-5462.419999999998,-7.475352188329354,0.0017963626655987611,0.0016700387808661569,0.001560946695050902,0.2%,0.2%,0.2%,24,,,56.06872307855222
2024-03-19 00:00:00+00:00,67610.0,68124.11,61555.0,61937.4,101005.32487,6484805948.535393,3593832,48205.28434,3095258881.7022734,-0.08390165417862072,-8.390165417862072,73072.41,-11135.010000000002,-15.238323192022818,0.00214055253894135,0.002336754592478187,0.0021918049205994377,0.2%,0.2%,0.2%,24,,,56.06872307855222
2024-03-20 00:00:00+00:00,61937.41,68100.0,60775.0,67840.51,90420.58592,5769770052.062583,3549793,45523.84281,2907222064.1312914,0.09530768162693293,9.530768162693292,73072.41,-5231.900000000009,-7.159884284643148,0.0013906079143763742,0.0015994083006884488,0.001553946522629623,0.1%,0.2%,0.2%,24,,,56.06872307855222
2024-03-21 00:00:00+00:00,67840.51,68240.47,64529.01,65501.27,53357.48002,3551223142.964417,2388390,26650.097859999998,1774833851.2215245,-0.034481462477213065,-3.4481462477213065,73072.41,-7571.140000000007,-10.361147251062341,0.0032951582263863765,0.0032801790976308342,0.0030053343947348565,0.3%,0.3%,0.3%,24,,,56.06872307855222
2024-03-22 00:00:00+00:00,65501.28,66649.62,62260.0,63796.64,51482.37821,3310481978.1076455,2492881,24578.87957,1580940164.1212373,-0.026024380901316868,-2.602438090131687,73072.41,-9275.770000000004,-12.693942898557752,0.0024138569078632683,0.0023027075200639504,0.002137320477582267,0.2%,0.2%,0.2%,24,,,56.06872307855222
2024-03-23 00:00:00+00:00,63796.64,65999.0,63000.0,63990.01,26410.11409,1706152172.6316133,1753566,12749.00823,823892846.714977,0.003031037371247214,0.3031037371247214,73072.41,-9082.400000000001,-12.42931497674704,0.0021513195884167503,0.002255917160712956,0.002185288570560791,0.2%,0.2%,0.2%,24,,,56.06872307855222
2024-03-24 00:00:00+00:00,63990.02,67628.69,63772.29,67209.99,31395.78015,2059312948.6486874,1880774,16689.656170000002,1095820626.0291996,0.05032004214407837,5.032004214407837,73072.41,-5862.419999999998,-8.022754415791134,0.0014672442789476193,0.0014616978968176168,0.001676346444193596,0.1%,0.1%,0.2%,24,,,56.06872307855222
2024-03-25 00:00:00+00:00,67210.0,71150.0,66385.06,69880.01,53431.14486,3679964073.8112125,2632220,27815.58769,1915614174.2397635,0.039726534701165495,3.9726534701165495,73072.41,-3192.4000000000087,-4.3688171773724305,0.002984000795077786,0.0025403469984749956,0.002430729089334585,0.3%,0.3%,0.2%,24,,,56.06872307855222
2024-03-26 00:00:00+00:00,69880.0,71561.1,69280.0,69988.0,38934.38417,2738537345.3358803,2176807,19498.85666,1371708206.538872,0.0015453632591067024,0.15453632591067024,73072.41,-3084.4100000000035,-4.221032261013424,0.0032891080244735584,0.0027672972608974774,0.0024796437858366667,0.3%,0.3%,0.2%,24,,,56.06872307855222
2024-03-27 00:00:00+00:00,69987.99,71769.54,68359.18,69469.99,49119.35685,3426458581.943343,2453366,24902.3347,1737325915.834418,-0.007401411670572067,-0.7401411670572067,73072.41,-3602.4199999999983,-4.929931830632106,0.0017364268870279757,0.0020616374766048223,0.002208248143941526,0.2%,0.2%,0.2%,24,,,56.06872307855222
2024-03-28 00:00:00+00:00,69469.99,71552.06,68903.62,70780.6,35439.03239,2500571208.002628,1799897,18007.26883,1270852446.707745,0.018865844086057848,1.8865844086057848,73072.41,-2291.8099999999977,-3.1363547472979203,0.0025075939574112378,0.003128709846603008,0.0029402361079888008,0.3%,0.3%,0.3%,24,,,56.06872307855222
2024-03-29 00:00:00+00:00,70780.6,70916.16,69009.0,69850.54,25445.08353,1779608477.3224537,1522607,11839.0929,828039936.6854533,-0.01314004119772949,-1.314004119772949,73072.41,-3221.87000000001,-4.409147036480676,0.002966837847918765,0.0025215507170125214,0.002436873085158049,0.3%,0.3%,0.2%,24,,,56.06872307855222
2024-03-30 00:00:00+00:00,69850.53,70321.1,69540.0,69582.18,13644.61142,954555919.6855745,1110488,6423.89367,449436189.73361903,-0.0038419173280550556,-0.38419173280550556,73072.41,-3490.2300000000105,-4.776399190884783,0.001972005069278955,0.0020927217679624303,0.002276826012787536,0.2%,0.2%,0.2%,24,,,56.06872307855222
2024-03-31 00:00:00+00:00,69582.17,71366.0,69562.99,71280.01,19396.34433,1367523707.261245,1181926,10142.47988,715151368.9463022,0.024400356528065048,2.440035652806505,73072.41,-1792.4000000000087,-2.4529093812562186,0.00269483497168778,0.002434758703619431,0.002965867269466986,0.3%,0.2%,0.3%,24,,,56.06872307855222
2024-04-01 00:00:00+00:00,71280.0,71288.23,68062.86,69649.8,41445.32039,2876486469.465523,1893438,20211.15024,1402849944.782289,-0.022870507453632394,-2.2870507453632394,73072.41,-3422.6100000000006,-4.683860844332354,0.0020693850747761184,0.002074666093697654,0.0022117821748439985,0.2%,0.2%,0.2%,24,,,56.06872307855222
2024-04-02 00:00:00+00:00,69649.81,69674.23,64550.0,65463.99,71799.82793,4750030717.922425,2662410,35520.17401,2348263612.3034706,-0.0600979471584987,-6.0097947158498695,73072.41,-7608.4200000000055,-10.412165138661777,0.0033693546655596857,0.0033312396317776217,0.002998006061733353,0.3%,0.3%,0.3%,24,,,56.06872307855222
2024-04-03 00:00:00+00:00,65463.99,66903.63,64493.07,65963.28,39887.21778,2630556596.1359286,2172096,20618.58747,1360363531.1659517,0.007626941162614864,0.7626941162614864,73072.41,-7109.130000000005,-9.728883993288306,0.0022010365703747066,0.002832840587520133,0.003024827314782594,0.2%,0.3%,0.3%,24,,,56.06872307855222
2024-04-04 00:00:00+00:00,65963.27,69309.91,65064.52,68487.79,41510.48453,2795469450.572386,2000945,21013.32173,1415699952.0381584,0.03827144435510177,3.827144435510177,73072.41,-4584.62000000001,-6.274078000164507,0.002111758347704566,0.0017617949969892465,0.001661830478806,0.2%,0.2%,0.2%,24,,,56.06872307855222
2024-04-05 00:00:00+00:00,68487.8,68756.67,65952.56,67820.62,37915.23073,2555458935.2360086,1901980,18889.98453,1273220222.7625887,-0.009741444423889245,-0.9741444423889245,73072.41,-5251.790000000008,-7.187103860403687,0.001382613709091209,0.0015989741918148285,0.0015496554122584707,0.1%,0.2%,0.2%,24,,,56.06872307855222
2024-04-06 00:00:00+00:00,67820.63,69692.0,67447.83,68896.0,20134.28919,1373131967.7648187,1171460,9973.86412,680800856.2096505,0.01585623959202964,1.5856239592029642,73072.41,-4176.4100000000035,-5.715440341984069,0.002223531702598455,0.00232065562702734,0.001975272595511657,0.2%,0.2%,0.2%,24,,,56.06872307855222
2024-04-07 00:00:00+00:00,68896.0,70326.29,68824.0,69360.39,21534.74433,1496213373.1855776,1269048,11149.90398,774906774.5282812,0.006740449372967916,0.6740449372967916,73072.41,-3712.020000000004,-5.079920040956642,0.0022075388709565315,0.0022726546808852117,0.0022458541916643765,0.2%,0.2%,0.2%,24,,,56.06872307855222
2024-04-08 00:00:00+00:00,69360.38,72797.99,69043.24,71620.0,45723.87624,3270853309.6629424,2037025,25309.904870000002,1811209901.716354,0.03257781566683815,3.257781566683815,73072.41,-1452.4100000000035,-1.9876311729693952,0.004015095336963527,0.0032937405792504114,0.0031776103620127154,0.4%,0.3%,0.3%,24,,,56.06872307855222
2024-04-09 00:00:00+00:00,71620.0,71758.19,68210.0,69146.0,39293.90242,2749007421.6421075,1804157,18896.53756,1321865585.2380521,-0.034543423624685876,-3.4543423624685876,73072.41,-3926.4100000000035,-5.373313949820469,0.002427468374617709,0.0023080387744305814,0.002125059103237115,0.2%,0.2%,0.2%,24,,,56.06872307855222
2024-04-10 00:00:00+00:00,69146.0,71172.08,67518.0,70631.08,42006.02377,2901564970.815804,1852170,20269.34809,1401023003.7318227,0.02147745350417951,2.147745350417951,73072.41,-2441.3300000000017,-3.340973699923133,0.002859663384666923,0.003326927618632729,0.002939932611717798,0.3%,0.3%,0.3%,24,,,56.06872307855222
2024-04-11 00:00:00+00:00,70631.08,71305.89,69567.21,70006.23,31917.25595,2247473274.616258,1658995,15908.49124,1120249990.7357526,-0.008846672031632585,-0.8846672031632585,73072.41,-3066.1800000000076,-4.196084404496869,0.0033763149428594832,0.0028355753772054126,0.0025172212352853425,0.3%,0.3%,0.3%,24,,,56.06872307855222
2024-04-12 00:00:00+00:00,70006.22,71227.46,65086.86,67116.52,56072.862290000005,3843551585.3212748,2496617,25935.86464,1777808491.1704543,-0.04127789769567636,-4.127789769567636,73072.41,-5955.889999999999,-8.150668631293257,0.0015827316328885523,0.001405799283442728,0.0018511849776642953,0.2%,0.1%,0.2%,24,,,56.06872307855222
2024-04-13 00:00:00+00:00,67116.52,67929.0,60660.57,63924.51,71395.22019,4614468627.809045,3341340,33221.669499999996,2144846149.680918,-0.047559229828960214,-4.7559229828960214,73072.41,-9147.900000000001,-12.518952091493906,0.0021277580076286364,0.002117197683437408,0.002118294697460934,0.2%,0.2%,0.2%,24,,,56.06872307855222
2024-04-14 00:00:00+00:00,63924.52,65840.0,62134.0,65661.84,61599.17818,3946124834.6970353,2657953,29732.29634,1904847012.5093086,0.027177838359652595,2.7177838359652595,73072.41,-7410.570000000007,-10.1414063119035,0.003384371625638017,0.0033257807910604554,0.003072612552171319,0.3%,0.3%,0.3%,24,,,56.06872307855222
2024-04-15 00:00:00+00:00,65661.85,66867.07,62274.4,63419.99,52389.53069,3398072231.5612235,2539048,25206.680080000002,1634572976.9398127,-0.034142357265650736,-3.4142357265650736,73072.41,-9652.420000000006,-13.209390520991448,0.002229208366680492,0.002170846455501712,0.002389089896745956,0.2%,0.2%,0.2%,24,,,56.06872307855222
2024-04-16 00:00:00+00:00,63419.99,64365.0,61600.0,63793.39,53435.29331,3355338198.4469132,2604354,26041.2664,1635683129.3076532,0.005887733504845949,0.5887733504845949,73072.41,-9279.020000000004,-12.698390541655879,0.0024229194810454252,0.002312805555632652,0.002137143956749954,0.2%,0.2%,0.2%,24,,,56.06872307855222
2024-04-17 00:00:00+00:00,63793.4,64499.0,59678.16,61277.37,50610.54509,3128625247.4738536,2458327,24346.74671,1506361259.7013583,-0.03944013635268473,-3.944013635268473,73072.41,-11795.04,-16.141577922501803,0.0021233339030754567,0.0019020824357889052,0.00218602687242962,0.2%,0.2%,0.2%,24,,,56.06872307855222
2024-04-18 00:00:00+00:00,61277.38,64117.09,60803.35,63470.08,43601.60918,2726741448.886802,2142511,20870.20705,1305027167.9395082,0.03578335689015377,3.5783356890153772,73072.41,-9602.330000000002,-13.140842077057535,0.00222919954115729,0.002095519543995262,0.002294241265539526,0.2%,0.2%,0.2%,24,,,56.06872307855222
2024-04-19 00:00:00+00:00,63470.09,65450.0,59600.01,63818.01,69774.30271,4419893235.183288,2828284,34941.502160000004,2214809735.2402415,0.005481795516879773,0.5481795516879773,73072.41,-9254.400000000001,-12.664697934555601,0.0024099516097699386,0.0023001271961637483,0.0021156401313654465,0.2%,0.2%,0.2%,24,,,56.06872307855222
2024-04-20 00:00:00+00:00,63818.01,65419.0,63090.07,64940.59,23137.42975,1486949581.439479,1376712,11811.8444,759077474.2972904,0.017590332258871744,1.7590332258871744,73072.41,-8131.820000000007,-11.128440953295515,0.0027270774854903485,0.0028053996743606516,0.0025240595046512933,0.3%,0.3%,0.3%,24,,,56.06872307855222
2024-04-21 00:00:00+00:00,64940.58,65695.56,64237.5,64941.15,19316.42152,1254396628.1531765,1390153,9734.71767,632257865.0082499,8.623266280816111e-06,0.0008623266280816111,73072.41,-8131.260000000002,-11.127674590177062,0.0027314797832906535,0.002802956283254706,0.0025247600947168247,0.3%,0.3%,0.3%,24,,,56.06872307855222
2024-04-22 00:00:00+00:00,64941.15,67232.35,64500.0,66819.32,31397.99371,2071690434.976552,1816591,16466.05497,1086399264.6092272,0.028921107802987844,2.8921107802987844,73072.41,-6253.0899999999965,-8.557388486297357,0.0019068477219395003,0.0018980983700628718,0.0022720785576831313,0.2%,0.2%,0.2%,24,,,56.06872307855222
2024-04-23 00:00:00+00:00,66819.32,67183.01,65765.81,66414.0,22599.90004,1502139968.7198818,1433915,10854.17402,721404825.847041,-0.0060659102786441155,-0.6065910278644115,73072.41,-6658.4100000000035,-9.112071163384384,0.0025851283741865996,0.0026201024014401606,0.002867885802490397,0.3%,0.3%,0.3%,24,,,56.06872307855222
2024-04-24 00:00:00+00:00,66414.0,67070.43,63606.06,64289.59,33595.69637,2195714861.6576557,1784897,16899.50969,1104368114.1058698,-0.031987382178456425,-3.1987382178456425,73072.41,-8782.820000000007,-12.01933807848955,0.0023752066753269263,0.002201733108510613,0.002240091178714656,0.2%,0.2%,0.2%,24,,,56.06872307855222
2024-04-25 00:00:00+00:00,64289.58,65297.94,62794.0,64498.34,31341.46338,2007704069.2622728,1375324,14808.62959,948738136.268438,0.003247026462604552,0.3247026462604552,73072.41,-8574.070000000007,-11.733662541032942,0.0027018382439056967,0.002520951414811274,0.0023166351045840286,0.3%,0.3%,0.2%,24,,,56.06872307855222
2024-04-26 00:00:00+00:00,64498.33,64820.01,63297.48,63770.01,27085.19346,1736631357.3537388,1025561,13570.23647,870093757.518899,-0.0112922286061935,-1.12922286061935,73072.41,-9302.400000000001,-12.730386201851019,0.002348024076618127,0.0022383761909106686,0.002099283915123836,0.2%,0.2%,0.2%,24,,,56.06872307855222
2024-04-27 00:00:00+00:00,63770.0,63923.41,62391.24,63461.98,20933.06052,1320337707.7871158,912422,9903.95325,624733409.2112879,-0.004830326982856015,-0.48303269828560147,73072.41,-9610.43,-13.151926972163642,0.0022215495802192157,0.00214943357698849,0.0023341418212281554,0.2%,0.2%,0.2%,24,,,56.06872307855222
2024-04-28 00:00:00+00:00,63461.98,64370.0,62781.0,63118.62,16949.20005,1078450016.4732296,790652,7941.33811,505261267.5695052,-0.0054104835682718955,-0.5410483568271895,73072.41,-9953.79,-13.621817044216822,0.002033545458068312,0.0019432512360927914,0.0027543383718480353,0.2%,0.2%,0.3%,24,,,56.06872307855222
2024-04-29 00:00:00+00:00,63118.62,64228.35,61765.53,63866.0,28150.22947,1765038324.6837213,1152296,13986.59437,877053322.3079969,0.01184087991784355,1.184087991784355,73072.41,-9206.410000000003,-12.599023352315875,0.0021076057802536527,0.0022027935165674817,0.0021096388180196594,0.2%,0.2%,0.2%,24,,,56.06872307855222
2024-04-30 00:00:00+00:00,63866.0,64734.0,59191.6,60672.0,54947.65535,3372142467.4322524,1985671,26385.41614,1620421850.578699,-0.05001096044843889,-5.001096044843889,73072.41,-12400.410000000003,-16.970030138598148,0.0027653119125905473,0.0035065162180675587,0.0034698244693535632,0.3%,0.4%,0.3%,24,,,56.06872307855222
2024-05-01 00:00:00+00:00,60672.01,60841.63,56552.82,58364.97,81166.46823,4705572361.7402,2401089,38203.57377,2213404278.5900106,-0.03802462420886077,-3.802462420886077,73072.41,-14707.440000000002,-20.127213540650978,0.0037697150908468633,0.0031565456851502544,0.00293682100475804,0.4%,0.3%,0.3%,24,,,56.06872307855222
2024-05-02 00:00:00+00:00,58364.97,59625.0,56911.84,59060.61,47583.81961,2778840305.0505786,1572898,23240.753699999997,1356148775.8867366,0.011918793070569533,1.1918793070569533,73072.41,-14011.800000000003,-19.175226326872206,0.002414937852003303,0.0025723707003926385,0.002881550738121414,0.2%,0.3%,0.3%,24,,,56.06872307855222
2024-05-03 00:00:00+00:00,59060.6,63333.0,58811.32,62882.01,43628.40143,2658193708.347904,1558661,22145.44334,1349687455.5957608,0.06470302287768459,6.470302287768459,73072.41,-10190.400000000001,-13.945619146816156,0.0020011909858391155,0.002865930840254372,0.0027663551205534746,0.2%,0.3%,0.3%,24,,,56.06872307855222
2024-05-04 00:00:00+00:00,62882.01,64540.0,62541.03,63892.04,24368.69282,1547468697.8765798,1113509,12671.20599,804768764.3062501,0.016062304624168355,1.6062304624168355,73072.41,-9180.370000000003,-12.563387467308118,0.002120233842891316,0.0020936908005827187,0.002101930201822508,0.2%,0.2%,0.2%,24,,,56.06872307855222
2024-05-05 00:00:00+00:00,63892.03,64646.0,62822.17,64012.0,18526.75029,1182572239.5306182,992921,8954.93439,571783428.2394707,0.0018775421789631874,0.18775421789631874,73072.41,-9060.410000000003,-12.399221539292327,0.0021840987041982195,0.0022543796184151814,0.0021784519028210116,0.2%,0.2%,0.2%,24,,,56.06872307855222
2024-05-06 00:00:00+00:00,64012.0,65500.0,62700.0,63165.19,34674.91949,2218131198.4661326,1392557,17179.56031,1099303474.2805216,-0.013228925826407556,-1.3228925826407556,73072.41,-9907.220000000001,-13.558085739884584,0.0021378589926809785,0.001989708544158969,0.002720375238168989,0.2%,0.2%,0.3%,24,,,56.06872307855222
2024-05-07 00:00:00+00:00,63165.18,64422.41,62261.0,62312.08,25598.794719999998,1624531631.592377,1272898,12502.382810000001,793575994.2141025,-0.013506014942723965,-1.3506014942723965,73072.41,-10760.330000000002,-14.725571525559378,0.0030015225162193294,0.0026490800271861703,0.0024685846303630706,0.3%,0.3%,0.2%,24,,,56.06872307855222
2024-05-08 00:00:00+00:00,62312.07,63020.22,60888.0,61193.03,26121.19004,1623561041.1255188,1415152,12669.58179,787749415.5480814,-0.01795879707433945,-1.795879707433945,73072.41,-11879.380000000005,-16.256997682162122,0.0018580646764316529,0.0017639997762566282,0.0025350014961039286,0.2%,0.2%,0.3%,24,,,56.06872307855222
2024-05-09 00:00:00+00:00,61193.03,63429.03,60630.0,63074.01,30660.806099999998,1895849912.7734754,1381957,15120.01471,935341755.6782354,0.030738468090238502,3.07384680902385,73072.41,-9998.400000000001,-13.682866077634504,0.0020878739639540148,0.0020414687667982385,0.002755133794969582,0.2%,0.2%,0.3%,24,,,56.06872307855222
2024-05-10 00:00:00+00:00,63074.0,63469.13,60187.12,60799.99,36529.34025,2255550468.413852,1500643,18066.83174,1116494638.2804892,-0.03605320162773862,-3.605320162773862,73072.41,-12272.420000000006,-16.79487511086606,0.0022433961458215583,0.002861268034789339,0.003455875893963505,0.2%,0.3%,0.3%,24,,,56.06872307855222
2024-05-11 00:00:00+00:00,60799.99,61515.0,60487.09,60825.99,13374.56936,814928013.4573288,753281,6223.09555,379263096.215133,0.0004276316492815013,0.04276316492815013,73072.41,-12246.420000000006,-16.759293966081046,0.0019826972410818514,0.0024695012183325337,0.0034257832947932982,0.2%,0.2%,0.3%,24,,,56.06872307855222
2024-05-12 00:00:00+00:00,60825.99,61888.0,60610.0,61483.99,12753.13236,781041632.4623835,727113,6416.91108,393132351.8883925,0.010817744191257805,1.0817744191257805,73072.41,-11588.420000000006,-15.858817301906436,0.002448831853937348,0.0022190295650462754,0.0020996696219068916,0.2%,0.2%,0.2%,24,,,56.06872307855222
2024-05-13 00:00:00+00:00,61484.0,63450.0,60749.21,62940.08,32733.418390000003,2041896626.6108146,1371433,16717.90863,1043060982.3574601,0.02368242529478004,2.368242529478004,73072.41,-10132.330000000002,-13.866150028444391,0.0018268371781942016,0.0024712535832969403,0.002757978120758129,0.2%,0.2%,0.3%,24,,,56.06872307855222
2024-05-14 00:00:00+00:00,62940.09,63118.36,61142.77,61577.49,29088.720409999998,1800171876.1676655,1127939,13815.81443,855088066.212488,-0.021649003306001613,-2.1649003306001613,73072.41,-11494.920000000006,-15.730862031237237,0.002520165125801559,0.0023373496097921793,0.002072872055612675,0.3%,0.2%,0.2%,24,,,56.06872307855222
2024-05-15 00:00:00+00:00,61577.49,66444.16,61319.47,66206.5,43559.74719,2794259631.8910465,1729454,21797.84094,1398781701.4413886,0.0751737363767182,7.51737363767182,73072.41,-6865.9100000000035,-9.396036068880175,0.002653894392742079,0.002446215349203772,0.002943210743312218,0.3%,0.2%,0.3%,24,,,56.06872307855222
2024-05-16 00:00:00+00:00,66206.51,66752.01,64602.77,65235.21,31106.3671,2045507646.8293848,1269793,15645.11263,1028962305.104384,-0.014670613912531216,-1.4670613912531216,73072.41,-7837.200000000004,-10.725251842658546,0.0032673397245691245,0.0031029816370828113,0.0028222620733405275,0.3%,0.3%,0.3%,24,,,56.06872307855222
2024-05-17 00:00:00+00:00,65235.21,67451.2,65106.38,67024.0,26292.234089999998,1745971822.3447454,1117254,13301.09525,883129353.163343,0.027420621471134998,2.7420621471135,73072.41,-6048.4100000000035,-8.277282766505179,0.0014457806396538254,0.001622115109144058,0.001973098466447909,0.1%,0.2%,0.2%,24,,,56.06872307855222
2024-05-18 00:00:00+00:00,67024.0,67400.01,66600.0,66915.2,14441.257740000001,967145944.6835316,734067,6911.13424,462859253.5879108,-0.0016232991167343114,-0.16232991167343114,73072.41,-6157.210000000006,-8.426176172374777,0.0014070581389709668,0.001734568151838321,0.0022130669527231847,0.1%,0.2%,0.2%,24,,,56.06872307855222
2024-05-19 00:00:00+00:00,66915.2,67700.0,65857.25,66274.01,18025.30409,1204989222.8768687,823729,8692.17507,581378180.3374597,-0.009582127827459264,-0.9582127827459264,73072.41,-6798.400000000009,-9.303648257940322,0.0027678701527381892,0.002472937709285725,0.002953175548254424,0.3%,0.2%,0.3%,24,,,56.06872307855222
2024-05-20 00:00:00+00:00,66274.0,71515.56,66060.31,71446.62,50816.7011,3485474763.752294,1930939,26792.52994,1839346667.5407891,0.07804884599558704,7.8048845995587035,73072.41,-1625.7900000000081,-2.2249026684627027,0.0033501371756908586,0.002822410029471017,0.0030394466890479323,0.3%,0.3%,0.3%,24,,,56.06872307855222
2024-05-21 00:00:00+00:00,71446.62,71979.0,69162.94,70148.34,49607.433600000004,3509345769.233608,2137448,24686.27911,1746693652.328722,-0.018171328468722492,-1.8171328468722492,73072.41,-2924.070000000007,-4.001606078135378,0.0032948664493034708,0.0030381679769726977,0.002594999664449208,0.3%,0.3%,0.3%,24,,,56.06872307855222
2024-05-22 00:00:00+00:00,70148.34,70666.0,68842.19,69166.62,27673.18026,1931700812.3032143,1371973,13124.78731,916344293.9104757,-0.013994914206095221,-1.3994914206095221,73072.41,-3905.790000000008,-5.345095364994812,0.0023638183443526043,0.002298911004275556,0.0021277845942900245,0.2%,0.2%,0.2%,24,,,56.06872307855222
2024-05-23 00:00:00+00:00,69166.62,70096.12,66312.16,67969.65,40513.17374,2766790260.7886024,1827855,19791.15119,1351640092.5813658,-0.017305602037514634,-1.7305602037514634,73072.41,-5102.760000000009,-6.983155475507119,0.0015138516713625303,0.0014842447614209025,0.0015739193601425347,0.2%,0.1%,0.2%,24,,,56.06872307855222
2024-05-24 00:00:00+00:00,67969.66,69250.0,66600.12,68549.99,28095.83664,1906438696.7156012,1165907,14344.29889,973457354.6957756,0.008538222574340226,0.8538222574340226,73072.41,-4522.419999999998,-6.1889569537941895,0.0021824743001027155,0.0018641649299322605,0.0017021417948374154,0.2%,0.2%,0.2%,24,,,56.06872307855222
2024-05-25 00:00:00+00:00,68549.99,69610.0,68500.0,69290.57,12130.39418,837339788.9838961,703803,5851.95991,403954862.6694792,0.010803502670095222,1.0803502670095222,73072.41,-3781.8399999999965,-5.175469099760077,0.0022523075707854973,0.002359758885113006,0.002217432163778623,0.2%,0.2%,0.2%,24,,,56.06872307855222
2024-05-26 00:00:00+00:00,69290.56,69562.23,68128.01,68507.67,11872.11797,818914878.9908898,722849,5934.62083,409411078.5460924,-0.011298795781301996,-1.1298795781301996,73072.41,-4564.740000000005,-6.246872109459655,0.002079021730773954,0.0017750605337438369,0.0016715408974818746,0.2%,0.2%,0.2%,24,,,56.06872307855222
2024-05-27 00:00:00+00:00,68507.67,70687.56,68250.0,69436.43,23136.92737,1604722197.8374028,1219341,11709.62174,812172288.2576373,0.01355702215532939,1.355702215532939,73072.41,-3635.9800000000105,-4.9758588775161705,0.0019699126785615033,0.002130755880385201,0.002240989121030118,0.2%,0.2%,0.2%,24,,,56.06872307855222
2024-05-28 00:00:00+00:00,69436.43,69591.81,67277.91,68398.39,32622.97042,2224860225.7992225,1459351,15543.09776,1059920452.3146172,-0.014949501292044975,-1.4949501292044975,73072.41,-4674.020000000004,-6.39642239800221,0.0017251277706540908,0.001673128088290833,0.0015729214589020857,0.2%,0.2%,0.2%,24,,,56.06872307855222
2024-05-29 00:00:00+00:00,68398.4,68935.68,67124.65,67652.42,23159.83149,1573095221.6483984,1221044,11748.55954,797928379.3669178,-0.010906250863507161,-1.090625086350716,73072.41,-5419.990000000005,-7.417286497051356,0.0017827302468096996,0.0015553652806734976,0.0015656502397183737,0.2%,0.2%,0.2%,24,,,56.06872307855222
2024-05-30 00:00:00+00:00,67652.41,69500.0,67128.0,68352.17,28478.2184,1945001081.5215867,1272851,14074.366549999999,961595245.1787834,0.01034331070492378,1.034331070492378,73072.41,-4720.240000000005,-6.459674725385412,0.001451246138960898,0.001595951790695445,0.0015279776250245434,0.1%,0.2%,0.2%,24,,,56.06872307855222
2024-05-31 00:00:00+00:00,68352.17,69044.1,66670.0,67540.01,26690.32184,1812659052.2496767,1177860,13258.10182,900414200.1161768,-0.011881992919902995,-1.1881992919902995,73072.41,-5532.400000000009,-7.571120208023807,0.0016337218992494508,0.0016472270081280722,0.0015361253003201203,0.2%,0.2%,0.2%,24,,,56.06872307855222
2024-06-01 00:00:00+00:00,67540.01,67900.0,67428.44,67766.85,8837.66133,598305207.9932046,638484,4235.27045,286752060.4028929,0.0033586018124664996,0.33586018124664996,73072.41,-5305.559999999998,-7.260688404830217,0.0014048091509992868,0.0015789039481219887,0.0015470182601249368,0.1%,0.2%,0.2%,24,,,56.06872307855222
2024-06-02 00:00:00+00:00,67766.84,68460.0,67257.47,67765.63,15426.32529,1046827665.3829312,812348,7760.23377,526768921.1262222,-1.8002902599123516e-05,-0.0018002902599123516,73072.41,-5306.779999999999,-7.262357981623979,0.0014050159081916457,0.0015791480814703119,0.0015477327633095339,0.1%,0.2%,0.2%,24,,,56.06872307855222
2024-06-03 00:00:00+00:00,67765.62,70288.0,67612.48,68809.9,29633.374,2047757076.2268357,1253789,15308.67275,1058024704.3533732,0.015410024226145236,1.5410024226145236,73072.41,-4262.510000000009,-5.833268671445224,0.0024639618890342483,0.0022864983830397914,0.0019543520953289157,0.2%,0.2%,0.2%,24,,,56.06872307855222
2024-06-04 00:00:00+00:00,68809.89,71063.45,68567.32,70537.84,29619.78489,2069902136.99324,1254515,14922.967340000001,1043071241.6284808,0.025111793506457758,2.511179350645776,73072.41,-2534.570000000007,-3.4685731591444835,0.0036264107630949016,0.003470462116492828,0.0029458143280881527,0.4%,0.3%,0.3%,24,,,56.06872307855222
2024-06-05 00:00:00+00:00,70537.83,71758.0,70383.66,71108.0,28703.18082,2040073765.8676395,1055115,14210.23392,1010053925.7910814,0.00808303741651284,0.8083037416512839,73072.41,-1964.4100000000035,-2.688306024120468,0.0021648675649322308,0.002315130326541444,0.0029373391312877356,0.2%,0.2%,0.3%,24,,,56.06872307855222
2024-06-06 00:00:00+00:00,71108.0,71700.0,70117.64,70799.06,21842.00449,1551467659.1542966,900226,10287.3911,730849194.230399,-0.004344658828823844,-0.4344658828823844,73072.41,-2273.350000000006,-3.1110921345005704,0.0024526408245569065,0.003083497216284187,0.002937863560484572,0.2%,0.3%,0.3%,24,,,56.06872307855222
2024-06-07 00:00:00+00:00,70799.06,71997.02,68420.0,69355.6,35598.450450000004,2507250591.3329782,1516415,17318.78051,1220810920.344433,-0.020388123797123736,-2.0388123797123736,73072.41,-3716.8099999999977,-5.08647518263049,0.0022106655014992086,0.002273760859315865,0.002246551192908449,0.2%,0.2%,0.2%,24,,,56.06872307855222
2024-06-08 00:00:00+00:00,69355.6,69582.2,69168.02,69310.46,9773.82967,678267390.5310388,714103,4772.23036,331182466.9003425,-0.0006508486697541782,-0.06508486697541782,73072.41,-3761.949999999997,-5.1482495239995485,0.0022695059908594156,0.002252005898808948,0.00222438188913131,0.2%,0.2%,0.2%,24,,,56.06872307855222
2024-06-09 00:00:00+00:00,69310.46,69857.14,69130.24,69648.14,9890.56709,687344656.0725566,575583,4883.69296,339405376.0815447,0.004871991904252138,0.48719919042521376,73072.41,-3424.270000000004,-4.6861325635763285,0.00206994393395499,0.0020736294889701374,0.0022132990548885964,0.2%,0.2%,0.2%,24,,,56.06872307855222
2024-06-10 00:00:00+00:00,69648.15,70195.94,69172.29,69540.0,17122.66941,1192466549.9691226,936731,8412.00246,585909223.775813,-0.0015526617078359672,-0.15526617078359672,73072.41,-3532.4100000000035,-4.83412275577062,0.001912675909219598,0.0021195524771238728,0.002258620494059159,0.2%,0.2%,0.2%,24,,,56.06872307855222
2024-06-11 00:00:00+00:00,69540.0,69590.01,66051.0,67314.24,41436.01588,2793799020.4691243,1782415,19839.8232,1337254654.9989924,-0.032006902502156986,-3.2006902502156986,73072.41,-5758.169999999998,-7.880087710258898,0.001671288676851233,0.0016270823648593523,0.0016688120338797952,0.2%,0.2%,0.2%,24,,,56.06872307855222
2024-06-12 00:00:00+00:00,67314.23,69999.0,66905.0,68263.99,37175.32356,2550285139.184372,1670745,18975.89081,1302069589.6416814,0.014109198885703833,1.4109198885703833,73072.41,-4808.419999999998,-6.580349546429353,0.0013269803518964104,0.001565610016172829,0.0015825412461970556,0.1%,0.2%,0.2%,24,,,56.06872307855222
2024-06-13 00:00:00+00:00,68263.98,68449.3,66251.78,66773.01,29079.55571,1958897960.9172916,1518202,13886.14007,935614189.6986811,-0.021841383722223218,-2.1841383722223218,73072.41,-6299.400000000009,-8.620763979181756,0.002012137586847924,0.002072137141987082,0.0023234464111339284,0.2%,0.2%,0.2%,24,,,56.06872307855222
2024-06-14 00:00:00+00:00,66773.01,67370.24,65078.0,66043.99,28408.18797,1884451554.428285,1736314,13619.40861,903708200.7849749,-0.010917884336799966,-1.0917884336799966,73072.41,-7028.419999999998,-9.618431908842195,0.002233660982226958,0.002597900927591509,0.0029856055476576607,0.2%,0.3%,0.3%,24,,,56.06872307855222
2024-06-15 00:00:00+00:00,66043.99,66478.48,65857.1,66228.25,11451.80242,758175888.0283372,700886,5495.02083,363796116.4535752,0.0027899586321176173,0.27899586321176173,73072.41,-6844.1600000000035,-9.366271072761945,0.002579459214739606,0.002398192514367912,0.002933939002407065,0.3%,0.2%,0.3%,24,,,56.06872307855222
2024-06-16 00:00:00+00:00,66228.25,66998.7,66034.5,66676.87,9392.52223,624653672.6138575,703295,4750.05166,315940653.9926121,0.006773846508098869,0.6773846508098869,73072.41,-6395.540000000008,-8.752332104552195,0.0017798260532403145,0.0022255204003891835,0.002330915177509514,0.2%,0.2%,0.2%,24,,,56.06872307855222
2024-06-17 00:00:00+00:00,66676.86,67298.81,65130.0,66504.33,27386.16851,1812061226.7565656,1542620,13716.89431,907703353.5304953,-0.002587703951910103,-0.2587703951910103,73072.41,-6568.080000000002,-8.988454055367823,0.0023307231344124506,0.00256568389724904,0.0027493082491563104,0.2%,0.3%,0.3%,24,,,56.06872307855222
2024-06-18 00:00:00+00:00,66504.33,66588.23,64060.0,65175.32,42350.10244,2755141806.0310903,2151711,20076.41361,1305946733.5892808,-0.019983811580388866,-1.9983811580388866,73072.41,-7897.090000000004,-10.80721164116526,0.003184847188485848,0.0031171405236861956,0.0027662468721508376,0.3%,0.3%,0.3%,24,,,56.06872307855222
2024-06-19 00:00:00+00:00,65175.32,65727.54,64666.0,64974.37,20060.79576,1307731953.9545317,1078458,10289.7818,670875724.3137283,-0.0030832222994838787,-0.30832222994838787,73072.41,-8098.040000000001,-11.082212835186356,0.0027587331577713834,0.0028328946284936207,0.0025467087900513225,0.3%,0.3%,0.3%,24,,,56.06872307855222
2024-06-20 00:00:00+00:00,64974.37,66482.94,64559.15,64869.99,24265.29031,1584896152.1663702,1282687,11828.87934,772646071.2169966,-0.0016064796011104887,-0.16064796011104887,73072.41,-8202.420000000006,-11.22505744644251,0.002963256257544231,0.0028387643419550664,0.002557353970188226,0.3%,0.3%,0.3%,24,,,56.06872307855222
2024-06-21 00:00:00+00:00,64869.99,65066.66,63379.35,64143.56,25993.56442,1665541539.708616,1362617,12543.2596,803462610.6919086,-0.011198244365383747,-1.1198244365383747,73072.41,-8928.850000000006,-12.219180946680153,0.0022597003415440403,0.0021909322263293516,0.0021540014042226267,0.2%,0.2%,0.2%,24,,,56.06872307855222
2024-06-22 00:00:00+00:00,64143.56,64546.81,63943.82,64262.01,7308.95542,470027247.3402083,562832,3756.29045,241583895.4543618,0.0018466390078755168,0.18466390078755168,73072.41,-8810.400000000001,-12.057081462073038,0.002306158999130246,0.002244361309577047,0.002232613383908641,0.2%,0.2%,0.2%,24,,,56.06872307855222
2024-06-23 00:00:00+00:00,64262.01,64521.0,63178.32,63210.01,8224.45447,526848525.0029452,592759,3974.67964,254685735.5338773,-0.016370480786393027,-1.6370480786393027,73072.41,-9862.400000000001,-13.496749320297496,0.0019945826127744856,0.0019365640940720542,0.0026273049858994923,0.2%,0.2%,0.3%,24,,,56.06872307855222
2024-06-24 00:00:00+00:00,63210.01,63369.8,58402.0,60293.3,52161.35414,3180853460.924751,2190787,24495.59428,1493633137.5266542,-0.04614316624851034,-4.614316624851034,73072.41,-12779.11,-17.488283197447572,0.004205272932593411,0.00414503428194188,0.003434104089456014,0.4%,0.4%,0.3%,24,,,56.06872307855222
2024-06-25 00:00:00+00:00,60293.3,62420.0,60257.06,61806.01,31189.24361,1914901308.84587,1277481,15360.08458,943071608.5109415,0.025089189014368074,2.5089189014368074,73072.41,-11266.400000000001,-15.418131138688329,0.0022054272428676607,0.002360447797200542,0.0021149135421510827,0.2%,0.2%,0.2%,24,,,56.06872307855222
2024-06-26 00:00:00+00:00,61806.01,62487.81,60712.0,60864.99,22485.66463,1381716993.3554919,1112152,11435.02653,702676210.4365481,-0.015225380185519222,-1.5225380185519222,73072.41,-12207.420000000006,-16.705922248903526,0.0017134526690326056,0.0023433980097948303,0.0034023143567058225,0.2%,0.2%,0.3%,24,,,56.06872307855222
2024-06-27 00:00:00+00:00,60864.98,62389.22,60606.63,61706.47,18344.28631,1126705164.782892,1062176,9298.265,570914131.0571834,0.013825353458531753,1.3825353458531753,73072.41,-11365.940000000002,-15.554352182992194,0.002535369256073334,0.0023916922753589092,0.00211864399472399,0.3%,0.2%,0.2%,24,,,56.06872307855222
2024-06-28 00:00:00+00:00,61706.46,62225.31,60063.0,60427.84,24821.19255,1519872032.026636,1479626,12661.53908,775499790.7912346,-0.020721165868020086,-2.0721165868020086,73072.41,-12644.570000000007,-17.304164458240813,0.00398337749669839,0.004059660483578586,0.0034379313075712952,0.4%,0.4%,0.3%,24,,,56.06872307855222
2024-06-29 00:00:00+00:00,60427.84,61224.0,60383.77,60986.68,11509.55904,701345872.4881144,767669,5461.68911,332791254.6908993,0.009248055201046546,0.9248055201046546,73072.41,-12085.730000000003,-16.539388806253964,0.001564734570244562,0.0018887662534870235,0.0031630009338651788,0.2%,0.2%,0.3%,24,,,56.06872307855222
2024-06-30 00:00:00+00:00,60986.68,63058.76,60712.21,62772.01,17326.30136,1070250012.5446604,1108912,8224.44601,508208752.0856987,0.029274097229099905,2.9274097229099905,73072.41,-10300.400000000001,-14.09615475936814,0.00241848105240638,0.0031563813856894506,0.002807056086826053,0.2%,0.3%,0.3%,24,,,56.06872307855222
2024-07-01 00:00:00+00:00,62772.01,63861.76,62497.2,62899.99,24547.10538,1550980813.6701345,1461508,12388.60654,782785773.8355592,0.002038806786655245,0.2038806786655245,73072.41,-10172.420000000006,-13.921013416691752,0.0019088515262967475,0.0025642248264347365,0.0027571822878321253,0.2%,0.3%,0.3%,24,,,56.06872307855222
2024-07-02 00:00:00+00:00,62900.0,63288.83,61806.28,62135.47,18573.11875,1160792332.6175597,1308816,9453.17931,590763216.5799825,-0.01215453293394797,-1.215453293394797,73072.41,-10936.940000000002,-14.967263294039434,0.0027513914874959,0.0024789660688878555,0.002364289269693447,0.3%,0.2%,0.2%,24,,,56.06872307855222
2024-07-03 00:00:00+00:00,62135.46,62285.94,59400.0,60208.58,32160.11127,1945901232.9066572,1839372,15055.45492,910631739.6738483,-0.031011111688702075,-3.1011111688702075,73072.41,-12863.830000000002,-17.604222989223985,0.0036994444080890583,0.0037414594564388393,0.003216930681585478,0.4%,0.4%,0.3%,24,,,56.06872307855222
2024-07-04 00:00:00+00:00,60208.57,60498.19,56771.0,57050.01,54568.77276,3168619756.2436485,2523236,24982.98822,1450509608.6804218,-0.05246046327616427,-5.246046327616427,73072.41,-16022.400000000001,-21.92674362320881,0.0023417246399356742,0.0026448290678479647,0.004352459056393589,0.2%,0.3%,0.4%,24,,,56.06872307855222
2024-07-05 00:00:00+00:00,57050.02,57546.0,53485.93,56628.79,81348.24756,4515040083.536515,3749255,37926.65162,2104682004.5166821,-0.007383346646214428,-0.7383346646214428,73072.41,-16443.620000000003,-22.503185538837435,0.0033684053558125167,0.004086897252983452,0.004966824512305612,0.3%,0.4%,0.5%,24,,,56.06872307855222
2024-07-06 00:00:00+00:00,56628.79,58475.0,56018.0,58230.13,21651.31558,1235398733.4357028,1411065,11083.50401,632724011.5474728,0.02827784241902398,2.827784241902398,73072.41,-14842.280000000006,-20.311742831528345,0.0028571702151992,0.0025857809538203298,0.002670772900571761,0.3%,0.3%,0.3%,24,,,56.06872307855222
2024-07-07 00:00:00+00:00,58230.13,58449.46,55724.37,55857.81,19118.93918,1094135752.452869,1289229,9081.66872,519830378.93556297,-0.040740420809639244,-4.074042080963924,73072.41,-17214.600000000006,-23.558275962158636,0.006116281943165933,0.005527097767284231,0.00597346048121276,0.6%,0.6%,0.6%,24,,,56.06872307855222
2024-07-08 00:00:00+00:00,55857.81,58236.73,54260.16,56714.62,48090.2049,2699942701.375511,2554389,23963.90684,1346497811.2117922,0.015339126256471713,1.5339126256471713,73072.41,-16357.79,-22.385726705879826,0.003209599679012166,0.003647692892451054,0.0049451417686656885,0.3%,0.4%,0.5%,24,,,56.06872307855222
2024-07-09 00:00:00+00:00,56714.61,58296.0,56289.45,58050.0,27732.20788,1592351321.655387,1757693,14143.25001,812249336.7493434,0.023545604290392763,2.3545604290392763,73072.41,-15022.410000000003,-20.558251739610068,0.002367131716418334,0.0023998013539596992,0.0027000260137443385,0.2%,0.2%,0.3%,24,,,56.06872307855222
2024-07-10 00:00:00+00:00,58050.0,59470.0,57157.79,57725.85,24951.73799,1452293495.6501489,1766696,12423.53162,723209557.6496755,-0.005583979328165345,-0.5583979328165345,73072.41,-15346.560000000005,-21.001852819689404,0.0030832446143954717,0.0027599819261974515,0.0027723616728137414,0.3%,0.3%,0.3%,24,,,56.06872307855222
2024-07-11 00:00:00+00:00,57725.85,59650.0,57050.0,57339.89,29761.05735,1728929618.0583844,2157661,15019.30135,872986677.1195272,-0.0066860860429079905,-0.668608604290799,73072.41,-15732.520000000004,-21.530041228967267,0.002620873204327721,0.0027578815091865933,0.00314294432467963,0.3%,0.3%,0.3%,24,,,56.06872307855222
2024-07-12 00:00:00+00:00,57339.89,58526.68,56542.47,57889.1,23652.4569,1360201319.0761504,1749738,11488.82545,661028735.6644312,0.009578148824491928,0.9578148824491928,73072.41,-15183.310000000005,-20.778444285606568,0.0024895125853809635,0.0027231130443075547,0.002689624124295066,0.2%,0.3%,0.3%,24,,,56.06872307855222
2024-07-13 00:00:00+00:00,57889.09,59850.0,57756.63,59204.02,15357.74519,900429281.1482327,1114391,7889.36244,462600767.8610776,0.02271446610847283,2.271446610847283,73072.41,-13868.390000000007,-18.97896894327148,0.002500673501285515,0.0025998104597871534,0.002955851717412385,0.3%,0.3%,0.3%,24,,,56.06872307855222
2024-07-14 00:00:00+00:00,59204.01,61420.69,59194.01,60797.91,21178.339069999998,1273562988.611176,1456088,10479.46025,630300143.2598463,0.026921989418961845,2.6921989418961845,73072.41,-12274.5,-16.797721602448856,0.0022493305392587222,0.002863326219938063,0.0034541985194219684,0.2%,0.3%,0.3%,24,,,56.06872307855222
2024-07-15 00:00:00+00:00,60797.91,64900.0,60632.3,64724.14,38690.9782,2435540879.0289335,2600425,19076.54212,1201411783.6666038,0.06457837119729937,6.457837119729937,73072.41,-8348.270000000004,-11.424653983630762,0.003028413387097186,0.0027541696473128256,0.002506388884906487,0.3%,0.3%,0.3%,24,,,56.06872307855222
2024-07-16 00:00:00+00:00,64724.06,65388.97,62373.24,65043.99,42530.52915,2725231969.2884507,2484783,21595.04799,1384337933.3310027,0.0049417419837483045,0.49417419837483045,73072.41,-8028.4200000000055,-10.986937477496639,0.003309853046851153,0.0031026601699141983,0.002690302093089925,0.3%,0.3%,0.3%,24,,,56.06872307855222
2024-07-17 00:00:00+00:00,65044.0,66128.63,63854.0,64087.99,29567.52954,1922412273.0882094,1868671,14616.17013,950725865.5856608,-0.014697745325894074,-1.4697745325894074,73072.41,-8984.420000000006,-12.295228801130287,0.0021318056334837885,0.00213602137720713,0.0021563990223811363,0.2%,0.2%,0.2%,24,,,56.06872307855222
2024-07-18 00:00:00+00:00,64087.99,65133.3,63238.48,63987.92,22568.7225,1449872437.6497972,1696742,11288.35191,725073622.705674,-0.001561447004345129,-0.1561447004345129,73072.41,-9084.490000000005,-12.432175153385527,0.0021567743445891846,0.0022529255068333524,0.0021836666018510064,0.2%,0.2%,0.2%,24,,,56.06872307855222
2024-07-19 00:00:00+00:00,63987.92,67386.0,63300.67,66660.0,35634.72739,2331517674.368659,2184889,17971.069489999998,1176753281.038326,0.041759132036171875,4.1759132036171875,73072.41,-6412.4100000000035,-8.775418793495394,0.0018747820823440018,0.002248183691971043,0.002462553547043706,0.2%,0.2%,0.2%,24,,,56.06872307855222
2024-07-20 00:00:00+00:00,66660.01,67598.0,66222.46,67139.96,14386.92434,961878801.8482211,995093,6868.63454,459313955.2534891,0.007200120012001321,0.7200120012001321,73072.41,-5932.449999999997,-8.118590860763996,0.0014692002695009686,0.0014042014686035079,0.0017978181347244812,0.1%,0.1%,0.2%,24,,,56.06872307855222
2024-07-21 00:00:00+00:00,67139.97,68366.66,65777.0,68165.34,21819.11191,1465757867.9747431,1322942,11412.05459,766856991.8425376,0.015272276003738927,1.5272276003738927,73072.41,-4907.070000000007,-6.715352620777127,0.0017218432753167336,0.0016145378553109459,0.0015664258497611087,0.2%,0.2%,0.2%,24,,,56.06872307855222
2024-07-22 00:00:00+00:00,68165.35,68474.55,66559.97,67532.01,21451.04303,1448418369.8467097,1558140,10263.9504,693063991.1191068,-0.009291085469536275,-0.9291085469536275,73072.41,-5540.400000000009,-7.582068252573038,0.0016261495377391869,0.0016511802866858052,0.00154757708000565,0.2%,0.2%,0.2%,24,,,56.06872307855222
2024-07-23 00:00:00+00:00,67532.0,67750.98,65441.08,65936.01,31406.15316,2088544473.3235075,1772089,15168.84798,1008794779.0389912,-0.023633237038257815,-2.3633237038257815,73072.41,-7136.400000000009,-9.766203140145524,0.002197247347942231,0.0028707465791799674,0.0030161204507358277,0.2%,0.3%,0.3%,24,,,56.06872307855222
2024-07-24 00:00:00+00:00,65936.0,67102.01,65111.0,65376.0,23082.56277,1526490826.4669967,1391053,10827.75551,716084205.2016414,-0.00849323457697837,-0.849323457697837,73072.41,-7696.4100000000035,-10.53257994364768,0.003550558618731998,0.003186356975686821,0.002933148540323402,0.4%,0.3%,0.3%,24,,,56.06872307855222
2024-07-25 00:00:00+00:00,65376.01,66175.49,63456.7,65799.95,35126.42934,2266419771.224864,1830360,16579.45258,1070150879.3639548,0.006484795643661334,0.6484795643661334,73072.41,-7272.460000000006,-9.95240200781664,0.002709933881557389,0.0032988563593959247,0.0030460872822376424,0.3%,0.3%,0.3%,24,,,56.06872307855222
2024-07-26 00:00:00+00:00,65799.95,68200.0,65722.63,67907.99,24244.36023,1630839588.6966548,1406982,12444.52129,837159298.5663502,0.0320371064111753,3.20371064111753,73072.41,-5164.419999999998,-7.0675375288703375,0.0013947846797063312,0.00142980365635176,0.0015533179511022647,0.1%,0.1%,0.2%,24,,,56.06872307855222
2024-07-27 00:00:00+00:00,67908.0,69399.99,66650.0,67896.5,31710.21921,2162335067.0234175,1690591,15838.9282,1080427116.1916444,-0.00016919953012906053,-0.016919953012906053,73072.41,-5175.9100000000035,-7.0832616578541785,0.001397870748889249,0.0014779695335304746,0.0015632744882468192,0.1%,0.1%,0.2%,24,,,56.06872307855222
2024-07-28 00:00:00+00:00,67896.49,68318.43,67066.66,68249.88,10868.693940000001,736755676.1377451,821210,5403.48694,366295409.635027,0.005204686544961978,0.5204686544961978,73072.41,-4822.529999999999,-6.5996591600030685,0.0014915837310630438,0.001565892295922951,0.0015839527709791239,0.1%,0.2%,0.2%,24,,,56.06872307855222
2024-07-29 00:00:00+00:00,68249.88,70079.99,66428.0,66784.69,36467.29633,2499265962.091455,1952812,18196.23316,1248743452.5576787,-0.02146802309396001,-2.146802309396001,73072.41,-6287.720000000001,-8.604779834139864,0.002068325676962284,0.0019740634724218086,0.002308326039649539,0.2%,0.2%,0.2%,24,,,56.06872307855222
2024-07-30 00:00:00+00:00,66784.68,67000.0,65302.67,66188.0,23132.25441,1533270724.799421,1622083,11096.82554,735708436.0236866,-0.008934532749946156,-0.8934532749946156,73072.41,-6884.4100000000035,-9.42135342190028,0.0025859716819323897,0.002414235235932838,0.002961725034783597,0.3%,0.2%,0.3%,24,,,56.06872307855222
2024-07-31 00:00:00+00:00,66188.0,66849.24,64530.0,64628.0,22625.43905,1489443332.5960116,1609976,10818.48504,712275323.706937,-0.023569227050220576,-2.3569227050220576,73072.41,-8444.410000000003,-11.556222109001201,0.0029108485608509427,0.0026604050616697373,0.002436160887276395,0.3%,0.3%,0.2%,24,,,56.06872307855222
2024-08-01 00:00:00+00:00,64628.01,65659.78,62302.0,65354.02,35542.26854,2270877792.65868,2397257,16886.93292,1079221072.7580278,0.011233830537847433,1.1233830537847433,73072.41,-7718.390000000007,-10.562659696046705,0.0035548297445251826,0.0032047102134463335,0.002920568137416537,0.4%,0.3%,0.3%,24,,,56.06872307855222
2024-08-02 00:00:00+00:00,65354.02,65596.14,61230.01,61498.33,38820.42937,2469588785.6981573,2457735,18202.35794,1158565579.090291,-0.05899698289408972,-5.899698289408972,73072.41,-11574.080000000002,-15.839192932051926,0.002459684147085401,0.002222335861870405,0.0021103230431721715,0.2%,0.2%,0.2%,24,,,56.06872307855222
2024-08-03 00:00:00+00:00,61498.34,62198.22,59850.0,60697.99,28034.71567,1711555901.18011,1669555,12947.957910000001,790701622.6375737,-0.013014011925201907,-1.3014011925201907,73072.41,-12374.420000000006,-16.93446267886881,0.002723350058448444,0.003440960846345577,0.0034558783848229126,0.3%,0.3%,0.3%,24,,,56.06872307855222
2024-08-04 00:00:00+00:00,60697.99,61117.63,57122.77,58161.0,31616.52003,1874490041.5437353,1886195,14556.6247,863334319.9678984,-0.04179693594466638,-4.179693594466638,73072.41,-14911.410000000003,-20.40634762148943,0.0027667965987653183,0.0025480289400824567,0.0026577275473408045,0.3%,0.3%,0.3%,24,,,56.06872307855222
2024-08-05 00:00:00+00:00,58161.0,58305.59,49000.0,54018.81,162065.59186000002,8580928177.429901,7568497,77363.26323,4097736999.0679235,-0.07121937380719046,-7.121937380719046,73072.41,-19053.600000000006,-26.074957702914148,0.018150238431021197,0.015135463096991984,0.011463368795802365,1.8%,1.5%,1.1%,24,,,56.06872307855222
2024-08-06 00:00:00+00:00,54018.82,57040.99,53950.0,56022.01,55884.77676,3119018848.329888,3433824,27934.19288,1559417942.6490836,0.03708337891930613,3.708337891930613,73072.41,-17050.4,-23.33356734778558,0.006532371783220409,0.005931823779666663,0.0053071179362877375,0.7%,0.6%,0.5%,24,,,56.06872307855222
2024-08-07 00:00:00+00:00,56022.0,57736.05,54558.62,55134.16,44269.37684,2490553853.602583,2397504,21897.14983,1232415104.4472857,-0.01584823536320812,-1.5848235363208119,73072.41,-17938.25,-24.54859501691541,0.004675099443518499,0.004213356372865819,0.011401130584963197,0.5%,0.4%,1.1%,24,,,56.06872307855222
2024-08-08 00:00:00+00:00,55133.76,62745.14,54730.0,61685.99,48349.52949,2836312292.431818,2603042,25676.29533,1508140014.0005167,0.11883431252058596,11.883431252058596,73072.41,-11386.420000000006,-15.58237917703823,0.0024969728060839345,0.002358110368359152,0.002111270486650811,0.2%,0.2%,0.2%,24,,,56.06872307855222
2024-08-09 00:00:00+00:00,61686.0,61744.37,59535.0,60837.99,30972.48017,1878350555.5122633,1827809,15023.05073,911225295.6263436,-0.013747043696631933,-1.3747043696631933,73072.41,-12234.420000000006,-16.742871899257196,0.0019662935705270176,0.002407717186544217,0.0034249968320974487,0.2%,0.2%,0.3%,24,,,56.06872307855222
2024-08-10 00:00:00+00:00,60837.99,61470.58,60242.0,60923.51,9995.20621,607372221.2460397,800499,4893.63854,297435046.0025079,0.0014057006156844576,0.14057006156844576,73072.41,-12148.900000000001,-16.625837303025857,0.001600875385029679,0.002180709569814177,0.0033141082785068925,0.2%,0.2%,0.3%,24,,,56.06872307855222
2024-08-11 00:00:00+00:00,60923.51,61858.0,58286.73,58712.59,19189.84512,1152081498.1567774,1319469,9094.745210000001,546165456.9550736,-0.03629009556409346,-3.629009556409346,73072.41,-14359.820000000007,-19.65149363487533,0.0028139750519686093,0.0032248914026245636,0.0028796324993070528,0.3%,0.3%,0.3%,24,,,56.06872307855222
2024-08-12 00:00:00+00:00,58712.59,60711.09,57642.21,59346.64,37009.91743,2186851067.316586,2293837,18279.26596,1080368631.1427846,0.0107992169992841,1.07992169992841,73072.41,-13725.770000000004,-18.78379267906999,0.0026121115189018385,0.0025362384720591384,0.0028879226721840526,0.3%,0.3%,0.3%,24,,,56.06872307855222
2024-08-13 00:00:00+00:00,59346.64,61578.1,58392.88,60587.15,27858.95851,1668247896.8477185,1713485,13647.22341,817397824.2293857,0.02090278404977952,2.090278404977952,73072.41,-12485.260000000002,-17.086147836098466,0.002943573020982415,0.0036755861301646913,0.003464485758902758,0.3%,0.4%,0.3%,24,,,56.06872307855222
2024-08-14 00:00:00+00:00,60587.16,61800.0,58433.18,58683.39,28422.76326,1705464263.505865,1729342,13263.8962,796386901.3641165,-0.031421844400999266,-3.1421844400999266,73072.41,-14389.020000000004,-19.691453997480036,0.002810187077470571,0.003325695792663856,0.003022037506455886,0.3%,0.3%,0.3%,24,,,56.06872307855222
2024-08-15 00:00:00+00:00,58683.39,59849.38,56078.54,57541.06,37686.17622,2194915865.0522285,2507858,17255.22311,1005337423.7264239,-0.019465985179111134,-1.9465985179111134,73072.41,-15531.350000000006,-21.254738963721064,0.002951520113272551,0.0029868760611902237,0.0028630242161267264,0.3%,0.3%,0.3%,24,,,56.06872307855222
2024-08-16 00:00:00+00:00,57541.05,59817.76,57098.62,58874.6,27610.84344,1614654900.3332715,1999539,13963.51824,816740633.5454462,0.023175450712934476,2.3175450712934476,73072.41,-14197.810000000005,-19.42978204769763,0.0025738256959764406,0.003215070332559504,0.0028809463832744123,0.3%,0.3%,0.3%,24,,,56.06872307855222
2024-08-17 00:00:00+00:00,58874.59,59700.0,58785.05,59491.99,7721.72931,457737705.7722839,807159,3871.6531,229477473.8098391,0.010486525598475405,1.0486525598475405,73072.41,-13580.420000000006,-18.58488039466607,0.0025259091547025574,0.002544094341915101,0.0028909167526705725,0.3%,0.3%,0.3%,24,,,56.06872307855222
2024-08-18 00:00:00+00:00,59491.99,60284.99,58408.92,58427.35,13634.85717,813166580.7264851,1099730,6660.58254,397459480.87198234,-0.017895518371464747,-1.7895518371464747,73072.41,-14645.060000000005,-20.041846163278322,0.0036822578293207744,0.0031864411156320113,0.002906298463217007,0.4%,0.3%,0.3%,24,,,56.06872307855222
2024-08-19 00:00:00+00:00,58427.35,59617.63,57787.3,59438.5,22809.31251,1336287900.197634,1636295,11350.30776,665066212.7595356,0.017306107499313272,1.7306107499313272,73072.41,-13633.910000000003,-18.658081757533385,0.0026304016921920356,0.002511684112169638,0.0028778338777184155,0.3%,0.3%,0.3%,24,,,56.06872307855222
2024-08-20 00:00:00+00:00,59438.5,61400.0,58548.23,59013.8,31477.445480000002,1890620149.7910202,1904519,16041.22019,964180516.1529399,-0.007145200501358473,-0.7145200501358473,73072.41,-14058.61,-19.239286072540917,0.0025747746497021256,0.002633930082093141,0.0029058486605043304,0.3%,0.3%,0.3%,24,,,56.06872307855222
2024-08-21 00:00:00+00:00,59013.8,61820.93,58783.47,61156.03,27983.6422,1682529555.0960546,1981525,14156.90984,851829721.3994548,0.03630049242719502,3.630049242719502,73072.41,-11916.380000000005,-16.307632388202343,0.0018791581602264611,0.001723842024770246,0.0026709427543727105,0.2%,0.2%,0.3%,24,,,56.06872307855222
2024-08-22 00:00:00+00:00,61156.03,61400.0,59724.87,60375.84,21241.20588,1288544247.9560175,1718280,10269.33376,623042041.0781735,-0.012757368324922358,-1.2757368324922358,73072.41,-12696.570000000007,-17.37532674781085,0.004092651767107443,0.00407751525233601,0.0034346578001470903,0.4%,0.4%,0.3%,24,,,56.06872307855222
2024-08-23 00:00:00+00:00,60375.83,64955.0,60342.14,64037.24,38118.07089,2375916932.7935486,2555682,20372.88336,1270318490.0257754,0.06064346268308651,6.064346268308651,73072.41,-9035.170000000006,-12.364680458739496,0.0020177577731609574,0.002226761099223793,0.00215937051648764,0.2%,0.2%,0.2%,24,,,56.06872307855222
2024-08-24 00:00:00+00:00,64037.24,64494.5,63531.0,64157.01,15857.15616,1015774255.1740764,1551856,7643.02686,489673236.65980023,0.0018703179587378216,0.18703179587378216,73072.41,-8915.400000000001,-12.200774546781744,0.0021956393912204476,0.0021734705431168174,0.002153216871369692,0.2%,0.2%,0.2%,24,,,56.06872307855222
2024-08-25 00:00:00+00:00,64157.02,65000.0,63773.27,64220.0,12305.47977,789935122.9930242,1263065,6315.72233,405555580.86044383,0.0009818100937060148,0.09818100937060148,73072.41,-8852.410000000003,-12.114572381012213,0.0022764443122856542,0.0021577038639267005,0.002193213463722287,0.2%,0.2%,0.2%,24,,,56.06872307855222
2024-08-26 00:00:00+00:00,64219.99,64481.0,62800.0,62834.0,19470.05276,1238341818.4320166,2152841,8995.67609,572188217.6295675,-0.021582061663033336,-2.1582061663033336,73072.41,-10238.410000000003,-14.011321099167251,0.0020667464065121273,0.0031108649038489957,0.0027884834425621233,0.2%,0.3%,0.3%,24,,,56.06872307855222
2024-08-27 00:00:00+00:00,62834.0,63212.0,58034.01,59415.0,35135.94178,2158144642.992993,2995281,15873.1536,975361314.8776591,-0.05441321577489899,-5.4413215774899,73072.41,-13657.410000000003,-18.690241638396763,0.0025706255264943464,0.0025583355821051533,0.002864104088765352,0.3%,0.3%,0.3%,24,,,56.06872307855222
2024-08-28 00:00:00+00:00,59415.0,60234.98,57860.0,59034.9,36868.54275,2183054412.974087,3664134,17135.91162,1014904733.0685129,-0.006397374400403888,-0.6397374400403888,73072.41,-14037.510000000002,-19.210410605042316,0.0024626829059897493,0.0025994429092234535,0.0028786867508905512,0.2%,0.3%,0.3%,24,,,56.06872307855222
2024-08-29 00:00:00+00:00,59034.9,61166.99,58713.09,59359.01,27020.90743,1617931684.258576,2743900,13152.3859,787682410.3518869,0.0054901422717748005,0.54901422717748,73072.41,-13713.400000000001,-18.766864265185724,0.002473595350636246,0.002480826522735871,0.0028833479352335933,0.2%,0.2%,0.3%,24,,,56.06872307855222
2024-08-30 00:00:00+00:00,59359.0,59944.07,57701.1,59123.99,28519.32195,1680918972.4658496,2845696,13783.34749,812769089.2849813,-0.003959297838693754,-0.3959297838693754,73072.41,-13948.420000000006,-19.088490443930894,0.0025056783625503126,0.0026268795766059144,0.002920346650507329,0.3%,0.3%,0.3%,24,,,56.06872307855222
2024-08-31 00:00:00+00:00,59123.99,59462.38,58744.0,58973.99,8798.409,519849184.8690446,895944,4195.93079,247955494.3591592,-0.0025370412247210927,-0.2537041224721093,73072.41,-14098.420000000006,-19.293766279229065,0.002641882120482007,0.0027073201674172177,0.002903929954780816,0.3%,0.3%,0.3%,24,,,56.06872307855222
2024-09-01 00:00:00+00:00,58974.0,59076.59,57201.0,57301.86,20705.15741,1202176847.3910584,2153180,9651.50531,560452387.8985474,-0.028353686091105557,-2.8353686091105557,73072.41,-15770.550000000003,-21.582085495743197,0.0031141480553769163,0.002753882313815101,0.003205168148534112,0.3%,0.3%,0.3%,24,,,56.06872307855222
2024-09-02 00:00:00+00:00,57301.77,59425.69,57128.0,59132.13,22895.01461,1333092369.4465685,1966119,11295.25452,657496577.6304803,0.03194084799341579,3.194084799341579,73072.41,-13940.280000000006,-19.077350808602045,0.0025382287415822405,0.0026366056386971245,0.002919997345215274,0.3%,0.3%,0.3%,24,,,56.06872307855222
2024-09-03 00:00:00+00:00,59132.12,59809.65,57415.0,57487.73,22828.18447,1335076815.8599248,2208758,10979.79204,642252673.1132113,-0.0278089086254798,-2.78089086254798,73072.41,-15584.68,-21.327721365697393,0.002259465041303421,0.00270485876878029,0.0027578513663671068,0.2%,0.3%,0.3%,24,,,56.06872307855222
2024-09-04 00:00:00+00:00,57487.74,58519.0,55606.0,57970.9,35560.82146,2027630870.1796753,3177549,16861.754829999998,961923197.778253,0.008404750022309004,0.8404750022309004,73072.41,-15101.510000000002,-20.666500530090637,0.002172535309042689,0.0026899613403089983,0.002663170310267617,0.2%,0.3%,0.3%,24,,,56.06872307855222
2024-09-05 00:00:00+00:00,57970.9,58327.07,55643.65,56180.0,27806.91413,1577770853.1007974,3368058,12955.8897,734996919.3590955,-0.030893086013844884,-3.0893086013844884,73072.41,-16892.410000000003,-23.11735715299387,0.005247502692990826,0.005819464770405212,0.005169358829645196,0.5%,0.6%,0.5%,24,,,56.06872307855222
2024-09-06 00:00:00+00:00,56180.0,57008.0,52550.0,53962.97,54447.76826,2988914918.924334,5287281,25325.18849,1390546230.881093,-0.03946297614809535,-3.9462976148095352,73072.41,-19109.440000000002,-26.1513750538678,0.018567937360389662,0.015108311754515357,0.011433554185412502,1.9%,1.5%,1.1%,24,,,56.06872307855222
2024-09-07 00:00:00+00:00,53962.97,54850.0,53745.54,54160.86,16694.047739999998,905693342.5898322,1920923,8023.90683,435381439.00959563,0.0036671443399056702,0.366714433990567,73072.41,-18911.550000000003,-25.880561486886776,0.009251064607618638,0.015102840472343391,0.011463728180027704,0.9%,1.5%,1.1%,24,,,56.06872307855222
2024-09-08 00:00:00+00:00,54160.86,55318.0,53629.01,54869.95,16274.147789999999,885743172.9184759,1796092,8031.76084,437221897.1104152,0.013092295801802267,1.3092295801802267,73072.41,-18202.460000000006,-24.91016787320961,0.004044538281461736,0.004671631688602969,0.011405941380922486,0.4%,0.5%,1.1%,24,,,56.06872307855222
2024-09-09 00:00:00+00:00,54869.95,58088.0,54591.96,57042.0,32384.51737,1809715390.0493293,3355912,16412.83148,917669512.2220293,0.03958541970605056,3.958541970605056,73072.41,-16030.410000000003,-21.93770535281374,0.00235599972767586,0.002642685755735324,0.004357113514735719,0.2%,0.3%,0.4%,24,,,56.06872307855222
2024-09-10 00:00:00+00:00,57042.01,58044.36,56386.4,57635.99,23626.78126,1349365460.0900571,2843148,11690.37506,667774722.6993911,0.010413204305599333,1.0413204305599333,73072.41,-15436.420000000006,-21.124826730088696,0.0029608563526386904,0.002742923294255711,0.002801822097798741,0.3%,0.3%,0.3%,24,,,56.06872307855222
2024-09-11 00:00:00+00:00,57635.99,57981.71,55545.19,57338.0,33026.56757,1875738697.3784153,4045103,15979.307859999999,907634258.5649891,-0.005170207018218909,-0.5170207018218909,73072.41,-15734.410000000003,-21.532627704492025,0.0031650051544824653,0.0027707366323674047,0.0031623281803209694,0.3%,0.3%,0.3%,24,,,56.06872307855222
2024-09-12 00:00:00+00:00,57338.0,58588.0,57324.0,58132.32,31074.40631,1802848638.0757017,3706764,14783.00418,857572456.5100869,0.013853291011196811,1.385329101119681,73072.41,-14940.090000000004,-20.445596361198437,0.0026658743309986316,0.002576086474854546,0.0027714431135062393,0.3%,0.3%,0.3%,24,,,56.06872307855222
2024-09-13 00:00:00+00:00,58132.31,60625.0,57632.62,60498.0,29825.23333,1760671733.5492997,3378012,15395.13731,909141733.9747654,0.04069474605520651,4.069474605520651,73072.41,-12574.410000000003,-17.208150107544018,0.003825214980164135,0.003920632654221059,0.0034797977417845042,0.4%,0.4%,0.3%,24,,,56.06872307855222
2024-09-14 00:00:00+00:00,60497.99,60610.45,59400.0,59993.03,12137.90901,728527024.3416963,1288784,5570.22098,334303099.7432136,-0.008346887500413236,-0.8346887500413236,73072.41,-13079.380000000005,-17.89920436454745,0.004019760009820973,0.003542119339844015,0.0030814195723867116,0.4%,0.4%,0.3%,24,,,56.06872307855222
2024-09-15 00:00:00+00:00,59993.02,60395.8,58691.05,59132.0,13757.92361,822410872.3906956,1552950,6431.24697,384460724.57039666,-0.014352167243428138,-1.4352167243428138,73072.41,-13940.410000000003,-19.077528714325975,0.0025318991546964755,0.0026333010029724927,0.002919105896423337,0.3%,0.3%,0.3%,24,,,56.06872307855222
2024-09-16 00:00:00+00:00,59132.0,59210.7,57493.3,58213.99,26477.5642,1543273198.7027452,3145152,12859.7584,749563220.8060508,-0.01552475816816612,-1.552475816816612,73072.41,-14858.420000000006,-20.333830511406436,0.0028434772259042576,0.0025674589839348202,0.0026635802258008594,0.3%,0.3%,0.3%,24,,,56.06872307855222
2024-09-17 00:00:00+00:00,58213.99,61320.0,57610.01,60313.99,33116.25878,1983378424.775704,3918209,16390.659929999998,981860543.2735815,0.03607380287796791,3.607380287796791,73072.41,-12758.420000000006,-17.45996881723212,0.004220075368152075,0.0041413515371348155,0.0034447683558423855,0.4%,0.4%,0.3%,24,,,56.06872307855222
2024-09-18 00:00:00+00:00,60313.99,61786.24,59174.8,61759.99,36087.02469,2174000496.820776,5167671,18429.59712,1110622778.7510853,0.023974537250810224,2.3974537250810224,73072.41,-11312.420000000006,-15.481109764957813,0.002262117033345807,0.002370545329029554,0.002089646832436459,0.2%,0.2%,0.2%,24,,,56.06872307855222
2024-09-19 00:00:00+00:00,61759.98,63850.0,61555.0,62947.99,34332.526079999996,2153175931.1738715,4438284,17609.62958,1104427424.5246968,0.019235754409934414,1.9235754409934414,73072.41,-10124.420000000006,-13.855325149396336,0.0017745334953184427,0.0024797698709773308,0.002750728162476151,0.2%,0.2%,0.3%,24,,,56.06872307855222
2024-09-20 00:00:00+00:00,62948.0,64133.32,62350.0,63201.05,25466.37794,1611195963.9908044,3969296,12411.32227,785440558.8125728,0.004020144249244684,0.40201442492446837,73072.41,-9871.36,-13.509011130192638,0.0020698495745835686,0.0019349796732604102,0.0026298094714797045,0.2%,0.2%,0.3%,24,,,56.06872307855222
2024-09-21 00:00:00+00:00,63201.05,63559.9,62758.0,63348.96,8375.34608,528657852.3183024,1283611,3877.73743,244802615.7845593,0.0023403092195461994,0.23403092195461994,73072.41,-9723.450000000004,-13.306595471532967,0.002040127848615411,0.0020336951815206968,0.0025935751096105818,0.2%,0.2%,0.3%,24,,,56.06872307855222
2024-09-22 00:00:00+00:00,63348.97,64000.0,62357.93,63578.76,14242.198919999999,897477338.3735127,2145736,6923.17369,436456231.9537881,0.003627526008319615,0.3627526008319615,73072.41,-9493.650000000001,-12.992112891856177,0.0021699394359474796,0.00203893901934494,0.0021024843703138273,0.2%,0.2%,0.2%,24,,,56.06872307855222
2024-09-23 00:00:00+00:00,63578.76,64745.88,62538.75,63339.99,24078.05287,1531015038.3680267,3999187,12331.07643,784350440.7145653,-0.0037554994781276996,-0.37554994781276996,73072.41,-9732.420000000006,-13.318870966483798,0.0020229685475302794,0.00202574261656764,0.0025911957266862374,0.2%,0.2%,0.3%,24,,,56.06872307855222
2024-09-24 00:00:00+00:00,63339.99,64688.0,62700.0,64262.7,23185.047590000002,1472720338.8562915,3870157,11522.89363,732118662.4171054,0.014567574134444872,1.4567574134444872,73072.41,-8809.710000000006,-12.056137193230665,0.002306373899703338,0.0022387716647196323,0.00223273931051333,0.2%,0.2%,0.2%,24,,,56.06872307855222
2024-09-25 00:00:00+00:00,64262.7,64817.99,62947.08,63152.01,17813.111679999998,1135250828.2732148,3355531,8384.679830000001,534590429.2105493,-0.017283587524333677,-1.7283587524333677,73072.41,-9920.400000000001,-13.576122643279454,0.002134146602929158,0.001992503608564864,0.0027198511344069263,0.2%,0.2%,0.3%,24,,,56.06872307855222
2024-09-26 00:00:00+00:00,63152.01,65839.0,62670.0,65173.99,28373.305930000002,1831204595.944897,4361333,15041.9886,971176161.3870807,0.03201766657941674,3.2017666579416737,73072.41,-7898.4200000000055,-10.809031753571563,0.0031834192223990855,0.0031190800892844602,0.0027672098689461994,0.3%,0.3%,0.3%,24,,,56.06872307855222
2024-09-27 00:00:00+00:00,65173.99,66498.0,64819.9,65769.95,22048.80487,1448852210.3602211,3498529,11092.85716,729156061.3679231,0.009144138635673427,0.9144138635673427,73072.41,-7302.460000000006,-9.993457174876275,0.002834659575078275,0.0033066553011117817,0.0030585387347208566,0.3%,0.3%,0.3%,24,,,56.06872307855222
2024-09-28 00:00:00+00:00,65769.95,66260.0,65422.23,65858.0,9127.23316,600118483.1222521,1341703,4501.22534,296026669.8337066,0.0013387572896133015,0.13387572896133015,73072.41,-7214.4100000000035,-9.87296025955624,0.002432852985621492,0.0030437597858518576,0.003057018591459627,0.2%,0.3%,0.3%,24,,,56.06872307855222
2024-09-29 00:00:00+00:00,65858.0,66076.12,65432.0,65602.01,8337.74111,547980013.7152303,1413449,4132.9378,271622295.3535291,-0.0038869993015275828,-0.3886999301527583,73072.41,-7470.400000000009,-10.223284000076106,0.003465290813399646,0.003328488645195174,0.0030700854134798187,0.3%,0.3%,0.3%,24,,,56.06872307855222
2024-09-30 00:00:00+00:00,65602.01,65618.8,62856.3,63327.59,30011.08752,1920250261.7442162,3978584,14451.93044,924324016.7358449,-0.03466997428889751,-3.466997428889751,73072.41,-9744.820000000007,-13.335840435535118,0.002039316328549901,0.0020425624793041605,0.0026129767229069872,0.2%,0.2%,0.3%,24,,,56.06872307855222
2024-10-01 00:00:00+00:00,63327.6,64130.63,60164.0,60805.78,43671.481080000005,2723672081.8326254,5607069,20951.74486,1308603194.3310401,-0.03982166382772501,-3.9821663827725007,73072.41,-12266.630000000005,-16.786951463623556,0.0021492789831085222,0.002621176036977237,0.00345942845636126,0.2%,0.3%,0.3%,24,,,56.06872307855222
2024-10-02 00:00:00+00:00,60804.92,62390.31,60000.0,60649.28,31534.70118,1928377637.836784,5313210,15719.32519,961468320.5154727,-0.002573768480562233,-0.2573768480562233,73072.41,-12423.130000000005,-17.00112258511798,0.0026943273895762,0.0034902649914813275,0.0034681946472981014,0.3%,0.3%,0.3%,24,,,56.06872307855222
2024-10-03 00:00:00+00:00,60649.27,61477.19,59828.11,60752.71,26221.43472,1590773866.8074434,5244004,12906.51464,783073701.7331173,0.001705378860227258,0.1705378860227258,73072.41,-12319.700000000004,-16.859578054152045,0.0023690335738288625,0.0032096570013134098,0.003462273253166777,0.2%,0.3%,0.3%,24,,,56.06872307855222
2024-10-04 00:00:00+00:00,60752.72,62484.85,60459.9,62086.0,21294.65994,1311145630.50205,3798631,10689.34488,658151113.9351828,0.021946181495442696,2.1946181495442696,73072.41,-10986.410000000003,-15.034963264520773,0.002724759421204398,0.002461518386423148,0.002362593441674814,0.3%,0.2%,0.2%,24,,,56.06872307855222
2024-10-05 00:00:00+00:00,62086.0,62370.56,61689.26,62058.0,7807.46141,484588468.34191227,1183175,3690.55536,229107774.75427,-0.00045098734014104025,-0.045098734014104025,73072.41,-11014.410000000003,-15.073281420443097,0.0027099210324766313,0.0024781142617244724,0.002357823289784276,0.3%,0.2%,0.2%,24,,,56.06872307855222
2024-10-06 00:00:00+00:00,62058.01,62975.0,61798.97,62819.91,8906.86177,555669634.4773514,1556553,4798.29924,299426562.8303448,0.012277385671468632,1.2277385671468632,73072.41,-10252.5,-14.030603342629588,0.002362861102305199,0.0031387809680665435,0.002802758082451513,0.2%,0.3%,0.3%,24,,,56.06872307855222
2024-10-07 00:00:00+00:00,62819.91,64478.19,62128.0,62224.0,25966.1852,1646315506.5791945,4809342,12760.73415,809108823.5126126,-0.009486005312646983,-0.9486005312646983,73072.41,-10848.410000000003,-14.846109496046456,0.002737219426774646,0.00246652833877711,0.002410897528248064,0.3%,0.2%,0.2%,24,,,56.06872307855222
2024-10-08 00:00:00+00:00,62224.01,63200.0,61860.31,62160.49,19702.22371,1230076253.818657,3798438,9614.36947,600357593.787378,-0.001020667266649511,-0.10206672666495109,73072.41,-10911.920000000006,-14.93302328471171,0.002716019398418758,0.0024517406525534054,0.0023808429687429203,0.3%,0.2%,0.2%,24,,,56.06872307855222
2024-10-09 00:00:00+00:00,62160.5,62543.75,60301.0,60636.02,20011.15684,1234778807.5932417,3668363,9454.70171,583725546.0309885,-0.02452474232426416,-2.452474232426416,73072.41,-12436.390000000007,-17.019268968958336,0.002730282720433402,0.003564307583078239,0.003466090271161211,0.3%,0.4%,0.3%,24,,,56.06872307855222
2024-10-10 00:00:00+00:00,60636.01,61321.68,58946.0,60326.39,23967.92481,1445604381.9363792,3872577,10827.77272,653182369.9427671,-0.005106370767738344,-0.5106370767738344,73072.41,-12746.020000000004,-17.4429993481808,0.004248393174260599,0.004144574084106908,0.003457131312454889,0.4%,0.4%,0.3%,24,,,56.06872307855222
2024-10-11 00:00:00+00:00,60326.4,63417.56,60087.64,62540.0,23641.35209,1462219576.849865,3222180,12099.56755,748431117.9165705,0.036693891346722296,3.6693891346722296,73072.41,-10532.410000000003,-14.413661736351656,0.0037806124883567223,0.0032643518426567044,0.002827946799341233,0.4%,0.3%,0.3%,24,,,56.06872307855222
2024-10-12 00:00:00+00:00,62539.99,63480.0,62487.23,63206.22,10911.30116,686978508.9887543,1770837,5196.91695,327263147.4760401,0.010652702270546932,1.0652702270546932,73072.41,-9866.190000000002,-13.5019359564027,0.0020532971809052833,0.0019391065530407331,0.0026294863814355866,0.2%,0.2%,0.3%,24,,,56.06872307855222
2024-10-13 00:00:00+00:00,63206.23,63285.72,62050.0,62870.02,11909.21995,746564374.2082387,2242529,5855.04617,367046338.9194209,-0.005319096759781039,-0.5319096759781039,73072.41,-10202.390000000007,-13.962027528584331,0.0020013089235597064,0.0029553219375936727,0.0027649880500434146,0.2%,0.3%,0.3%,24,,,56.06872307855222
2024-10-14 00:00:00+00:00,62870.02,66500.0,62457.81,66083.99,37669.95222,2450094472.813545,4977577,19941.11906,1297062359.2474864,0.051120868102157546,5.112086810215755,73072.41,-6988.419999999998,-9.563691686096021,0.0023233088490966975,0.002537702342690338,0.002943666412187947,0.2%,0.3%,0.3%,24,,,56.06872307855222
2024-10-15 00:00:00+00:00,66084.0,67950.0,64800.01,67074.14,43683.954229999996,2894021862.319518,6245619,21820.682,1446378130.565985,0.014983205463229288,1.4983205463229288,73072.41,-5998.270000000004,-8.208665897292844,0.00149215552287657,0.0015110591779013125,0.001927778428923214,0.1%,0.2%,0.2%,24,,,56.06872307855222
2024-10-16 00:00:00+00:00,67074.14,68424.0,66750.49,67620.01,29938.25544,2024560410.1062675,5109685,15212.87402,1029210667.4758284,0.008138307848598592,0.8138307848598592,73072.41,-5452.400000000009,-7.461639762531447,0.0017808596693818712,0.0016732064117076317,0.0015469403987789325,0.2%,0.2%,0.2%,24,,,56.06872307855222
2024-10-17 00:00:00+00:00,67620.0,67939.4,66666.0,67421.78,25328.22861,1702164439.5654595,3981960,12153.94712,816887407.4042379,-0.0029315286998625734,-0.29315286998625734,73072.41,-5650.630000000005,-7.732918621405815,0.001546837075156007,0.0015123730388422799,0.0015539831943506388,0.2%,0.2%,0.2%,24,,,56.06872307855222
2024-10-18 00:00:00+00:00,67421.78,69000.0,67192.36,68428.0,28725.635,1959735899.8769643,4010969,14218.1785,970440964.2668117,0.014924257413553965,1.4924257413553965,73072.41,-4644.4100000000035,-6.355900948114346,0.0017964411278164117,0.0016811988319585189,0.001589273804287501,0.2%,0.2%,0.2%,24,,,56.06872307855222
2024-10-19 00:00:00+00:00,68427.99,68693.26,68010.0,68378.0,8193.66737,559628628.9613105,1152428,4071.19627,278085065.5176925,-0.000730695037119311,-0.0730695037119311,73072.41,-4694.4100000000035,-6.424326226547072,0.0017109765605397068,0.0017193874951824326,0.001587682167239877,0.2%,0.2%,0.2%,24,,,56.06872307855222
2024-10-20 00:00:00+00:00,68377.99,69400.0,68100.0,69031.99,12442.47378,854082429.8105861,1563795,6772.92574,465001555.930983,0.00956433355757702,0.956433355757702,73072.41,-4040.4199999999983,-5.52933726970275,0.002237442154161309,0.0023498665689946274,0.0020911322134682703,0.2%,0.2%,0.2%,24,,,56.06872307855222
2024-10-21 00:00:00+00:00,69032.0,69519.52,66840.67,67377.5,31374.42184,2130833593.5466976,3686777,13593.60828,923860758.4208844,-0.023967004283086846,-2.3967004283086846,73072.41,-5694.9100000000035,-7.793516047985827,0.001620398906812486,0.0015044113445409745,0.0015962983543884944,0.2%,0.2%,0.2%,24,,,56.06872307855222
2024-10-22 00:00:00+00:00,67377.5,67836.01,66571.42,67426.0,24598.96268,1654285791.6605556,3669291,12400.51857,834160889.2398736,0.0007198248673518926,0.07198248673518926,73072.41,-5646.4100000000035,-7.7271435279060885,0.0015664181532010577,0.0015246488726232605,0.0015538824207125598,0.2%,0.2%,0.2%,24,,,56.06872307855222
2024-10-23 00:00:00+00:00,67426.01,67472.83,65260.0,66668.65,25530.240700000002,1695101430.9187465,3807365,11888.33995,789384635.110686,-0.011232313944175898,-1.1232313944175898,73072.41,-6403.760000000009,-8.763581220326532,0.001789595817316433,0.0022342356103138266,0.002354871730191659,0.2%,0.2%,0.2%,24,,,56.06872307855222
2024-10-24 00:00:00+00:00,66668.65,68850.0,66510.0,68198.28,22589.83877,1526736320.9129379,3797462,11502.58514,777936396.524746,0.022943767422919148,2.294376742291915,73072.41,-4874.130000000005,-6.670274047345648,0.0016231898835804496,0.001577471216875581,0.0015712492883440165,0.2%,0.2%,0.2%,24,,,56.06872307855222
2024-10-25 00:00:00+00:00,68198.27,68771.49,65596.29,66698.33,34479.71125,2320667435.293254,5332593,16031.032,1079347459.1549635,-0.02199395644582236,-2.199395644582236,73072.41,-6374.080000000002,-8.72296397504886,0.0018858051597258683,0.0022669306660625704,0.0023355435885895276,0.2%,0.2%,0.2%,24,,,56.06872307855222
2024-10-26 00:00:00+00:00,66698.32,67454.55,66439.9,67092.76,11842.9077,792887047.147892,2373501,6069.18986,406369780.1532944,0.005913641316056761,0.5913641316056761,73072.41,-5979.650000000009,-8.183184323604497,0.001489946976248385,0.001415873992239228,0.0019221709628769782,0.1%,0.1%,0.2%,24,,,56.06872307855222
2024-10-27 00:00:00+00:00,67092.76,68332.05,66913.73,68021.7,8653.19592,585006148.4704809,1771989,4417.7362,298699666.9984393,0.013845607186230069,1.384560718623007,73072.41,-5050.710000000006,-6.91192476065865,0.0015393530642996214,0.00146673700848028,0.0015712709858417154,0.2%,0.1%,0.2%,24,,,56.06872307855222
2024-10-28 00:00:00+00:00,68021.69,70270.0,67618.0,69962.21,29046.75459,2005105729.8174448,4432446,15218.349760000001,1051606096.4298259,0.028527808037729363,2.8527808037729363,73072.41,-3110.199999999997,-4.25632601962902,0.003257344553394072,0.0027417505390548887,0.00247896413729052,0.3%,0.3%,0.2%,24,,,56.06872307855222
2024-10-29 00:00:00+00:00,69962.21,73620.12,69760.0,72736.42,50128.60594,3602465986.8917575,5645430,26898.46516,1932608784.1630373,0.03965297837218107,3.965297837218107,73072.41,-335.99000000000524,-0.45980418601221373,0.007992252231608621,0.006645055344874166,0.005154926860880842,0.8%,0.7%,0.5%,24,,,56.06872307855222
2024-10-30 00:00:00+00:00,72736.41,72961.0,71436.0,72344.74,26885.99056,1941210537.2882867,4040734,13487.21433,973898183.7467278,-0.00538492271134583,-0.538492271134583,73072.41,-727.6699999999983,-0.9958204471427701,0.006489963943823208,0.005437146341103403,0.004266975075235109,0.6%,0.5%,0.4%,24,,,56.06872307855222
2024-10-31 00:00:00+00:00,72344.75,72700.0,69685.76,70292.01,29352.10297,2091144977.4946847,4525542,14205.138789999999,1012048241.8498938,-0.028374281253896405,-2.8374281253896405,73072.41,-2780.4000000000087,-3.8049928830867996,0.0037139825288402695,0.00340687706017006,0.0028257954319322893,0.4%,0.3%,0.3%,24,,,56.06872307855222
2024-11-01 00:00:00+00:00,70292.01,71632.95,68820.14,69496.01,38301.86755,2677358022.00497,4569271,18044.1622,1261663986.7596905,-0.011324188908526045,-1.1324188908526045,73072.41,-3576.4000000000087,-4.894323315735727,0.001771781343049299,0.002064482043755806,0.00222377640062419,0.2%,0.2%,0.2%,24,,,56.06872307855222
2024-11-02 00:00:00+00:00,69496.0,69914.37,69000.14,69374.74,10521.67243,731232427.6311548,1603561,5227.50713,363370734.8158011,-0.0017449922664622974,-0.17449922664622974,73072.41,-3697.6699999999983,-5.060281986046444,0.0020638279339160997,0.002283846283397199,0.002249541495867494,0.2%,0.2%,0.2%,24,,,56.06872307855222
2024-11-03 00:00:00+00:00,69374.74,69391.0,67478.73,68775.99,24995.70243,1709666206.4062023,3668029,12277.58177,839939073.1389577,-0.008630662976178316,-0.8630662976178316,73072.41,-4296.419999999998,-5.879674695278281,0.0024525329716940493,0.002296291122457579,0.0019461086306412907,0.2%,0.2%,0.2%,24,,,56.06872307855222
2024-11-04 00:00:00+00:00,68775.99,69500.0,66835.0,67850.01,29800.39187,2033902307.0027761,5377048,14927.24077,1019257547.5246849,-0.01346371022794457,-1.346371022794457,73072.41,-5222.400000000009,-7.146883481740929,0.0013234595656779144,0.0015417678086153258,0.0015480534091767298,0.1%,0.2%,0.2%,24,,,56.06872307855222
2024-11-05 00:00:00+00:00,67850.01,70577.91,67476.63,69372.01,33355.06888,2310418908.069922,4955644,17059.88663,1181816730.9237833,0.022431831623900944,2.2431831623900944,73072.41,-3700.4000000000087,-5.064018006248883,0.0020654550056314453,0.002285594937789439,0.002249952199409069,0.2%,0.2%,0.2%,24,,,56.06872307855222
2024-11-06 00:00:00+00:00,69372.01,76400.0,69298.0,75571.99,104126.994787,7702283270.258009,8434184,53243.884427,3938516657.2327332,0.0893729329739763,8.93729329739763,75571.99,0.0,0.0,0.010761483148983295,0.008815007182720795,0.007896070522329128,1.1%,0.9%,0.8%,24,,,56.06872307855222
2024-11-07 00:00:00+00:00,75571.99,76849.99,74416.0,75857.89,44869.422345,3391796661.9719553,5207722,21805.460295,1648278335.3007333,0.0037831476979763856,0.37831476979763856,75857.89,0.0,0.0,0.010513492121039211,0.008847129227548541,0.007942973246975479,1.1%,0.9%,0.8%,24,,,56.06872307855222
2024-11-08 00:00:00+00:00,75857.89,77199.99,75555.0,76509.78,36521.099583,2784449097.5315185,4877489,17555.393633,1339019332.1967125,0.008593568843003663,0.8593568843003663,76509.78,0.0,0.0,0.005475904863737572,0.008580762186493267,0.007842981722239649,0.5%,0.9%,0.8%,24,,,56.06872307855222
2024-11-09 00:00:00+00:00,76509.78,76900.0,75714.66,76677.46,16942.07915,1294709001.60289,2585264,8032.79327,614028515.3001705,0.0021916152418686163,0.21916152418686163,76677.46,0.0,0.0,0.006141941770117198,0.008657829787712833,0.007936390265291124,0.6%,0.9%,0.8%,24,,,56.06872307855222
2024-11-10 00:00:00+00:00,76677.46,81500.0,76492.0,80370.01,61830.100435,4905441473.900737,7128598,32751.012177,2597409399.234963,0.04815691599591321,4.815691599591321,80370.01,0.0,0.0,0.008567630121178336,0.008080355678594829,0.006553532785521474,0.9%,0.8%,0.7%,24,,,56.06872307855222
2024-11-11 00:00:00+00:00,80370.01,89530.54,80216.01,88647.99,82323.66577600001,6944268709.942721,9348890,42837.295314,3613896167.3719125,0.10299836966550102,10.299836966550103,88647.99,0.0,0.0,0.0032283900566504094,0.0029122174653426866,0.003016437779009035,0.3%,0.3%,0.3%,24,,,56.06872307855222
2024-11-12 00:00:00+00:00,88648.0,89940.0,85072.0,87952.01,97299.887911,8540084566.279819,11499058,49589.333451,4353451682.829404,-0.00785105223479976,-0.785105223479976,88647.99,-695.9800000000105,-0.785105223479976,0.002270151935810308,0.0023422963054033226,0.004810071943212122,0.2%,0.2%,0.5%,24,,,56.06872307855222
2024-11-13 00:00:00+00:00,87952.0,93265.64,86127.99,90375.2,86763.854127,7790928962.043038,11962100,44342.329327,3983689817.4014444,0.027551274837266382,2.755127483726638,90375.2,0.0,0.0,0.0025143769942612615,0.0032193341058128636,0.003678894556979906,0.3%,0.3%,0.4%,24,,,56.06872307855222
2024-11-14 00:00:00+00:00,90375.21,91790.0,86668.21,87325.59,56729.51086,5073860815.928665,9828858,27940.856,2499212755.773147,-0.03374388106471693,-3.374388106471693,90375.2,-3049.6100000000006,-3.374388106471693,0.003334659637320792,0.004728136082079562,0.0050524140645455936,0.3%,0.5%,0.5%,24,,,56.06872307855222
2024-11-15 00:00:00+00:00,87325.59,91850.0,87073.38,91032.07,47927.95068,4276238971.1814294,8009111,24800.61087,2213154236.5096154,0.04244437398018164,4.244437398018164,91032.07,0.0,0.0,0.0029467983334666528,0.0028141743572306596,0.0036116411551184854,0.3%,0.3%,0.4%,24,,,56.06872307855222
2024-11-16 00:00:00+00:00,91032.08,91779.66,90056.17,90586.92,22717.87689,2067958511.9048474,4239455,11496.31366,1046686701.0029461,-0.004890034907478302,-0.4890034907478302,91032.07,-445.15000000000873,-0.4890034907478302,0.002678002313744628,0.003087038485580147,0.0036565698932601726,0.3%,0.3%,0.4%,24,,,56.06872307855222
2024-11-17 00:00:00+00:00,90587.98,91449.99,88722.0,89855.99,23867.55609,2153871724.810395,4930719,11852.78227,1070094820.6738938,-0.008068824947354392,-0.8068824947354392,91032.07,-1176.0800000000017,-1.291940301917771,0.0037687135689431,0.004319120609834497,0.003638090666047488,0.4%,0.4%,0.4%,24,,,56.06872307855222
2024-11-18 00:00:00+00:00,89855.98,92594.0,89376.9,90464.08,46545.03448,4239909950.661894,7161125,23628.87098,2153158394.316311,0.006767384122082332,0.6767384122082332,91032.07,-567.9900000000052,-0.6239449459954138,0.002675350393517319,0.003267982740697517,0.0036927731545766626,0.3%,0.3%,0.4%,24,,,56.06872307855222
2024-11-19 00:00:00+00:00,90464.07,93905.51,90357.0,92310.79,43660.04682,4025108502.8496137,5647789,22127.852724,2040301638.1161728,0.020413737695668788,2.0413737695668788,92310.79,0.0,0.0,0.004878864349579169,0.004087535033274098,0.0034662470112093112,0.5%,0.4%,0.3%,24,,,56.06872307855222
2024-11-20 00:00:00+00:00,92310.8,94831.97,91500.0,94286.56,42203.198712,3950932314.646069,7365987,20425.307962,1912348704.247262,0.02140345673566446,2.140345673566446,94286.56,0.0,0.0,0.0025829587600693454,0.003459263342996942,0.003995145752425232,0.3%,0.3%,0.4%,24,,,56.06872307855222
2024-11-21 00:00:00+00:00,94286.56,98988.0,94040.0,98317.12,69228.360477,6722807908.325656,9048605,35424.063227,3440467290.318527,0.04274798019993509,4.274798019993509,98317.12,0.0,0.0,0.003389142320017468,0.0030322999388238754,0.002584019578924138,0.3%,0.3%,0.3%,24,,,56.06872307855222
2024-11-22 00:00:00+00:00,98317.12,99588.01,97122.11,98892.0,46189.309243,4555536773.363205,7271311,22709.668193,2240635299.646484,0.0058472013826280644,0.5847201382628064,98892.0,0.0,0.0,0.004155194869938658,0.0036452524530296787,0.0030658873329090725,0.4%,0.4%,0.3%,24,,,56.06872307855222
2024-11-23 00:00:00+00:00,98892.0,98908.85,97136.0,97672.4,24757.843670000002,2431609866.3295145,3839138,11176.2487,1097538914.9412584,-0.012332645714516866,-1.2332645714516866,98892.0,-1219.6000000000058,-1.2332645714516866,0.0024945230501075676,0.002371324324912293,0.002146051260015234,0.2%,0.2%,0.2%,24,,,56.06872307855222
2024-11-24 00:00:00+00:00,97672.4,98564.0,95734.77,97900.04,31200.97838,3034172011.9517884,4964720,15124.12176,1471313633.7467725,0.002330648166728677,0.23306481667286771,98892.0,-991.9600000000064,-1.003074060591358,0.0026625227500952655,0.0024806158236379467,0.0022141511661349232,0.3%,0.2%,0.2%,24,,,56.06872307855222
2024-11-25 00:00:00+00:00,97900.05,98871.8,92600.19,93010.01,50847.45096,4883444806.322193,8289691,23486.927050000002,2255516841.6102185,-0.04994921350389636,-4.994921350389636,98892.0,-5881.990000000005,-5.947892650568298,0.004037140490689798,0.0044231491270537,0.0037776964075801832,0.4%,0.4%,0.4%,24,,,56.06872307855222
2024-11-26 00:00:00+00:00,93010.01,94973.37,90791.1,91965.16,57858.731380000005,5370918648.818167,10225809,29120.26765,2702543576.089108,-0.011233737099909935,-1.1233737099909935,98892.0,-6926.8399999999965,-7.0044492982243245,0.004342559027537353,0.0037713953146752822,0.003378088360433981,0.4%,0.4%,0.3%,24,,,56.06872307855222
2024-11-27 00:00:00+00:00,91965.16,97208.21,91792.14,95863.11,41153.42734,3894358511.617565,6648690,20316.58245,1922620637.3076186,0.04238507278190995,4.238507278190995,98892.0,-3028.8899999999994,-3.0628261133357593,0.0019341777354749757,0.00196400106547788,0.0021550925644467744,0.2%,0.2%,0.2%,24,,,56.06872307855222
2024-11-28 00:00:00+00:00,95863.11,96564.0,94640.0,95643.98,28814.54357,2749861591.2596097,4988161,14805.69321,1412851841.0751948,-0.002285863665387078,-0.22858636653870779,98892.0,-3248.020000000004,-3.2844112769485956,0.0017819525580053913,0.00212904649038763,0.0023068697015698287,0.2%,0.2%,0.2%,24,,,56.06872307855222
2024-11-29 00:00:00+00:00,95643.99,98619.99,95364.99,97460.0,27701.78231,2690451030.6342874,5094070,13840.21172,1344148785.2636425,0.018987290156683212,1.8987290156683212,98892.0,-1432.0,-1.4480443311895796,0.0024369659678571726,0.0021971237181579537,0.002150138814336797,0.2%,0.2%,0.2%,24,,,56.06872307855222
2024-11-30 00:00:00+00:00,97460.0,97463.95,96092.01,96407.99,14503.833059999999,1402672950.6998208,3354759,7075.91503,684284805.0234444,-0.010794274574184248,-1.0794274574184248,98892.0,-2484.0099999999948,-2.5118412005015522,0.0019773971479911177,0.0020926931910423842,0.002140887107256606,0.2%,0.2%,0.2%,24,,,56.06872307855222
2024-12-01 00:00:00+00:00,96407.99,97836.0,95693.88,97185.18,16938.60452,1641327626.6062207,3342200,8114.895689999999,786489040.1936377,0.008061468764155144,0.8061468764155144,98892.0,-1706.820000000007,-1.7259434534643958,0.0022296819470883165,0.0020578851947849115,0.0020591575082400913,0.2%,0.2%,0.2%,24,,,56.06872307855222
2024-12-02 00:00:00+00:00,97185.17,98130.0,94395.0,95840.62,37958.66981,3646639621.737588,7560103,18821.93327,1808458555.890584,-0.01383503122595442,-1.383503122595442,98892.0,-3051.3800000000047,-3.0855680944869235,0.0018727221444538515,0.0019349050304596242,0.0021411717712922903,0.2%,0.2%,0.2%,24,,,56.06872307855222
2024-12-03 00:00:00+00:00,95840.61,96305.52,93578.17,95849.69,35827.32283,3413995542.0186563,5361712,17339.11167,1652090703.1755955,9.463628261174861e-05,0.009463628261174861,98892.0,-3042.3099999999977,-3.076396472919951,0.0018879285279056186,0.001941679639630367,0.0021442855801242482,0.2%,0.2%,0.2%,24,,,56.06872307855222
2024-12-04 00:00:00+00:00,95849.69,99000.0,94587.83,98587.32,43850.53728,4241994533.786106,6648724,22033.60112,2132655972.045,0.028561699051921963,2.8561699051921963,98892.0,-304.679999999993,-0.30809367795169296,0.004046247647602412,0.0034847916854599797,0.002909866920601724,0.4%,0.3%,0.3%,24,,,56.06872307855222
2024-12-05 00:00:00+00:00,98587.32,104088.0,90500.0,96945.63,109921.729662,11048002942.149931,12012364,56235.078356,5657171374.763456,-0.016652141472148774,-1.6652141472148774,98892.0,-1946.3699999999953,-1.9681774056546475,0.0020641361506717926,0.0019141513842582333,0.0019896433527669647,0.2%,0.2%,0.2%,24,,,56.06872307855222
2024-12-06 00:00:00+00:00,96945.63,101898.99,95981.72,99740.84,45049.5331,4456641685.364444,6919102,21999.62416,2175645718.5533605,0.028832759145512643,2.8832759145512643,99740.84,0.0,0.0,0.005540067363846515,0.004928047210049405,0.004015968537709233,0.6%,0.5%,0.4%,24,,,56.06872307855222
2024-12-07 00:00:00+00:00,99740.84,100439.18,98844.0,99831.99,14931.9459,1487953846.8385458,2634566,6776.55,675350661.2973348,0.0009138683812970338,0.09138683812970338,99831.99,0.0,0.0,0.005617375139204422,0.004995491926779573,0.0040732522614482,0.6%,0.5%,0.4%,24,,,56.06872307855222
2024-12-08 00:00:00+00:00,99831.99,101351.0,98657.7,101109.59,14612.99688,1459576946.402151,2994709,7152.801729999999,714745738.9188356,0.012797501081567075,1.2797501081567075,101109.59,0.0,0.0,0.007772725153919919,0.006848061870817773,0.005603230729676352,0.8%,0.7%,0.6%,24,,,56.06872307855222
2024-12-09 00:00:00+00:00,101109.6,101215.93,94150.05,97276.47,53949.11595,5283626995.705649,8445872,25472.08477,2495722030.5370946,-0.0379105483466009,-3.7910548346600903,101109.59,-3833.1199999999953,-3.7910548346600903,0.0021700213278555923,0.002096614388761753,0.002081102175969335,0.2%,0.2%,0.2%,24,,,56.06872307855222
2024-12-10 00:00:00+00:00,97276.48,98270.0,94256.54,96593.0,51708.68933,4988660195.092428,11556189,24523.09586,2367164879.170773,-0.007026056763778543,-0.7026056763778543,101109.59,-4516.5899999999965,-4.467024344575021,0.0017894266487733066,0.002090004467890223,0.0020110406590569912,0.2%,0.2%,0.2%,24,,,56.06872307855222
2024-12-11 00:00:00+00:00,96593.0,101888.0,95658.24,101125.0,37753.78291,3745703763.01845,8250511,19112.84559,1897146318.2111704,0.04691851376393741,4.691851376393741,101125.0,0.0,0.0,0.007787625488837186,0.006831938599853179,0.005600174668838328,0.8%,0.7%,0.6%,24,,,56.06872307855222
2024-12-12 00:00:00+00:00,101125.0,102540.0,99311.64,100004.29,29232.08745,2949462583.8661704,8066322,14175.88661,1430984456.6703606,-0.011082422744128628,-1.1082422744128628,101125.0,-1120.7100000000064,-1.1082422744128628,0.005915490183555435,0.005344251552060641,0.004301042802126069,0.6%,0.5%,0.4%,24,,,56.06872307855222
2024-12-13 00:00:00+00:00,100004.29,101895.26,99205.0,101424.25,21904.03923,2203903393.0741005,5481660,10669.09365,1073720887.635456,0.014198990863292016,1.4198990863292016,101424.25,0.0,0.0,0.007557268817774208,0.006938109930772632,0.005712921222324248,0.8%,0.7%,0.6%,24,,,56.06872307855222
2024-12-14 00:00:00+00:00,101424.24,102650.0,100609.41,101420.0,14191.70326,1441594367.0463192,3374538,6790.24676,689981854.1394895,-4.19031937628489e-05,-0.00419031937628489,101424.25,-4.25,-0.00419031937628489,0.007623137423687664,0.006936466359168565,0.005713710695235262,0.8%,0.7%,0.6%,24,,,56.06872307855222
2024-12-15 00:00:00+00:00,101420.0,105250.0,101237.14,104463.99,22228.921775000003,2290462903.835791,3638809,12668.894355,1305611448.3000975,0.030013705383553635,3.0013705383553635,104463.99,0.0,0.0,0.003216564639042946,0.002899517099504683,0.0035471469052504702,0.3%,0.3%,0.4%,24,,,56.06872307855222
2024-12-16 00:00:00+00:00,104463.99,107793.07,103333.0,106058.66,41302.40274,4364964400.634553,8048054,20349.0995,2150550899.2475224,0.01526526030644626,1.526526030644626,106058.66,0.0,0.0,0.0031181635795930786,0.002740939971581104,0.0027099849553849343,0.3%,0.3%,0.3%,24,,,56.06872307855222
2024-12-17 00:00:00+00:00,106058.65,108353.0,105321.49,106133.74,29064.936466,3103833327.775107,7212799,14187.320446,1515158210.55198,0.0007079101319968917,0.07079101319968917,106133.74,0.0,0.0,0.003382799308568326,0.002926157031143035,0.002776050163818321,0.3%,0.3%,0.3%,24,,,56.06872307855222
2024-12-18 00:00:00+00:00,106133.74,106524.98,100000.0,100204.01,50307.99755,5194263316.259236,8762120,23308.37525,2407213144.2694983,-0.0558703575319216,-5.5870357531921595,106133.74,-5929.7300000000105,-5.5870357531921595,0.0065485424931998396,0.005643130407601771,0.0045899817932424656,0.7%,0.6%,0.5%,24,,,56.06872307855222
2024-12-19 00:00:00+00:00,100204.01,102800.11,95700.0,97461.86,55147.398,5487546517.707752,7273941,26898.63715,2677636003.906506,-0.027365671293993032,-2.7365671293993032,106133.74,-8671.880000000005,-8.170709898661821,0.0024327258351558995,0.0021968534153253283,0.0021497003587484104,0.2%,0.2%,0.2%,24,,,56.06872307855222
2024-12-20 00:00:00+00:00,97461.86,98233.0,92232.54,97805.44,62884.1357,6022845238.832326,7429007,29463.23021,2822939306.663078,0.0035252764517319513,0.3525276451731951,106133.74,-8328.300000000003,-7.846986264688304,0.002623628220219795,0.0024405013744500446,0.0022073204078679287,0.3%,0.2%,0.2%,24,,,56.06872307855222
2024-12-21 00:00:00+00:00,97805.44,99540.61,96398.39,97291.99,23483.54143,2296232055.195926,3717638,11726.94119,1146732451.4218132,-0.005249707991702657,-0.5249707991702657,106133.74,-8841.75,-8.330762677354064,0.0022091376153100858,0.0021139366398742225,0.0020900181121153035,0.2%,0.2%,0.2%,24,,,56.06872307855222
2024-12-22 00:00:00+00:00,97292.0,97448.08,94250.35,95186.27,19353.83036,1857819866.3603997,3633551,9293.39749,892081877.7627708,-0.02164330280426996,-2.164330280426996,106133.74,-10947.470000000001,-10.314787738564569,0.002355021394224211,0.0024185374909237705,0.0030233390923730128,0.2%,0.2%,0.3%,24,,,56.06872307855222
2024-12-23 00:00:00+00:00,95186.28,96538.92,92520.0,94881.47,32810.76703,3100007213.494563,5464919,16339.58355,1544707289.744369,-0.003202142493870186,-0.3202142493870186,106133.74,-11252.270000000004,-10.601972567818684,0.0024065319679861066,0.0023365136531984794,0.003370688247334461,0.2%,0.2%,0.3%,24,,,56.06872307855222
2024-12-24 00:00:00+00:00,94881.47,99487.99,93569.02,98663.58,23674.22488,2287214424.7064757,3421549,11969.2539,1156798174.582326,0.03986141867321402,3.986141867321402,106133.74,-7470.1600000000035,-7.038440367785026,0.004004220722043725,0.003477637170175732,0.002929500508610007,0.4%,0.3%,0.3%,24,,,56.06872307855222
2024-12-25 00:00:00+00:00,98663.58,99569.15,97632.02,99429.6,14474.1651,1426143976.0493636,3283028,7006.5265,690465056.5871859,0.0077639591022340415,0.7763959102234042,106133.74,-6704.139999999999,-6.31669062072061,0.00517906032442859,0.0046434092002809796,0.0037624584416928947,0.5%,0.5%,0.4%,24,,,56.06872307855222
2024-12-26 00:00:00+00:00,99429.61,99963.7,95199.14,95791.6,21192.36727,2049123567.3867724,5203490,10071.87249,973940616.1292443,-0.03658870195595676,-3.658870195595676,106133.74,-10342.14,-9.744441305846752,0.0018772434389929908,0.0019721114475255036,0.0022009076651012993,0.2%,0.2%,0.2%,24,,,56.06872307855222
2024-12-27 00:00:00+00:00,95791.6,97544.58,93500.01,94299.03,26501.26429,2528567849.7794614,5718866,12945.51657,1235623739.0578184,-0.01558142885179914,-1.558142885179914,106133.74,-11834.710000000006,-11.150751872119091,0.0025446751392705085,0.0033981181210756125,0.00399975163074552,0.3%,0.3%,0.4%,24,,,56.06872307855222
2024-12-28 00:00:00+00:00,94299.03,95733.99,94135.66,95300.0,8385.8929,794651624.8349555,2732061,4203.59876,398416342.128167,0.01061484937862045,1.061484937862045,106133.74,-10833.740000000005,-10.20763048583797,0.0024082967006315357,0.0024042153921100488,0.002815111404493317,0.2%,0.2%,0.3%,24,,,56.06872307855222
2024-12-29 00:00:00+00:00,95300.0,95340.0,93009.52,93738.2,13576.00578,1278370863.9768472,2865838,5651.38589,532195414.1027413,-0.01638824763903468,-1.638824763903468,106133.74,-12395.540000000008,-11.679170073531765,0.003984611158485038,0.004016134407174907,0.0040406696740923585,0.4%,0.4%,0.4%,24,,,56.06872307855222
2024-12-30 00:00:00+00:00,93738.19,95024.5,91530.45,92792.05,27619.4225,2573126059.769478,5560563,13092.19646,1220209278.2523272,-0.010093537106537043,-1.0093537106537043,106133.74,-13341.690000000002,-12.570639647674719,0.004080901740030841,0.004313932697503022,0.0036537119005403593,0.4%,0.4%,0.4%,24,,,56.06872307855222
2024-12-31 00:00:00+00:00,92792.05,96250.0,92033.73,93576.0,19612.03389,1845718801.922704,3347847,9687.96775,911716321.605402,0.008448460832582105,0.8448460832582105,106133.74,-12557.740000000005,-11.831996121120392,0.0043803861156587395,0.004240777930498014,0.004028629499242421,0.4%,0.4%,0.4%,24,,,56.06872307855222
2025-01-01 00:00:00+00:00,93576.0,95151.15,92888.0,94591.79,10373.32613,975444194.1379983,1516556,5347.73648,502914035.64059067,0.010855240659998211,1.085524065999821,106133.74,-11541.950000000012,-10.874911220503503,0.002404233780731267,0.0027258051884705183,0.003620556224502591,0.2%,0.3%,0.4%,24,,,56.06872307855222
2025-01-02 00:00:00+00:00,94591.78,97839.5,94392.0,96984.79,21970.48948,2118411852.6812794,3569079,10915.96986,1052226710.3336717,0.025298178626284695,2.5298178626284695,106133.74,-9148.950000000012,-8.620208804476325,0.0019400821924544696,0.0018799385566212,0.001998500723888088,0.2%,0.2%,0.2%,24,,,56.06872307855222
2025-01-03 00:00:00+00:00,96984.79,98976.91,96100.01,98174.18,15253.82936,1486610768.5907917,2851164,7468.60797,727787246.8965588,0.012263675572221189,1.2263675572221189,106133.74,-7959.560000000012,-7.499556691397114,0.0029778693062164183,0.0027551455001253292,0.0024378074089396232,0.3%,0.3%,0.2%,24,,,56.06872307855222
2025-01-04 00:00:00+00:00,98174.17,98778.43,97514.79,98220.5,8990.05651,881223751.6353602,1559982,4350.80221,426524714.1305539,0.0004718144831972193,0.04718144831972193,106133.74,-7913.240000000005,-7.455913642541956,0.002957675591401226,0.0027825882425304926,0.002437547269156101,0.3%,0.3%,0.2%,24,,,56.06872307855222
2025-01-05 00:00:00+00:00,98220.51,98836.85,97276.79,98363.61,8095.63723,793931715.9546324,1685799,3877.90985,380355340.4686036,0.0014570278098766654,0.14570278098766654,106133.74,-7770.130000000005,-7.321074335079503,0.0035076609914981276,0.0030943270962734333,0.0026282943646443973,0.4%,0.3%,0.3%,24,,,56.06872307855222
2025-01-06 00:00:00+00:00,98363.61,102480.0,97920.0,102235.6,25263.43375,2540561688.7771435,3853702,12539.59534,1260943259.4662561,0.039364049367443865,3.9364049367443865,106133.74,-3898.1399999999994,-3.6728565298838944,0.00423564155819205,0.006022028213011454,0.005915513184484792,0.4%,0.6%,0.6%,24,,,56.06872307855222
2025-01-07 00:00:00+00:00,102235.6,102724.38,96181.81,96954.61,32059.875369999998,3170421659.717236,4480562,14815.11453,1464336049.7055345,-0.05165509861535522,-5.165509861535522,106133.74,-9179.130000000005,-8.648644625168211,0.0020440335086987123,0.0019272778658201456,0.001995551566027476,0.2%,0.2%,0.2%,24,,,56.06872307855222
2025-01-08 00:00:00+00:00,96954.6,97268.65,92500.9,95060.61,33704.67894,3205849081.1129622,5171208,15803.85091,1503791328.6993084,-0.01953491432743626,-1.953491432743626,106133.74,-11073.130000000005,-10.433185526110744,0.00233317203218563,0.002377392876662725,0.0032212075467249793,0.2%,0.2%,0.3%,24,,,56.06872307855222
2025-01-09 00:00:00+00:00,95060.61,95382.32,91203.67,92552.49,34544.83685,3217669887.245398,6027161,15323.62663,1427812152.272761,-0.026384429891623817,-2.6384429891623817,106133.74,-13581.25,-12.796354863213145,0.003977426000828018,0.004177306511465754,0.00353639524435884,0.4%,0.4%,0.4%,24,,,56.06872307855222
2025-01-10 00:00:00+00:00,92552.49,95836.0,92206.02,94726.11,31482.864240000003,2962085343.283704,5531444,15617.43823,1469711545.6571271,0.02348526765730452,2.348526765730452,106133.74,-11407.630000000005,-10.748353916483111,0.0024327022818624393,0.002407542420160579,0.0034420697574137848,0.2%,0.2%,0.3%,24,,,56.06872307855222
2025-01-11 00:00:00+00:00,94726.1,95050.94,93831.73,94599.99,7047.9043,665685994.93301,1496191,3412.37671,322346977.4354553,-0.0013314174940783907,-0.13314174940783907,106133.74,-11533.75,-10.867185119454003,0.0024075022183872806,0.0026831677782661705,0.0036138136805366175,0.2%,0.3%,0.4%,24,,,56.06872307855222
2025-01-12 00:00:00+00:00,94599.99,95450.1,93711.19,94545.06,8606.86622,813278829.6583949,1658863,4028.33031,380691769.9184427,-0.0005806554525006336,-0.058065545250063355,106133.74,-11588.680000000008,-10.918940574411117,0.002496788964211696,0.002796123050424096,0.0036884201700998426,0.2%,0.3%,0.4%,24,,,56.06872307855222
2025-01-13 00:00:00+00:00,94545.07,95940.0,89256.69,94536.1,42619.56423,3930666134.3474574,5740963,19473.88042,1797888178.849608,-9.476962625010188e-05,-0.009476962625010188,106133.74,-11597.64,-10.927382753118842,0.0024897281374303354,0.0027919793639809617,0.0036906331676659805,0.2%,0.3%,0.4%,24,,,56.06872307855222
2025-01-14 00:00:00+00:00,94536.11,97371.0,94346.22,96560.86,27846.61753,2676048470.3569503,4532923,14248.69616,1369464111.693496,0.021417849900725594,2.1417849900725594,106133.74,-9572.880000000005,-9.019638806660357,0.0017219786589224432,0.002085069140428503,0.002000378092736883,0.2%,0.2%,0.2%,24,,,56.06872307855222
2025-01-15 00:00:00+00:00,96560.85,100681.94,96500.0,100497.35,30509.99179,3006242382.8867946,3487945,15494.17873,1527728226.3083327,0.04076693186038316,4.076693186038316,106133.74,-5636.389999999999,-5.310648621258418,0.007051180987397289,0.006155528651301088,0.004988140709353033,0.7%,0.6%,0.5%,24,,,56.06872307855222
2025-01-16 00:00:00+00:00,100497.35,100866.66,97335.13,99987.3,27832.85317,2765162040.639799,3762755,13513.53707,1342462621.6273286,-0.005075258203325772,-0.5075258203325772,106133.74,-6146.440000000002,-5.791221528610979,0.0059068554281728955,0.005336186907813338,0.004297380513561522,0.6%,0.5%,0.4%,24,,,56.06872307855222
2025-01-17 00:00:00+00:00,99987.3,105865.22,99950.77,104077.48,39171.85292,4040993985.4750466,3886907,20673.213,2131223293.2048461,0.04090699518838892,4.090699518838892,106133.74,-2056.2600000000093,-1.9374234809778734,0.0026612379738915255,0.0030878290607197247,0.0037308888701831715,0.3%,0.3%,0.4%,24,,,56.06872307855222
2025-01-18 00:00:00+00:00,104077.47,104988.88,102277.55,104556.23,24307.82998,2521522119.379525,3403162,11607.51274,1204170928.374812,0.0045999384304846735,0.45999384304846735,106133.74,-1577.5100000000093,-1.4863416666556883,0.00333417598199107,0.0029236151282578987,0.0035135512832966754,0.3%,0.3%,0.4%,24,,,56.06872307855222
2025-01-19 00:00:00+00:00,104556.23,106422.43,99651.6,101331.57,43397.28298,4513423971.410252,5271920,21079.51082,2193270771.0019445,-0.030841395103859304,-3.0841395103859304,106133.74,-4802.169999999998,-4.524640326440954,0.007923449252099183,0.006992623377126199,0.005700204720016535,0.8%,0.7%,0.6%,24,,,56.06872307855222
2025-01-20 00:00:00+00:00,101331.57,109588.0,99550.0,102260.01,89529.231732,9398787064.320715,11597937,44770.529492,4704453254.515383,0.009162396279856155,0.9162396279856155,106133.74,-3873.7300000000105,-3.6498572461500123,0.003878265700230965,0.005868345770008943,0.005914855406640956,0.4%,0.6%,0.6%,24,,,56.06872307855222
2025-01-21 00:00:00+00:00,102260.0,107240.81,100119.04,106143.82,45941.020019999996,4768512258.156502,6842980,23227.02741,2411854258.5127187,0.03797975376689289,3.7979753766892888,106143.82,0.0,0.0,0.0033596858180351794,0.002924447678547804,0.0027743702038145568,0.3%,0.3%,0.3%,24,,,56.06872307855222
2025-01-22 00:00:00+00:00,106143.82,106394.46,103339.12,103706.66,22248.69254,2331144640.658579,4364035,10501.59306,1100173331.9876585,-0.022960922265658046,-2.2960922265658046,106143.82,-2437.1600000000035,-2.2960922265658046,0.0030037207546831255,0.003463282751504128,0.004792061366991259,0.3%,0.3%,0.5%,24,,,56.06872307855222
2025-01-23 00:00:00+00:00,103706.66,106850.0,101262.28,103910.34,53953.12031,5610760848.131639,6961383,27045.92646,2813824950.5718837,0.0019640011547956693,0.19640011547956693,106143.82,-2233.4800000000105,-2.1042016388707396,0.0025438020163587997,0.0030970709406237767,0.003851654284862135,0.3%,0.3%,0.4%,24,,,56.06872307855222
2025-01-24 00:00:00+00:00,103910.35,107120.0,102750.0,104870.5,23609.24017,2483818574.373748,4798886,11893.460500000001,1251601023.3484685,0.009240273874573157,0.9240273874573157,106143.82,-1273.320000000007,-1.1996176508439316,0.0020013838565593055,0.002739279255969982,0.002984681788474542,0.2%,0.3%,0.3%,24,,,56.06872307855222
2025-01-25 00:00:00+00:00,104870.51,105286.52,104106.09,104746.85,9068.32377,949511531.3578017,1770765,4462.60438,467284996.3760966,-0.0011790732379457491,-0.11790732379457491,106143.82,-1396.9700000000012,-1.316110537570625,0.0022175119223234677,0.002807128110443352,0.00316885884079463,0.2%,0.3%,0.3%,24,,,56.06872307855222
2025-01-26 00:00:00+00:00,104746.86,105500.0,102520.44,102620.0,9812.51238,1024352365.4715524,1813011,4642.1724699999995,484871090.3361497,-0.020304667873067395,-2.0304667873067395,106143.82,-3523.820000000007,-3.3198541375277446,0.004484542709455221,0.00445685720718028,0.005910004711262993,0.4%,0.4%,0.6%,24,,,56.06872307855222
2025-01-27 00:00:00+00:00,102620.01,103260.0,97777.77,102082.83,50758.1341,5092886322.829244,9368910,23529.22433,2361569760.8418937,-0.0052345546677060595,-0.523455466770606,106143.82,-4060.9900000000052,-3.8259316463266635,0.004174401074242776,0.006519116554384454,0.005848418783905724,0.4%,0.7%,0.6%,24,,,56.06872307855222
2025-01-28 00:00:00+00:00,102082.83,103800.0,100272.68,101335.52,22022.05765,2253977324.036209,5428644,10756.64741,1101357650.2919877,-0.0073206238502596666,-0.7320623850259667,106143.82,-4808.300000000003,-4.529985824893057,0.007958683253638991,0.007001729954934666,0.0057025068118875775,0.8%,0.7%,0.6%,24,,,56.06872307855222
2025-01-29 00:00:00+00:00,101335.52,104782.68,101328.01,103733.24,23155.35802,2380383694.772136,5189699,11675.17182,1200636637.8143668,0.023661199942527578,2.3661199942527578,106143.82,-2410.5800000000017,-2.2710507309799066,0.0030189337265058842,0.003380252072951415,0.004546803602501197,0.3%,0.3%,0.5%,24,,,56.06872307855222
2025-01-30 00:00:00+00:00,103733.25,106457.44,103278.54,104722.94,19374.07472,2038112603.5126412,3990075,10140.92834,1066933244.9920207,0.00954081835292131,0.954081835292131,106143.82,-1420.8800000000047,-1.3386365781823284,0.0025315019052914826,0.0027966172367482867,0.003190841812499579,0.3%,0.3%,0.3%,24,,,56.06872307855222
2025-01-31 00:00:00+00:00,104722.94,106012.0,101560.0,102429.56,21983.18193,2282174002.1952176,4331904,10697.39968,1111485874.1292846,-0.021899499765762886,-2.1899499765762886,106143.82,-3714.2600000000093,-3.4992710833282703,0.0042726458587765285,0.005029495961333852,0.0058994279722372565,0.4%,0.5%,0.6%,24,,,56.06872307855222
2025-02-01 00:00:00+00:00,102429.56,102783.71,100279.51,100635.65,12290.957470000001,1250354228.2372298,2588786,5625.8933099999995,572540016.1490111,-0.01751359666096397,-1.751359666096397,106143.82,-5508.170000000013,-5.189345927063882,0.007281723217383853,0.00644224223637084,0.005209147883526769,0.7%,0.6%,0.5%,24,,,56.06872307855222
2025-02-02 00:00:00+00:00,100635.66,101456.6,96150.0,97700.59,34619.49939,3412084312.5836277,7202339,15587.16669,1536076091.3030133,-0.029165211334154395,-2.9165211334154395,106143.82,-8443.23000000001,-7.95451868983047,0.002608470146308707,0.0024310881589481967,0.0021864743062152726,0.3%,0.2%,0.2%,24,,,56.06872307855222
2025-02-03 00:00:00+00:00,97700.59,102500.01,91231.0,101328.52,75164.73849999999,7228589180.711621,10625262,36736.56946,3537845694.481266,0.03713314320824468,3.713314320824468,106143.82,-4815.300000000003,-4.536580650668121,0.007936360427848387,0.006997306332127691,0.0057014853019822995,0.8%,0.7%,0.6%,24,,,56.06872307855222
2025-02-04 00:00:00+00:00,101328.51,101732.31,96150.0,97763.13,40267.98697,3989698644.2649307,6618911,19091.58154,1891457194.359833,-0.03518644109279401,-3.5186441092794007,106143.82,-8380.690000000002,-7.895598632120082,0.00261462806472393,0.002408434114748362,0.00219957635890448,0.3%,0.2%,0.2%,24,,,56.06872307855222
2025-02-05 00:00:00+00:00,97763.14,99149.0,96155.0,96612.43,26233.30444,2562342153.829685,4471763,11032.55174,1078316288.1425588,-0.011770285996367091,-1.1770285996367091,106143.82,-9531.390000000014,-8.979693777744213,0.0018096780445972693,0.002086501574946752,0.0020196983518243855,0.2%,0.2%,0.2%,24,,,56.06872307855222
2025-02-06 00:00:00+00:00,96612.44,99120.0,95676.64,96554.35,23515.20405,2289071921.2175603,4242807,11261.53049,1096611639.376009,-0.0006011648811647952,-0.060116488116479516,106143.82,-9589.470000000001,-9.034411989317892,0.0017250175842434634,0.0020874201448640604,0.0020028122300908328,0.2%,0.2%,0.2%,24,,,56.06872307855222
2025-02-07 00:00:00+00:00,96554.35,100137.99,95620.34,96506.8,31794.22065,3107592434.6738343,5012456,15249.3537,1491114588.559852,-0.0004924687494659574,-0.04924687494659574,106143.82,-9637.020000000004,-9.079209698689949,0.001945583706168813,0.0021262051477150177,0.002094204789780325,0.2%,0.2%,0.2%,24,,,56.06872307855222
2025-02-08 00:00:00+00:00,96506.8,96880.0,95688.0,96444.74,10147.24294,977040267.5158631,1757892,4450.52682,428452764.9047411,-0.0006430634939713631,-0.06430634939713631,106143.82,-9699.080000000002,-9.137677539775746,0.002035345151288945,0.0021206723024288243,0.0021362454099893577,0.2%,0.2%,0.2%,24,,,56.06872307855222
2025-02-09 00:00:00+00:00,96444.75,97323.09,94713.0,96462.75,14120.91613,1359495152.3107975,2293192,6663.72875,641795598.1752762,0.00018673905907151678,0.018673905907151678,106143.82,-9681.070000000007,-9.120709995174481,0.001989582642369195,0.002123216705869809,0.0021106873115998032,0.2%,0.2%,0.2%,24,,,56.06872307855222
2025-02-10 00:00:00+00:00,96462.75,98345.0,95256.0,97430.82,20572.87537,1999112052.6687863,3475919,9607.62329,933665618.5050191,0.010035687350816946,1.0035687350816946,106143.82,-8713.0,-8.20867385402183,0.0022867309104759115,0.0021543454627124107,0.0021112717148562316,0.2%,0.2%,0.2%,24,,,56.06872307855222
2025-02-11 00:00:00+00:00,97430.82,98478.42,94876.88,95778.2,18647.76379,1806534846.3863194,3716586,8594.50066,832320054.8763716,-0.016961983897908373,-1.6961983897908373,106143.82,-10365.62000000001,-9.765636850077575,0.0018320651873515808,0.001955594609855192,0.0022007514786618137,0.2%,0.2%,0.2%,24,,,56.06872307855222
2025-02-12 00:00:00+00:00,95778.21,98119.99,94088.23,97869.99,29151.166250000002,2800142168.3943653,4992737,13820.705530000001,1328044257.0401335,0.021839938524633062,2.1839938524633062,106143.82,-8273.830000000002,-7.794923906073858,0.002619098478068613,0.0024347172010956517,0.0021967637983717207,0.3%,0.2%,0.2%,24,,,56.06872307855222
2025-02-13 00:00:00+00:00,97870.0,98083.91,95217.36,96608.14,19921.77616,1916988246.3921187,3909456,8852.16215,851823567.0939347,-0.0128931248485874,-1.28931248485874,106143.82,-9535.680000000008,-8.983735463826347,0.0018124649696486972,0.0020861091493579163,0.0020204105162384472,0.2%,0.2%,0.2%,24,,,56.06872307855222
2025-02-14 00:00:00+00:00,96608.13,98826.0,96252.82,97500.48,18173.02646,1768073218.8690155,3499564,9061.31682,881925349.6444213,0.009236695789816451,0.9236695789816451,106143.82,-8643.340000000011,-8.143045916380254,0.002513942015269263,0.0022492155406983534,0.002178363588776721,0.3%,0.2%,0.2%,24,,,56.06872307855222
2025-02-15 00:00:00+00:00,97500.47,97972.26,97223.58,97569.66,7349.37683,717245393.778092,1694327,3579.1420200000002,349322778.2339769,0.0007095349684433927,0.07095349684433927,106143.82,-8574.160000000003,-8.077870195363236,0.0023859807445009255,0.0022918166483074727,0.0021783964312049177,0.2%,0.2%,0.2%,24,,,56.06872307855222
2025-02-16 00:00:00+00:00,97569.67,97704.47,96046.18,96118.12,8191.4249,794694242.2949731,1596701,3719.73063,360842416.6644167,-0.014876960727340904,-1.4876960727340904,106143.82,-10025.700000000012,-9.445392110440354,0.0022308045702038003,0.002006119470029256,0.002231585031005896,0.2%,0.2%,0.2%,24,,,56.06872307855222
2025-02-17 00:00:00+00:00,96118.12,97046.59,95205.0,95780.0,16492.0451,1584593526.1754677,2831237,8010.41565,769979077.1361973,-0.0035177550289164916,-0.35177550289164916,106143.82,-10363.820000000007,-9.763941037735414,0.0018363625245924316,0.001955044926329291,0.0021993153128564286,0.2%,0.2%,0.2%,24,,,56.06872307855222
2025-02-18 00:00:00+00:00,95780.01,96753.91,93388.09,95671.74,23368.19471,2223994802.892005,4234248,11432.47367,1088319233.5219896,-0.0011302986009604776,-0.11302986009604776,106143.82,-10472.080000000002,-9.865934728936644,0.0017435807398374263,0.0021028631457936943,0.0022684739746176856,0.2%,0.2%,0.2%,24,,,56.06872307855222
2025-02-19 00:00:00+00:00,95671.74,96899.99,95029.99,96644.37,16438.50954,1576817572.1032505,2784225,7173.61807,688586919.9759259,0.01016632497746972,1.016632497746972,106143.82,-9499.450000000012,-8.949602529850543,0.001822254105846664,0.002087388392820713,0.0020122750455535176,0.2%,0.2%,0.2%,24,,,56.06872307855222
2025-02-20 00:00:00+00:00,96644.37,98711.36,96415.09,98305.0,17057.39177,1663386824.7315507,2386973,8356.42859,815056614.1738269,0.017182894357943512,1.7182894357943512,106143.82,-7838.820000000007,-7.385093168872203,0.0033812014169103837,0.0030247404791678,0.00257971609174395,0.3%,0.3%,0.3%,24,,,56.06872307855222
2025-02-21 00:00:00+00:00,98305.01,99475.0,94871.95,96181.98,32249.2814,3143975917.5734644,4528525,15313.58184,1493403646.8483026,-0.02159625654849706,-2.159625654849706,106143.82,-9961.840000000011,-9.385228457012396,0.0022942113834263133,0.0020685325455467203,0.0022295554181496584,0.2%,0.2%,0.2%,24,,,56.06872307855222
2025-02-22 00:00:00+00:00,96181.99,96980.0,95770.49,96551.01,11268.17708,1087077133.8226364,1506418,5293.28051,510722895.1675426,0.0038367893861199764,0.38367893861199764,106143.82,-9592.810000000012,-9.03755866333058,0.0017355804471589605,0.002085010078396135,0.002003023134498791,0.2%,0.2%,0.2%,24,,,56.06872307855222
2025-02-23 00:00:00+00:00,96551.01,96650.0,95227.94,96258.0,10884.84913,1044392011.7910241,1457368,4619.93267,443381984.4110255,-0.003034768875022631,-0.3034768875022631,106143.82,-9885.820000000007,-9.313608649095173,0.0023356070787382385,0.0021122388763089215,0.0021363188251406606,0.2%,0.2%,0.2%,24,,,56.06872307855222
2025-02-24 00:00:00+00:00,96258.0,96500.0,91349.26,91552.88,31550.10299,2981809595.445377,4972684,14438.63366,1366473567.874773,-0.04888030085811046,-4.888030085811046,106143.82,-14590.940000000002,-13.746386742063743,0.003016046644343495,0.0030165132196280794,0.0031049371750045273,0.3%,0.3%,0.3%,24,,,56.06872307855222
2025-02-25 00:00:00+00:00,91552.88,92540.69,86050.99,88680.4,78333.11111,6962982500.904473,10289145,35822.15275,3183981371.4750504,-0.0313750916410277,-3.1375091641027697,106143.82,-17463.420000000013,-16.452601762401255,0.003272301670910099,0.0029552452383302587,0.002917753976931831,0.3%,0.3%,0.3%,24,,,56.06872307855222
2025-02-26 00:00:00+00:00,88680.39,89414.15,82256.01,84250.09,56893.544089999996,4898429925.6364765,8490006,28077.1845,2417690848.8189874,-0.04995816437454048,-4.995816437454048,106143.82,-21893.73000000001,-20.6264764166204,0.003492538805228546,0.004471270901663459,0.005953544260513002,0.3%,0.4%,0.6%,24,,,56.06872307855222
2025-02-27 00:00:00+00:00,84250.09,87078.46,82716.49,84708.58,42505.45439,3618738891.2221622,6357581,20355.719689999998,1732725913.2817628,0.005442011990729023,0.5442011990729023,106143.82,-21435.240000000005,-20.194524749533226,0.002870877662225143,0.0028437592144340837,0.004955360671547038,0.3%,0.3%,0.5%,24,,,56.06872307855222
2025-02-28 00:00:00+00:00,84708.57,85120.0,78258.52,84349.94,83648.03969,6806705236.690679,11344216,40224.85287,3274291175.8103995,-0.0042338096093689215,-0.42338096093689215,106143.82,-21793.880000000005,-20.53240593752892,0.0028335952308722475,0.0044488409421767254,0.005859693264976041,0.3%,0.4%,0.6%,24,,,56.06872307855222
2025-03-01 00:00:00+00:00,84349.95,86558.0,83824.78,86064.53,25785.05464,2194003507.852643,3700728,11748.10769,1000093822.5383525,0.02032710396711601,2.032710396711601,106143.82,-20079.290000000008,-18.917059891004495,0.0065580303833490654,0.005571381087542596,0.004862830090812884,0.7%,0.6%,0.5%,24,,,56.06872307855222
2025-03-02 00:00:00+00:00,86064.54,95000.0,85050.6,94270.0,54889.09045,4972549515.788669,7403218,29273.81031,2652973441.154539,0.09534090292481712,9.53409029248171,106143.82,-11873.820000000007,-11.186539169214004,0.002642318481408053,0.0035218257360161574,0.003991432854942656,0.3%,0.4%,0.4%,24,,,56.06872307855222
2025-03-03 00:00:00+00:00,94269.99,94416.46,85117.11,86220.61,59171.10218,5321123743.471923,9797860,27915.4365,2513464571.356911,-0.08538654927336375,-8.538654927336376,106143.82,-19923.210000000006,-18.77001411857987,0.006664856525594032,0.00566472881916147,0.004805651399948592,0.7%,0.6%,0.5%,24,,,56.06872307855222
2025-03-04 00:00:00+00:00,86221.16,88967.52,81500.0,87281.98,55609.107059999995,4704901219.590436,10326631,27584.7159,2335087296.239287,0.012309933784973248,1.2309933784973248,106143.82,-18861.84000000001,-17.77007837102529,0.0033715001710259824,0.004958794510715243,0.00506938482913676,0.3%,0.5%,0.5%,24,,,56.06872307855222
2025-03-05 00:00:00+00:00,87281.98,91000.0,86334.53,90606.01,38264.01163,3400243670.3049755,8070266,19230.28436,1709708737.4698935,0.038083806073143656,3.8083806073143656,106143.82,-15537.810000000012,-14.638449982297619,0.0026493321024829387,0.0030770472036624067,0.0036565644838960944,0.3%,0.3%,0.4%,24,,,56.06872307855222
2025-03-06 00:00:00+00:00,90606.0,92810.64,87836.0,89931.89,34342.44902,3105145628.3993993,7643526,17283.99411,1563426526.4289935,-0.007440124556858829,-0.7440124556858829,106143.82,-16211.930000000008,-15.273550546795855,0.0037410173294422735,0.004306517867715555,0.003661328931130519,0.4%,0.4%,0.4%,24,,,56.06872307855222
2025-03-07 00:00:00+00:00,89931.88,91283.02,84667.03,86801.75,57980.35713,5097554826.613157,9510442,28394.41537,2497922400.4504447,-0.034805673493573885,-3.4805673493573885,106143.82,-19342.070000000007,-18.222511682733867,0.0056767664434977366,0.006197005144288217,0.005028900917105827,0.6%,0.6%,0.5%,24,,,56.06872307855222
2025-03-08 00:00:00+00:00,86801.74,86897.25,85218.47,86222.45,12989.23054,1119358968.6520054,2553974,6491.56581,559581591.3470742,-0.006673828580645025,-0.6673828580645025,106143.82,-19921.37000000001,-18.768280621518997,0.006672708399023169,0.0056634542100082634,0.00480451080623708,0.7%,0.6%,0.5%,24,,,56.06872307855222
2025-03-09 00:00:00+00:00,86222.46,86500.0,80000.0,80734.37,26115.39345,2173552660.454479,5189138,12093.87232,1006299692.7104127,-0.0636502442229373,-6.365024422293731,106143.82,-25409.45000000001,-23.93869939860842,0.007654268648280345,0.00835942239179824,0.006771878374802199,0.8%,0.8%,0.7%,24,,,56.06872307855222
2025-03-10 00:00:00+00:00,80734.48,84123.46,77459.91,78595.86,47633.38405,3834924947.7581863,8701538,22898.57072,1846606255.3521485,-0.026488223045525672,-2.648822304552567,106143.82,-27547.960000000006,-25.953428094070862,0.005275203477690365,0.004842124958303045,0.00498818057341587,0.5%,0.5%,0.5%,24,,,56.06872307855222
2025-03-11 00:00:00+00:00,78595.86,83617.4,76606.0,82932.99,48770.06853,3927000827.1107917,6983310,24029.1677,1935950413.2018194,0.055182677560879245,5.5182677560879245,106143.82,-23210.83,-21.867339992097513,0.006757965811452098,0.006970331075103416,0.007648511569790377,0.7%,0.7%,0.8%,24,,,56.06872307855222
2025-03-12 00:00:00+00:00,82932.99,84539.85,80607.65,83680.12,31933.986,2638600996.825396,5253577,15749.41702,1301890518.499408,0.009008839546240877,0.9008839546240877,106143.82,-22463.70000000001,-21.16345539476534,0.0047752496678117925,0.005637557084239542,0.006606351327609614,0.5%,0.6%,0.7%,24,,,56.06872307855222
2025-03-13 00:00:00+00:00,83680.12,84336.33,79939.9,81115.78,27546.27412,2260870111.2393894,4367093,13013.18135,1067945431.1219469,-0.030644554525017353,-3.0644554525017353,106143.82,-25028.040000000008,-23.579366184484417,0.007073316725970223,0.007808964917445532,0.00687396719504608,0.7%,0.8%,0.7%,24,,,56.06872307855222
2025-03-14 00:00:00+00:00,81115.78,85309.71,80818.84,83983.2,26858.52755,2244729595.5411716,3290987,14082.88688,1177807467.0181801,0.03534971863674374,3.5349718636743743,106143.82,-22160.62000000001,-20.87791828106432,0.005008095826370395,0.005061471587542385,0.006483062774492184,0.5%,0.5%,0.6%,24,,,56.06872307855222
2025-03-15 00:00:00+00:00,83983.19,84676.28,83618.0,84338.44,11324.7332,953445671.8337505,1329670,5195.29128,437551330.253166,0.004229893597767154,0.42298935977671537,106143.82,-21805.380000000005,-20.543240294159382,0.0029152641943714134,0.004461768506420877,0.005899931843023445,0.3%,0.4%,0.6%,24,,,56.06872307855222
2025-03-16 00:00:00+00:00,84338.44,85117.04,81981.12,82574.53,17596.12531,1468056556.2967227,2767947,8505.95317,710037465.075748,-0.020914662400679962,-2.091466240067996,106143.82,-23569.290000000008,-22.205051598858994,0.007597158240640554,0.007051940392632481,0.007575960209699445,0.8%,0.7%,0.8%,24,,,56.06872307855222
2025-03-17 00:00:00+00:00,82574.52,84756.83,82456.0,84010.03,17214.74358,1437716814.0468738,3014756,8387.89111,700505421.7877294,0.017384295133135996,1.7384295133135996,106143.82,-22133.790000000008,-20.85264125598646,0.004933684161997259,0.005013419775516429,0.006314471727316969,0.5%,0.5%,0.6%,24,,,56.06872307855222
2025-03-18 00:00:00+00:00,84010.02,84021.74,81134.66,82715.03,17610.89883,1450813055.479726,3126371,8047.2341799999995,662808749.3427887,-0.015414826063030795,-1.5414826063030795,106143.82,-23428.790000000008,-22.07268402437372,0.007190985424759608,0.0069075728276877316,0.007581385311412958,0.7%,0.7%,0.8%,24,,,56.06872307855222
2025-03-19 00:00:00+00:00,82715.03,87000.0,82547.16,86845.94,28151.05374,2375813941.9437623,3774761,13804.24847,1166238970.2811465,0.04994146771149088,4.994146771149088,106143.82,-19297.880000000005,-18.180879489733837,0.005661224393092895,0.006139164129373429,0.005042239156124619,0.6%,0.6%,0.5%,24,,,56.06872307855222
2025-03-20 00:00:00+00:00,86845.93,87453.67,83655.23,84223.39,22090.30463,1885241921.1556518,3252595,10163.59262,867440339.2962607,-0.030197727147636355,-3.0197727147636355,106143.82,-21920.430000000008,-20.651630966362433,0.004214744096857912,0.004513659367521534,0.005952335695792969,0.4%,0.5%,0.6%,24,,,56.06872307855222
2025-03-21 00:00:00+00:00,84223.38,84850.33,83175.25,84088.79,11956.97443,1005135519.2560017,2360005,5466.41961,459501348.0817583,-0.0015981308755205204,-0.15981308755205204,106143.82,-22055.030000000013,-20.77844004483729,0.004487175415735338,0.004975929070318107,0.006197223747167466,0.4%,0.5%,0.6%,24,,,56.06872307855222
2025-03-22 00:00:00+00:00,84088.79,84539.17,83625.1,83840.59,5420.22114,456235443.8016522,864481,2284.19178,192291026.7874248,-0.0029516419489445944,-0.29516419489445944,106143.82,-22303.23000000001,-21.01227372446178,0.0054908446082500215,0.0054466996967284026,0.0066478889745798875,0.5%,0.5%,0.7%,24,,,56.06872307855222
2025-03-23 00:00:00+00:00,83840.59,86129.64,83809.75,86082.5,8461.97813,718692319.1499038,1206533,4424.81013,376007261.5213597,0.02674015056430301,2.674015056430301,106143.82,-20061.320000000007,-18.900130031121932,0.00652683523298945,0.005547561375718595,0.004837403315754359,0.7%,0.6%,0.5%,24,,,56.06872307855222
2025-03-24 00:00:00+00:00,86082.5,88765.43,85519.09,87498.16,30115.62111,2636765917.9518437,2916713,14379.95578,1258638667.112904,0.01644538669299811,1.644538669299811,106143.82,-18645.660000000003,-17.566411308731865,0.00276204558378044,0.004456570370523539,0.005045468815234575,0.3%,0.4%,0.5%,24,,,56.06872307855222
2025-03-25 00:00:00+00:00,87498.16,88539.63,86310.0,87392.87,22643.25248,1979571590.8982937,2802815,9440.56294,825308072.6337814,-0.0012033395902268929,-0.12033395902268929,106143.82,-18750.95000000001,-17.665606909568552,0.002978052506924403,0.004686490491200827,0.00504375524949201,0.3%,0.5%,0.5%,24,,,56.06872307855222
2025-03-26 00:00:00+00:00,87392.88,88275.0,85860.0,86909.17,18408.78485,1606406955.5864635,2380154,8590.97753,749604853.2968135,-0.005534776464029556,-0.5534776464029556,106143.82,-19234.65000000001,-18.12130937062564,0.005752164542911008,0.006158886784308945,0.005068918068816632,0.6%,0.6%,0.5%,24,,,56.06872307855222
2025-03-27 00:00:00+00:00,86909.17,87756.39,85800.0,87232.01,17098.03897,1487968807.7079022,2376381,8185.0551700000005,712324893.2889168,0.003714682811951864,0.3714682811951864,106143.82,-18911.810000000012,-17.817156005879575,0.004864057552365279,0.00502926417349277,0.005063438612552871,0.5%,0.5%,0.5%,24,,,56.06872307855222
2025-03-28 00:00:00+00:00,87232.01,87515.67,83585.0,84424.38,27182.73169,2309946560.664114,3236085,11274.83736,958523321.8112731,-0.0321857767578666,-3.21857767578666,106143.82,-21719.440000000002,-20.462274676000924,0.00291555349425115,0.004133245497715741,0.0056000181471496276,0.3%,0.4%,0.6%,24,,,56.06872307855222
2025-03-29 00:00:00+00:00,84424.38,84624.73,81644.81,82648.54,11696.39864,970199917.9868716,2172387,5621.60485,466215575.4849069,-0.02103468216171689,-2.103468216171689,106143.82,-23495.280000000013,-22.135325448057188,0.007445778808619641,0.006963563383025777,0.007574353184540652,0.7%,0.7%,0.8%,24,,,56.06872307855222
2025-03-30 00:00:00+00:00,82648.53,83534.64,81565.0,82389.99,9864.49508,816584795.5288126,1907663,4725.07105,391214080.11011606,-0.0031283069247198814,-0.31283069247198814,106143.82,-23753.83,-22.378910048649093,0.007442563552765358,0.007256809462613425,0.0075575886483250695,0.7%,0.7%,0.8%,24,,,56.06872307855222
2025-03-31 00:00:00+00:00,82390.0,83943.08,81278.52,82550.01,20569.13885,1696009191.0809648,3964358,9912.88184,817875871.1107411,0.0019422262340362817,0.19422262340362817,106143.82,-23593.810000000012,-22.228152331431083,0.007585892304514263,0.0071808350266557835,0.007579840905824804,0.8%,0.7%,0.8%,24,,,56.06872307855222
2025-04-01 00:00:00+00:00,82550.0,85579.46,82432.74,85158.34,20190.39697,1698895702.5754683,3328693,10246.42648,862302772.4330863,0.031596967704788925,3.1596967704788925,106143.82,-20985.48000000001,-19.77079777230555,0.004131805149546931,0.0035840517294009246,0.004330133184105168,0.4%,0.4%,0.4%,24,,,56.06872307855222
2025-04-02 00:00:00+00:00,85158.35,88500.0,82320.0,82516.29,39931.457,3417279759.830764,5338238,20739.67809,1777735583.840748,-0.0310251468030025,-3.10251468030025,106143.82,-23627.530000000013,-22.259920549307544,0.007393011088181061,0.007098785484755664,0.007545564957944744,0.7%,0.7%,0.8%,24,,,56.06872307855222
2025-04-03 00:00:00+00:00,82516.28,83998.02,81211.24,83213.09,27337.84135,2259299724.8643928,4117486,13951.52792,1153439398.6198015,0.008444393222235336,0.8444393222235336,106143.82,-22930.73000000001,-21.60345274929808,0.0050327209394638054,0.006434849873280884,0.007264162820571087,0.5%,0.6%,0.7%,24,,,56.06872307855222
2025-04-04 00:00:00+00:00,83213.09,84720.0,81659.0,83889.87,32915.53976,2739842666.426737,4992586,15896.18779,1323832046.264688,0.00813309540602325,0.813309540602325,106143.82,-22253.95000000001,-20.96584615100532,0.00548631672456513,0.005354360280273909,0.006597821203634499,0.5%,0.5%,0.7%,24,,,56.06872307855222
2025-04-05 00:00:00+00:00,83889.87,84266.0,82379.95,83537.99,9360.40468,779626577.9013436,1575750,4029.64658,335654613.7277184,-0.004194546969735313,-0.4194546969735313,106143.82,-22605.83,-21.29735862153821,0.005334177352544005,0.006163860726183146,0.007012224853576291,0.5%,0.6%,0.7%,24,,,56.06872307855222
2025-04-06 00:00:00+00:00,83537.99,83817.63,77153.83,78430.0,27942.714359999998,2239085051.1529646,3948493,12493.8449,1001459573.4944661,-0.061145713465215135,-6.1145713465215135,106143.82,-27713.820000000007,-26.109687780221215,0.004436740191133766,0.004148848668198328,0.00485939166311441,0.4%,0.4%,0.5%,24,,,56.06872307855222
2025-04-07 00:00:00+00:00,78430.0,81243.58,74508.0,79163.24,78387.53089,6084614024.150647,9736596,39075.84274,3034375055.6843963,0.009348973607038236,0.9348973607038236,106143.82,-26980.58,-25.41888920146269,0.007455365655925739,0.006210301861435871,0.0054113722238974616,0.7%,0.6%,0.5%,24,,,56.06872307855222
2025-04-08 00:00:00+00:00,79163.24,80867.99,76239.9,76322.42,35317.32063,2775277777.102461,5512751,15704.730309999999,1235370767.1153502,-0.03588559538492875,-3.588559538492875,106143.82,-29821.40000000001,-28.09527676693755,0.00598481033420699,0.00887737061457924,0.007943808865991579,0.6%,0.9%,0.8%,24,,,56.06872307855222
2025-04-09 00:00:00+00:00,76322.42,83588.0,74620.0,82615.22,75488.28772,5980231256.222496,7741252,39491.62958,3137004042.959261,0.0824502158081466,8.24502158081466,106143.82,-23528.600000000006,-22.16671681874649,0.007480558434869472,0.007030792628725876,0.0075801540833361145,0.7%,0.7%,0.8%,24,,,56.06872307855222
2025-04-10 00:00:00+00:00,82615.22,82753.21,78464.36,79607.3,33284.807179999996,2690294353.8478427,4529545,16339.9191,1321475356.0200849,-0.036408787630172745,-3.6408787630172745,106143.82,-26536.520000000004,-25.000532296651844,0.00921441640793911,0.007498278857439793,0.0062017935809119155,0.9%,0.7%,0.6%,24,,,56.06872307855222
2025-04-11 00:00:00+00:00,79607.3,84300.0,78969.58,83423.84,34435.43797,2830363945.1787524,4423157,18019.58367,1482515278.9177043,0.047942085713244875,4.7942085713244875,106143.82,-22719.98000000001,-21.404901387570195,0.005371047358758155,0.006525813259628713,0.007228749995193326,0.5%,0.7%,0.7%,24,,,56.06872307855222
2025-04-12 00:00:00+00:00,83423.83,85905.0,82792.95,85276.9,18470.74437,1557403252.9267516,2501196,9526.72644,803747272.783468,0.022212595344448305,2.2212595344448305,106143.82,-20866.920000000013,-19.659100266035278,0.004230721186937147,0.0036426617936833883,0.004265885043761493,0.4%,0.4%,0.4%,24,,,56.06872307855222
2025-04-13 00:00:00+00:00,85276.91,86100.0,83034.23,83760.0,24680.04181,2086106375.4392555,3275879,11658.67909,986303246.0931836,-0.017787935537056265,-1.7787935537056265,106143.82,-22383.820000000007,-21.088199011492147,0.005041821586014798,0.005602126836183185,0.006649252912988053,0.5%,0.6%,0.7%,24,,,56.06872307855222
2025-04-14 00:00:00+00:00,83760.0,85799.99,83678.0,84591.58,28659.09348,2429132805.081529,3921522,15196.58929,1288815999.1406174,0.009928127984718316,0.9928127984718316,106143.82,-21552.240000000005,-20.304752551773632,0.0027460239546827085,0.0036712132564184867,0.00533721403332413,0.3%,0.4%,0.5%,24,,,56.06872307855222
2025-04-15 00:00:00+00:00,84591.58,86496.42,83600.0,83643.99,20910.99528,1780972414.3956008,2910533,10439.36072,889895753.1673651,-0.011201942320973268,-1.1201942320973268,106143.82,-22499.83,-21.19749411694435,0.00482576312018033,0.005873804489809375,0.006669698011604501,0.5%,0.6%,0.7%,24,,,56.06872307855222
2025-04-16 00:00:00+00:00,83643.99,85500.0,83111.64,84030.38,20867.24519,1753910031.2009242,3264730,10456.769,878939829.4848368,0.004619459210398746,0.46194592103987464,106143.82,-22113.440000000002,-20.833469155340367,0.004513595977746455,0.004961876479578553,0.006321967721926014,0.5%,0.5%,0.6%,24,,,56.06872307855222
2025-04-17 00:00:00+00:00,84030.38,85470.01,83736.26,84947.91,13728.84772,1161659427.386263,2003405,6424.41565,543726754.4187016,0.010919027142326287,1.0919027142326287,106143.82,-21195.910000000003,-19.969047656283713,0.0035528051237099767,0.0032606588262834115,0.004438950398839457,0.4%,0.3%,0.4%,24,,,56.06872307855222
2025-04-18 00:00:00+00:00,84947.92,85132.08,84303.96,84474.69,6529.96315,552648483.6474872,840009,2911.78856,246467088.2621466,-0.005570707978571843,-0.5570707978571843,106143.82,-21669.130000000005,-20.414876721037555,0.0027142022549649955,0.003783292416513953,0.005521289212619938,0.3%,0.4%,0.6%,24,,,56.06872307855222
2025-04-19 00:00:00+00:00,84474.7,85677.99,84364.45,85077.01,9666.58153,823222752.2842493,875226,5416.30087,461342923.99908197,0.007130183016948566,0.7130183016948566,106143.82,-21066.810000000012,-19.84742022663214,0.004112538810724654,0.003511189039091041,0.004452703285128716,0.4%,0.4%,0.4%,24,,,56.06872307855222
2025-04-20 00:00:00+00:00,85077.0,85320.76,83949.52,85179.24,8091.67725,685253644.8918362,944130,3843.48314,325482835.7378329,0.0012016172171542827,0.12016172171542827,106143.82,-20964.58,-19.75110750677712,0.0041257151187053705,0.003540483880160613,0.00429822842735397,0.4%,0.4%,0.4%,24,,,56.06872307855222
2025-04-21 00:00:00+00:00,85179.24,88465.99,85144.76,87516.23,31773.372620000002,2773299591.467066,3041395,17216.39877,1502705225.134135,0.02743614523914495,2.743614523914495,106143.82,-18627.59000000001,-17.549387237052528,0.0026626703127780147,0.004314482736253638,0.005049625904963537,0.3%,0.4%,0.5%,24,,,56.06872307855222
2025-04-22 00:00:00+00:00,87516.22,93888.0,87076.03,93442.99,43872.74705,3967785064.12817,3268475,22777.77047,2062639579.2030854,0.0677218385664009,6.7721838566400905,106143.82,-12700.830000000002,-11.965680149819368,0.004360262781870036,0.004327846682127646,0.004015812708405504,0.4%,0.4%,0.4%,24,,,56.06872307855222
2025-04-23 00:00:00+00:00,93442.99,94696.05,91935.41,93691.08,27404.16808,2560279933.947952,3016536,13128.05774,1226992558.5765462,0.0026549878166355345,0.26549878166355345,106143.82,-12452.740000000005,-11.73195010317134,0.003951208679860753,0.004044836592782637,0.004028285976073719,0.4%,0.4%,0.4%,24,,,56.06872307855222
2025-04-24 00:00:00+00:00,93691.07,94005.0,91660.01,93980.47,19497.06071,1811120137.3146787,2797383,8565.18128,795787487.3608981,0.0030887678955136,0.30887678955136,106143.82,-12163.350000000006,-11.45931058445042,0.003161310112744314,0.004006831655003206,0.004028459011787696,0.3%,0.4%,0.4%,24,,,56.06872307855222
2025-04-25 00:00:00+00:00,93980.47,95758.04,92855.96,94638.68,27500.66648,2596877713.640173,3331828,13072.22136,1234153095.7292683,0.007003689170739236,0.7003689170739236,106143.82,-11505.140000000014,-10.839199116820941,0.0023947530893444246,0.0025838612405302505,0.0035817602773135326,0.2%,0.3%,0.4%,24,,,56.06872307855222
2025-04-26 00:00:00+00:00,94638.68,95199.0,93870.69,94628.0,9415.06875,889627361.8414447,1475983,4156.22463,392757114.4383579,-0.0001128502637609552,-0.01128502637609552,106143.82,-11515.820000000007,-10.849260936717753,0.002382162090158946,0.0025999185826415176,0.0035934861449847,0.2%,0.3%,0.4%,24,,,56.06872307855222
2025-04-27 00:00:00+00:00,94628.0,95369.0,93602.58,93749.3,11162.841,1052334792.1866189,1918160,5250.08719,495112239.1081697,-0.009285835059390402,-0.9285835059390402,106143.82,-12394.520000000004,-11.677099995082152,0.003976080470703605,0.0040127115226567985,0.004039947479001253,0.4%,0.4%,0.4%,24,,,56.06872307855222
2025-04-28 00:00:00+00:00,93749.29,95630.0,92800.01,95011.18,22157.53351,2092532996.5551717,3424740,11626.77592,1098667305.2399979,0.013460153835815225,1.3460153835815225,106143.82,-11132.640000000014,-10.488260173790632,0.002308315227262481,0.0023543317647589444,0.0032488769463613486,0.2%,0.2%,0.3%,24,,,56.06872307855222
2025-04-29 00:00:00+00:00,95011.18,95461.53,93742.54,94256.82,16955.3402,1607154803.4675477,3020875,7112.68469,674688527.813066,-0.007939697201950202,-0.7939697201950202,106143.82,-11887.0,-11.198956284030482,0.0027454320655461877,0.0035231829285493795,0.003991785815037489,0.3%,0.4%,0.4%,24,,,56.06872307855222
2025-04-30 00:00:00+00:00,94256.82,95228.45,92910.0,94172.0,17661.2751,1664825670.9831252,3214149,8393.2162,791272380.0312446,-0.0008998818334843284,-0.08998818334843284,106143.82,-11971.820000000007,-11.27886673006493,0.0030898366618538394,0.0037152613666311687,0.004011619210265334,0.3%,0.4%,0.4%,24,,,56.06872307855222
2025-05-01 00:00:00+00:00,94172.0,97424.02,94130.43,96489.91,21380.45343,2053857614.2732673,2925716,10925.87308,1049157198.8587635,0.024613579407891883,2.4613579407891883,106143.82,-9653.910000000003,-9.095122071167216,0.001958431394879095,0.002137132896328506,0.0021026116230821834,0.2%,0.2%,0.2%,24,,,56.06872307855222
2025-05-02 00:00:00+00:00,96489.9,97895.68,96350.0,96887.14,14905.74811,1446387651.5840576,2698263,7440.33531,722022817.2246199,0.004116803508263045,0.4116803508263045,106143.82,-9256.680000000008,-8.720884550791563,0.0019973155349626267,0.0019408246861035284,0.0019871950020485126,0.2%,0.2%,0.2%,24,,,56.06872307855222
2025-05-03 00:00:00+00:00,96887.13,96935.67,95753.01,95856.42,9723.34838,935906144.9651498,1181239,3929.4049,378271292.4443145,-0.010638357164841517,-1.0638357164841517,106143.82,-10287.400000000009,-9.691944382631046,0.0019166110406742924,0.001956641943633549,0.0021495787543559975,0.2%,0.2%,0.2%,24,,,56.06872307855222
2025-05-04 00:00:00+00:00,95856.42,96304.48,94151.38,94277.62,11036.38342,1053542403.8531588,1674726,4385.33486,418573470.8569623,-0.016470466975503584,-1.6470466975503584,106143.82,-11866.200000000012,-11.179360230298862,0.002548608883498338,0.0034515190525102853,0.0039902946168473355,0.3%,0.3%,0.4%,24,,,56.06872307855222
2025-05-05 00:00:00+00:00,94277.61,95199.0,93514.1,94733.68,17251.18189,1626999380.1759968,2623300,8399.64855,792299650.3395202,0.0048374152847727725,0.48374152847727725,106143.82,-11410.140000000014,-10.749697909873612,0.0024130596395271057,0.002410147424066705,0.0034426704245642363,0.2%,0.2%,0.3%,24,,,56.06872307855222
2025-05-06 00:00:00+00:00,94733.68,96920.65,93377.0,96834.02,16122.64513,1526847764.5636683,2512960,7505.95734,711372483.6117135,0.022170995574119168,2.2170995574119168,106143.82,-9309.800000000003,-8.770929857244635,0.0018996845944396058,0.0019375379395816024,0.0019854479278036937,0.2%,0.2%,0.2%,24,,,56.06872307855222
2025-05-07 00:00:00+00:00,96834.02,97732.0,95784.61,97030.5,16644.83854,1611730124.5924542,2849139,8316.74471,805430612.4055355,0.0020290389679165077,0.20290389679165077,106143.82,-9113.320000000007,-8.585822518918206,0.0018083251423754781,0.0018861610007440265,0.0020066325993250917,0.2%,0.2%,0.2%,24,,,56.06872307855222
2025-05-08 00:00:00+00:00,97030.5,104145.76,96876.29,103261.6,34962.02847,3508645830.5650144,4991147,18547.23009,1861334478.3644269,0.06421795208723036,6.421795208723036,106143.82,-2882.220000000001,-2.715391249344523,0.0037129170867078614,0.004116842347561194,0.005691650579146339,0.4%,0.4%,0.6%,24,,,56.06872307855222
2025-05-09 00:00:00+00:00,103261.61,104361.3,102315.14,102971.99,27617.39907,2847518447.981513,4406929,14525.20381,1497826622.326188,-0.002804624371499198,-0.2804624371499198,106143.82,-3171.8300000000017,-2.9882380340183756,0.003953094360983785,0.0039173759071791025,0.005891260204450281,0.4%,0.4%,0.6%,24,,,56.06872307855222
2025-05-10 00:00:00+00:00,102971.99,104984.57,102818.76,104809.53,15324.786110000001,1588386278.5024152,2227845,8258.23478,856095289.5216646,0.017845046988020696,1.7845046988020696,106143.82,-1334.2900000000081,-1.2570585833447612,0.0022029111602493608,0.0027564100099846905,0.0030798467243060026,0.2%,0.3%,0.3%,24,,,56.06872307855222
2025-05-11 00:00:00+00:00,104809.53,104972.0,103345.06,104118.0,17987.12197,1873381777.2124255,3100176,9071.95578,944903285.107308,-0.006597968715249425,-0.6597968715249425,106143.82,-2025.820000000007,-1.9085614216635571,0.0026551688044702203,0.0028227451826966926,0.003673370116500648,0.3%,0.3%,0.4%,24,,,56.06872307855222
2025-05-12 00:00:00+00:00,104118.0,105819.45,100718.37,102791.32,31272.77792,3242348937.383069,5298407,16455.99797,1707457796.5881395,-0.01274208110028996,-1.274208110028996,106143.82,-3352.5,-3.1584504872728347,0.00451101482121699,0.004321466437300938,0.005886972561967513,0.5%,0.4%,0.6%,24,,,56.06872307855222
2025-05-13 00:00:00+00:00,102791.32,104976.25,101429.7,104103.72,21253.42409,2197244118.152367,3703531,10705.97845,1106609664.707795,0.012767615008738131,1.2767615008738131,106143.82,-2040.1000000000058,-1.9220148662446923,0.002620528392415268,0.0030162631446467437,0.0036891472389225573,0.3%,0.3%,0.4%,24,,,56.06872307855222
2025-05-14 00:00:00+00:00,104103.72,104356.95,102602.05,103507.82,16452.9081,1704708279.3884108,3025221,8026.03333,831783471.654361,-0.005724099004339123,-0.5724099004339123,106143.82,-2636.0,-2.4834229632964,0.0033717382870618153,0.0037196345491716724,0.0055458667064769256,0.3%,0.4%,0.6%,24,,,56.06872307855222
2025-05-15 00:00:00+00:00,103507.83,104192.7,101383.07,103763.71,17998.98604,1850183474.5292037,4139477,8475.18036,871244345.564136,0.0024721803627976158,0.24721803627976158,106143.82,-2380.1100000000006,-2.2423443964990186,0.002711475171128564,0.003282481156758957,0.004354096750309222,0.3%,0.3%,0.4%,24,,,56.06872307855222
2025-05-16 00:00:00+00:00,103763.71,104550.33,103100.49,103463.9,15683.88024,1628832372.3241482,3237442,7555.15801,784850382.1942747,-0.002889353127408567,-0.2889353127408567,106143.82,-2679.920000000013,-2.5248007844451137,0.003437090389222101,0.0038357033578261656,0.005566018767338875,0.3%,0.4%,0.6%,24,,,56.06872307855222
2025-05-17 00:00:00+00:00,103463.9,103709.86,102612.5,103126.65,11250.89622,1160418362.950618,2568597,5335.11525,550379728.7338501,-0.00325959102643536,-0.325959102643536,106143.82,-3017.170000000013,-2.842530069108129,0.003971771950783551,0.004080115251659034,0.00585542706072118,0.4%,0.4%,0.6%,24,,,56.06872307855222
2025-05-18 00:00:00+00:00,103126.65,106660.0,103105.09,106454.26,21599.98726,2262214972.0749383,3193300,11664.89904,1221914552.0552013,0.0322672170578604,3.22672170578604,106454.26,0.0,0.0,0.004467705262623489,0.003685788274972894,0.003050311429894278,0.4%,0.4%,0.3%,24,,,56.06872307855222
2025-05-19 00:00:00+00:00,106454.27,107108.62,102000.0,105573.74,30260.03524,3150324504.5954514,4881371,14208.309,1480452895.0841563,-0.008271345834351629,-0.8271345834351629,106454.26,-880.5199999999895,-0.8271345834351629,0.002305247894716419,0.002114561997236761,0.0024660943869061385,0.2%,0.2%,0.2%,24,,,56.06872307855222
2025-05-20 00:00:00+00:00,105573.73,107320.0,104184.72,106849.99,23705.48275,2509102444.669598,3878351,12350.46275,1307273652.3895233,0.012088706907607882,1.2088706907607882,106849.99,0.0,0.0,0.004487958735209563,0.0038605267420688313,0.0031596091295480835,0.4%,0.4%,0.3%,24,,,56.06872307855222
2025-05-21 00:00:00+00:00,106850.0,110797.38,106100.01,109643.99,45531.040345,4914709514.320026,6835279,23661.649395,2555528481.098726,0.02614880918566298,2.614880918566298,109643.99,0.0,0.0,0.0026483980305388646,0.0026795480842115352,0.0027964072933917747,0.3%,0.3%,0.3%,24,,,56.06872307855222
2025-05-22 00:00:00+00:00,109643.99,111980.0,109177.37,111696.21,31630.77313,3509432834.573417,5794216,16584.56293,1840083098.5827858,0.018717122570968137,1.8717122570968137,111696.21,0.0,0.0,0.0027964489156197753,0.0028569772531748627,0.0031348097447911278,0.3%,0.3%,0.3%,24,,,56.06872307855222
2025-05-23 00:00:00+00:00,111696.22,111800.0,106800.0,107318.3,31737.72309,3469704446.3904047,5251192,14309.31652,1565622441.187517,-0.03919479452346686,-3.919479452346686,111696.21,-4377.9100000000035,-3.919479452346686,0.0027851350537146883,0.003939456603625523,0.003241879815834854,0.3%,0.4%,0.3%,24,,,56.06872307855222
2025-05-24 00:00:00+00:00,107318.3,109506.03,106875.41,107761.91,16782.53129,1819958819.7748585,2805418,8786.90747,953683093.321657,0.004133591381898505,0.4133591381898505,111696.21,-3934.300000000003,-3.522321840642584,0.002828822277124978,0.002841666461400971,0.0033308548146130934,0.3%,0.3%,0.3%,24,,,56.06872307855222
2025-05-25 00:00:00+00:00,107761.9,109299.99,106600.64,109004.19,17710.04695,1904366455.425858,3151168,7867.16712,846688135.0097136,0.011528006509906819,1.1528006509906819,111696.21,-2692.020000000004,-2.410126538760804,0.002641508163273762,0.002708855065816025,0.002831348646496953,0.3%,0.3%,0.3%,24,,,56.06872307855222
2025-05-26 00:00:00+00:00,109004.2,110422.22,108670.58,109434.79,14649.11593,1605578282.107903,2887863,7301.11288,800269021.1922797,0.003950306864350717,0.39503068643507167,111696.21,-2261.420000000013,-2.0246165917357506,0.002824685478856954,0.0027829029194709424,0.0028197176784259884,0.3%,0.3%,0.3%,24,,,56.06872307855222
2025-05-27 00:00:00+00:00,109434.78,110718.0,107516.57,108938.17,21276.65635,2327603851.119265,3735509,9969.89271,1090553624.461599,-0.004538044985511469,-0.4538044985511469,111696.21,-2758.040000000008,-2.4692332891151914,0.002686192532650101,0.002681613506313071,0.0029328614567727986,0.3%,0.3%,0.3%,24,,,56.06872307855222
2025-05-28 00:00:00+00:00,108938.17,109284.7,106769.43,107781.78,15633.78829,1689136748.5130312,2933262,6877.27341,743282966.7207196,-0.010615103962183348,-1.0615103962183348,111696.21,-3914.4300000000076,-3.504532517262682,0.0027264938455446633,0.0028333779496355848,0.003333519578435646,0.3%,0.3%,0.3%,24,,,56.06872307855222
2025-05-29 00:00:00+00:00,107781.78,108891.91,105322.86,105589.75,19834.70116,2128639017.5081618,3774926,9457.49356,1015173771.5489898,-0.02033766746104948,-2.033766746104948,111696.21,-6106.460000000006,-5.467025246425106,0.0022852264208818684,0.002126724467780599,0.0024680818028880174,0.2%,0.2%,0.2%,24,,,56.06872307855222
2025-05-30 00:00:00+00:00,105589.75,106313.12,103621.0,103985.48,23706.49799,2493078549.591861,4307572,11070.98746,1164158558.6435854,-0.015193425498213675,-1.5193425498213675,111696.21,-7710.7300000000105,-6.903304955468059,0.002428386243510974,0.002949361265446968,0.0037417735443498567,0.2%,0.3%,0.4%,24,,,56.06872307855222
2025-05-31 00:00:00+00:00,103985.47,104900.0,103068.55,104591.88,11289.35922,1174000801.5070379,2343787,5278.95175,548980630.8493578,0.005831583409529939,0.5831583409529939,111696.21,-7104.330000000002,-6.360403813164295,0.003255354230478808,0.002865855746832451,0.0034768036038165958,0.3%,0.3%,0.3%,24,,,56.06872307855222
2025-06-01 00:00:00+00:00,104591.88,105866.91,103752.49,105642.93,9709.700060000001,1016188486.9505997,1939359,4640.3507,485683466.9347843,0.0100490592577549,1.00490592577549,111696.21,-6053.280000000013,-5.419413962210551,0.0023923305125938955,0.0021505738413636053,0.0024821846219783786,0.2%,0.2%,0.2%,24,,,56.06872307855222
2025-06-02 00:00:00+00:00,105642.93,105935.63,103659.88,105857.99,13453.98813,1409004206.9863732,2997656,6494.65497,680177826.6144172,0.0020357254385126033,0.20357254385126033,111696.21,-5838.220000000001,-5.226873857223979,0.002328795090148604,0.0023476813743101175,0.002509295934837325,0.2%,0.2%,0.3%,24,,,56.06872307855222
2025-06-03 00:00:00+00:00,105858.0,106794.67,104872.5,105376.89,13259.52634,1402493746.5993218,2470698,6260.22436,662160926.8241225,-0.004544767948078454,-0.4544767948078454,111696.21,-6319.320000000007,-5.65759572325687,0.0023648122077628083,0.0021095792320242465,0.0025691201312478024,0.2%,0.2%,0.3%,24,,,56.06872307855222
2025-06-04 00:00:00+00:00,105376.9,106000.0,104179.0,104696.86,14034.89482,1476928482.3688781,2274464,6979.9491,734803757.4185839,-0.00645331248625769,-0.645331248625769,111696.21,-6999.350000000006,-6.266416738759539,0.002522264084391475,0.002802875896369668,0.0032734634409021853,0.3%,0.3%,0.3%,24,,,56.06872307855222
2025-06-05 00:00:00+00:00,104696.86,105909.71,100372.26,101508.68,22321.50154,2301567892.5305448,3963295,10005.36019,1031668517.0427111,-0.030451534076571196,-3.0451534076571196,111696.21,-10187.530000000013,-9.120748143558332,0.007002769611485983,0.006954578418312655,0.005737507334729336,0.7%,0.7%,0.6%,24,,,56.06872307855222
2025-06-06 00:00:00+00:00,101508.69,105333.0,101095.8,104288.44,15839.07385,1642382404.9355752,2709327,7655.60679,793575821.4357932,0.027384456186406947,2.7384456186406947,111696.21,-7407.770000000004,-6.632069252842154,0.0030240288495368252,0.002861187571542245,0.0035423132960294337,0.3%,0.3%,0.4%,24,,,56.06872307855222
2025-06-07 00:00:00+00:00,104288.43,105900.0,103871.09,105552.15,8344.93206,877915380.9548231,1402494,3970.01912,417664199.1912712,0.012117450409652175,1.2117450409652175,111696.21,-6144.060000000012,-5.500687982161622,0.0022924401550105922,0.002119880995920331,0.002484722112650216,0.2%,0.2%,0.2%,24,,,56.06872307855222
2025-06-08 00:00:00+00:00,105552.15,106488.14,104964.14,105734.0,8048.06305,850887129.4282976,1295154,4361.42266,461098506.088324,0.0017228450581063814,0.17228450581063814,111696.21,-5962.210000000006,-5.3378803094572325,0.0021371659267944145,0.0021976771490286417,0.002464131703068628,0.2%,0.2%,0.2%,24,,,56.06872307855222
2025-06-09 00:00:00+00:00,105734.01,110530.17,105318.37,110263.02,19975.374509999998,2154922022.221173,2839846,10623.88217,1146790065.5135617,0.042834093101556725,4.2834093101556725,111696.21,-1433.1900000000023,-1.28311426144182,0.0033777057501846674,0.003054763807911355,0.0028853125780782547,0.3%,0.3%,0.3%,24,,,56.06872307855222
2025-06-10 00:00:00+00:00,110263.02,110400.0,108331.03,110274.39,17071.82839,1867620550.192173,3003420,8009.29581,876411274.3969488,0.00010311707406529536,0.010311707406529536,111696.21,-1421.820000000007,-1.2729348650236227,0.003383026510302989,0.003053922898602547,0.002885444585875586,0.3%,0.3%,0.3%,24,,,56.06872307855222
2025-06-11 00:00:00+00:00,110274.39,110392.01,108064.0,108645.12,13115.91638,1434884639.7506304,2667014,6030.96867,659947218.0033869,-0.014774690660270262,-1.4774690660270262,111696.21,-3051.090000000011,-2.731596712189255,0.002808164704479683,0.0028666790977327486,0.0034464185086797083,0.3%,0.3%,0.3%,24,,,56.06872307855222
2025-06-12 00:00:00+00:00,108645.13,108813.55,105671.72,105671.73,17778.67218,1908309274.0868344,3517420,8291.22648,890420511.4704416,-0.027367911232460296,-2.7367911232460296,111696.21,-6024.4800000000105,-5.393629739093219,0.0023715950951374355,0.00216840630922663,0.002478882534192388,0.2%,0.2%,0.2%,24,,,56.06872307855222
2025-06-13 00:00:00+00:00,105671.74,106179.53,102664.31,106066.59,26180.81734,2735461890.6929703,5452577,12793.707049999999,1337300355.9952192,0.003736666372359032,0.3736666372359032,111696.21,-5629.62000000001,-5.040117296728342,0.0030877278216513183,0.0027390426456489615,0.002708591603909515,0.3%,0.3%,0.3%,24,,,56.06872307855222
2025-06-14 00:00:00+00:00,106066.59,106252.0,104300.0,105414.64,8798.93969,925568614.1784065,1521776,3848.55498,405001275.9262716,-0.0061466103511010894,-0.6146610351101089,111696.21,-6281.570000000007,-5.623798694691617,0.0023882691028921355,0.0021274186989218027,0.002554530488987415,0.2%,0.2%,0.3%,24,,,56.06872307855222
2025-06-15 00:00:00+00:00,105414.63,106128.57,104494.53,105594.01,7164.20047,754596887.8748004,1564768,3356.46912,353608577.6853774,0.0017015663099546607,0.17015663099546607,111696.21,-6102.200000000012,-5.463211330089013,0.002284461412548964,0.002103075435658735,0.002466836757663948,0.2%,0.2%,0.2%,24,,,56.06872307855222
2025-06-16 00:00:00+00:00,105594.02,108952.38,104980.37,106794.53,14922.6654,1599849840.7325244,2928998,7442.34921,797865030.1366178,0.011369205507016922,1.1369205507016922,111696.21,-4901.680000000008,-4.38840315172736,0.0045537191193670504,0.0038724939459178274,0.0031811838743001073,0.5%,0.4%,0.3%,24,,,56.06872307855222
2025-06-17 00:00:00+00:00,106794.53,107771.34,103371.02,104551.17,17866.33025,1883173484.8990998,3723010,8082.6529,852365443.211356,-0.02100631933114927,-2.100631933114927,111696.21,-7145.040000000008,-6.396850886883277,0.0033389843469794666,0.002923012898366431,0.003519918494611471,0.3%,0.3%,0.4%,24,,,56.06872307855222
2025-06-18 00:00:00+00:00,104551.17,105550.27,103500.0,104886.78,13968.64167,1461383024.3622093,3468170,6656.31474,696386846.6904296,0.0032100071190022117,0.32100071190022117,111696.21,-6809.430000000008,-6.096384111869158,0.0018796356739726175,0.0027361530799729387,0.002918650476874457,0.2%,0.3%,0.3%,24,,,56.06872307855222
2025-06-19 00:00:00+00:00,104886.79,105226.17,103929.27,104658.59,7678.60737,803402575.962045,1718045,3583.19736,374871407.4107334,-0.002175583996381625,-0.21755839963816248,111696.21,-7037.62000000001,-6.300679315797741,0.0027847907306891933,0.0027975933001582235,0.0032715105695644863,0.3%,0.3%,0.3%,24,,,56.06872307855222
2025-06-20 00:00:00+00:00,104658.59,106524.65,102345.0,103297.99,16419.06283,1714411911.0114017,3029404,7113.97039,743649283.0800211,-0.013000366238452021,-1.3000366238452021,111696.21,-8398.220000000001,-7.518804800986533,0.003526020725915755,0.004018725383273929,0.005662117573048732,0.4%,0.4%,0.6%,24,,,56.06872307855222
2025-06-21 00:00:00+00:00,103297.98,103982.64,100837.9,102120.01,11154.21332,1144829784.7306418,2172578,4632.93703,475270667.4226762,-0.011403706887229914,-1.1403706887229914,111696.21,-9576.200000000012,-8.57343324361678,0.00449758732658249,0.0064817636838477,0.005893719357977183,0.4%,0.6%,0.6%,24,,,56.06872307855222
2025-06-22 00:00:00+00:00,102120.02,103399.62,98200.0,100963.87,28746.41072,2892695407.8086877,5121309,13142.02965,1322387353.3166401,-0.01132138549535977,-1.132138549535977,111696.21,-10732.340000000011,-9.60850865038304,0.007846427886137682,0.006818846798006935,0.0055505402323386644,0.8%,0.7%,0.6%,24,,,56.06872307855222
2025-06-23 00:00:00+00:00,100963.87,106074.2,99613.33,105333.93,27666.50609,2836166831.044449,4944207,13408.20163,1375654853.258466,0.043283404251441615,4.3283404251441615,111696.21,-6362.280000000013,-5.696057189406889,0.0022634118529636896,0.0020943129377289163,0.0025539908997490117,0.2%,0.2%,0.3%,24,,,56.06872307855222
2025-06-24 00:00:00+00:00,105333.94,106290.0,104622.02,106083.0,14651.69335,1543451113.4563613,2973481,6848.32158,721631005.2893264,0.007111383767794521,0.7111383767794521,111696.21,-5613.210000000006,-5.025425661264604,0.0031254982140136796,0.0027547680984316403,0.00270223968286935,0.3%,0.3%,0.3%,24,,,56.06872307855222
2025-06-25 00:00:00+00:00,106083.0,108135.3,105808.03,107340.58,16701.15551,1789545470.94629,2988892,8576.13709,919352853.806412,0.01185467982617383,1.185467982617383,111696.21,-4355.630000000005,-3.8995324908517537,0.002645497029060692,0.003926509508780318,0.003243898973122445,0.3%,0.4%,0.3%,24,,,56.06872307855222
2025-06-26 00:00:00+00:00,107340.59,108272.45,106562.5,106947.06,10573.272789999999,1136093974.6816015,2597742,4983.08998,535471528.1944927,-0.0036660878858676416,-0.36660878858676416,111696.21,-4749.150000000009,-4.2518452506132505,0.004438808739537741,0.0038835520968424444,0.003179830027228791,0.4%,0.4%,0.3%,24,,,56.06872307855222
2025-06-27 00:00:00+00:00,106947.06,107735.34,106356.76,107047.59,12232.44042,1308420348.9100096,2304499,4862.2801,520251258.3787664,0.0009399977895605538,0.09399977895605538,111696.21,-4648.62000000001,-4.16184219679433,0.004273969575133915,0.003912510705481821,0.003211712872383412,0.4%,0.4%,0.3%,24,,,56.06872307855222
2025-06-28 00:00:00+00:00,107047.58,107577.75,106811.51,107296.79,3282.17352,352025390.6031135,653305,1514.41959,162441164.0132396,0.002327936574751499,0.2327936574751499,111696.21,-4399.420000000013,-3.9387370439874503,0.0029008499693014274,0.003962480482207658,0.003241864621284935,0.3%,0.4%,0.3%,24,,,56.06872307855222
2025-06-29 00:00:00+00:00,107296.79,108528.5,107172.52,108356.93,6831.7364,736708189.9495684,1223202,3771.10895,406653127.0920804,0.009880444699230884,0.9880444699230884,111696.21,-3339.2800000000134,-2.989609047612285,0.0029946734861602477,0.0028658850403186064,0.0034317798493989707,0.3%,0.3%,0.3%,24,,,56.06872307855222
2025-06-30 00:00:00+00:00,108356.93,108789.99,106733.33,107146.5,9754.12491,1050407152.345058,1773485,4331.3813,466474537.7882122,-0.011170766835125301,-1.11707668351253,111696.21,-4549.710000000006,-4.073289505525757,0.0032601935538954245,0.003916087649702963,0.003218377557719723,0.3%,0.4%,0.3%,24,,,56.06872307855222
2025-07-01 00:00:00+00:00,107146.51,107540.0,105250.85,105681.14,10505.62437,1117432945.8926365,2013289,4648.91727,494549276.1837785,-0.013676228341569674,-1.3676228341569674,111696.21,-6015.070000000007,-5.385205102303836,0.002382530981804713,0.002178860720162102,0.002482704288283485,0.2%,0.2%,0.2%,24,,,56.06872307855222
2025-07-02 00:00:00+00:00,105681.13,109730.0,105100.19,108849.6,17691.89592,1915699005.8772898,2444708,9248.43029,1002261738.2088752,0.02998131927797143,2.998131927797143,111696.21,-2846.6100000000006,-2.5485287280562208,0.0028624454737678894,0.00284468469074692,0.003286939966032099,0.3%,0.3%,0.3%,24,,,56.06872307855222
2025-07-03 00:00:00+00:00,108849.59,110529.18,108530.4,109584.78,13047.08225,1429459048.6383262,2568944,6961.89686,763022147.911677,0.006754090047184302,0.6754090047184302,111696.21,-2111.4300000000076,-1.8903327158549144,0.002675795989655542,0.002725846756129085,0.0027879614885821112,0.3%,0.3%,0.3%,24,,,56.06872307855222
2025-07-04 00:00:00+00:00,109584.77,109767.59,107245.0,107984.24,11793.86615,1276215111.6683652,1975212,4787.79822,518313226.966756,-0.014605495398174795,-1.4605495398174795,111696.21,-3711.970000000001,-3.323273009889949,0.002971367744811952,0.002870042247401775,0.0033682192557204834,0.3%,0.3%,0.3%,24,,,56.06872307855222
2025-07-05 00:00:00+00:00,107984.25,108420.56,107756.31,108198.12,3736.9757,403928702.1967476,710020,1803.68528,194976807.3633011,0.001980659399927198,0.19806593999271982,111696.21,-3498.090000000011,-3.1317893418227993,0.0031649672248783636,0.0028927788861583103,0.0034169357119605615,0.3%,0.3%,0.3%,24,,,56.06872307855222
2025-07-06 00:00:00+00:00,108198.12,109700.0,107800.01,109203.84,6447.607,700733299.5112199,1256591,3209.35902,348780644.233174,0.009295170747883663,0.9295170747883663,111696.21,-2492.37000000001,-2.2313827837130873,0.0026432979626252735,0.0028613403531561822,0.0028342434462501026,0.3%,0.3%,0.3%,24,,,56.06872307855222
2025-07-07 00:00:00+00:00,109203.85,109700.0,107513.2,108262.94,9405.37601,1020848316.0537041,1961940,3920.92229,425664101.8022387,-0.00861599738617247,-0.8615997386172469,111696.21,-3433.270000000004,-3.073756934098304,0.0029733937402308254,0.002851819938829367,0.003407463540925355,0.3%,0.3%,0.3%,24,,,56.06872307855222
2025-07-08 00:00:00+00:00,108262.94,109216.56,107429.57,108922.98,9216.0208,1000112813.4398943,1723244,4371.98866,474674358.9974899,0.006096638424931022,0.6096638424931022,111696.21,-2773.2300000000105,-2.4828326762385333,0.002724622098956838,0.0028580267450249923,0.0029668719789670566,0.3%,0.3%,0.3%,24,,,56.06872307855222
2025-07-09 00:00:00+00:00,108922.99,111999.79,108324.53,111233.99,17282.2865,1902054744.1949239,2328484,8935.70327,983405508.7482138,0.02121691859697572,2.121691859697572,111696.21,-462.22000000000116,-0.4138188753226246,0.0025927085812540896,0.003331267659947713,0.0030894710975672268,0.3%,0.3%,0.3%,24,,,56.06872307855222
2025-07-10 00:00:00+00:00,111234.0,116868.0,110500.0,116010.0,24883.450665,2826460280.4452233,3227017,12900.135467,1465777460.9410756,0.04293660597808269,4.293660597808269,116010.0,0.0,0.0,0.002886232713345134,0.003234940603547754,0.0037893372283088313,0.3%,0.3%,0.4%,24,,,56.06872307855222
2025-07-11 00:00:00+00:00,116010.01,118869.98,115222.22,117527.66,25873.521148,3039521803.027247,3708194,12502.931168,1468374333.9502125,0.013082148090681978,1.3082148090681978,117527.66,0.0,0.0,0.0038646202328594115,0.004440179003727602,0.003914086533277626,0.4%,0.4%,0.4%,24,,,56.06872307855222
2025-07-12 00:00:00+00:00,117527.66,118200.0,116900.05,117420.0,8446.604370000001,993093353.4068904,1441851,3784.55219,444996040.9059787,-0.000916039679510372,-0.0916039679510372,117527.66,-107.66000000000349,-0.0916039679510372,0.004371937444058567,0.004464036006986029,0.004011664798958353,0.4%,0.4%,0.4%,24,,,56.06872307855222
2025-07-13 00:00:00+00:00,117420.0,119488.0,117224.79,119086.64,9550.792947,1132096857.0116916,1650283,4766.4743069999995,565024389.3723919,0.014193834099812674,1.4193834099812674,119086.64,0.0,0.0,0.0030092219335875717,0.0027666735049237975,0.003553805450247352,0.3%,0.3%,0.4%,24,,,56.06872307855222
2025-07-14 00:00:00+00:00,119086.65,123218.0,118905.18,119841.18,27269.348877,3299746181.0770736,4076133,14099.580747,1705505292.664724,0.006336059191862198,0.6336059191862198,119841.18,0.0,0.0,0.00668274358019767,0.00525265160523933,0.00442566182065731,0.7%,0.5%,0.4%,24,,,56.06872307855222
2025-07-15 00:00:00+00:00,119841.17,119940.83,115736.92,117758.09,32018.46083,3755258445.553272,3805374,15667.30508,1837578524.9238648,-0.01738208852749945,-1.738208852749945,119841.18,-2083.0899999999965,-1.738208852749945,0.002436358614883967,0.004108299224836985,0.0038257270626658986,0.2%,0.4%,0.4%,24,,,56.06872307855222
2025-07-16 00:00:00+00:00,117758.08,120063.84,117017.29,118630.43,17039.90851,2023850383.7234874,2429625,8355.96881,992430971.3675903,0.007407898684498093,0.7407898684498093,119841.18,-1210.75,-1.0102954593738112,0.0025670710263878513,0.002497361637206787,0.0036193318897260545,0.3%,0.2%,0.4%,24,,,56.06872307855222
2025-07-17 00:00:00+00:00,118630.44,120998.71,117453.57,119177.56,15728.57651,1869114355.1231644,2347985,7696.17927,914659207.5744278,0.004612054428193568,0.4612054428193568,119841.18,-663.6199999999953,-0.5537495542016435,0.0035557203878953925,0.0030517418735536658,0.0035057386991326793,0.4%,0.3%,0.4%,24,,,56.06872307855222
2025-07-18 00:00:00+00:00,119177.56,120820.71,116812.76,117924.84,19924.66266,2367355518.470308,2805236,8951.37863,1063782057.4785626,-0.010511374792368633,-1.0511374792368633,119841.18,-1916.3399999999965,-1.5990663643331904,0.002339991186814744,0.003617230692548459,0.0036898761032330843,0.2%,0.4%,0.4%,24,,,56.06872307855222
2025-07-19 00:00:00+00:00,117924.84,118499.9,117277.34,117840.0,6635.80306,783327898.4969696,1133382,2978.3831999999998,351626384.0502903,-0.0007194412983727583,-0.07194412983727583,119841.18,-2001.179999999993,-1.66986005978913,0.0023279996465082552,0.003657195103243084,0.0037976561101335047,0.2%,0.4%,0.4%,24,,,56.06872307855222
2025-07-20 00:00:00+00:00,117840.01,118856.8,116467.02,117265.12,12962.92889,1528864683.816082,1615935,6581.33371,776457462.9818254,-0.004878479293957905,-0.48784792939579047,119841.18,-2576.0599999999977,-2.1495616114594274,0.0044375534447270975,0.004473466949425786,0.004063138924257119,0.4%,0.4%,0.4%,24,,,56.06872307855222
2025-07-21 00:00:00+00:00,117265.11,119676.73,116515.0,117380.36,17107.33128,2020783266.9633648,2509543,8426.31812,995117241.6679094,0.00098273041463659,0.098273041463659,119841.18,-2460.8199999999924,-2.053401009569489,0.004357109938476961,0.004451004248409546,0.004003854561831297,0.4%,0.4%,0.4%,24,,,56.06872307855222
2025-07-22 00:00:00+00:00,117380.36,120247.8,116128.0,119954.42,20959.12973,2481252763.651911,2778733,10811.45507,1280627214.6285224,0.02192922223104432,2.192922223104432,119954.42,0.0,0.0,0.00684520509497911,0.005403309830441756,0.004414958952208817,0.7%,0.5%,0.4%,24,,,56.06872307855222
2025-07-23 00:00:00+00:00,119954.43,120090.0,117301.0,118755.99,14558.75083,1722126986.886661,2101404,7070.08701,836266328.7446831,-0.009990711471907332,-0.9990711471907332,119954.42,-1198.429999999993,-0.9990711471907332,0.0028348870175053,0.0026011707069099835,0.0036503358007863875,0.3%,0.3%,0.4%,24,,,56.06872307855222
2025-07-24 00:00:00+00:00,118756.0,119450.0,117103.1,118340.99,15806.89043,1873181653.2018075,2081435,7651.73992,906619084.6035931,-0.0034945605691132364,-0.34945605691132364,119954.42,-1613.429999999993,-1.3450358894653403,0.0023696735122884535,0.00234691949081965,0.003609895269436108,0.2%,0.2%,0.4%,24,,,56.06872307855222
2025-07-25 00:00:00+00:00,118340.98,118451.57,114723.16,117614.31,38406.34873,4456778786.620494,3282355,17042.773549999998,1977873720.8964725,-0.0061405604262733116,-0.6140560426273312,119954.42,-2340.1100000000006,-1.9508326579379065,0.0034928019135061265,0.00442188946344369,0.0038774058328295475,0.3%,0.4%,0.4%,24,,,56.06872307855222
2025-07-26 00:00:00+00:00,117614.31,118297.35,117138.38,117919.99,6991.67206,823629079.7493103,790372,3167.88355,373290310.2164352,0.0025990034716014687,0.25990034716014687,119954.42,-2034.429999999993,-1.69600253162826,0.0024009897500572815,0.0036137608923994366,0.0037184431958676707,0.2%,0.4%,0.4%,24,,,56.06872307855222
2025-07-27 00:00:00+00:00,117919.99,119766.65,117825.5,119415.55,9328.30919,1107883542.1607983,1095080,5238.30358,622261561.2507277,0.01268283689644134,1.268283689644134,119954.42,-538.8699999999953,-0.4492289654687176,0.0046748014857834926,0.0038249695584702294,0.003684134906550588,0.5%,0.4%,0.4%,24,,,56.06872307855222
2025-07-28 00:00:00+00:00,119415.56,119800.0,117427.5,118062.32,13961.74754,1655882235.896518,1824777,7224.91774,857128354.2234088,-0.011332108758030257,-1.1332108758030257,119954.42,-1892.0999999999913,-1.577349129777783,0.002379718917461245,0.0032250955537029475,0.0036575115308789524,0.2%,0.3%,0.4%,24,,,56.06872307855222
2025-07-29 00:00:00+00:00,118062.32,119273.36,116950.75,117950.76,15137.93445,1788682083.6856463,1956694,7988.93736,944162800.0745875,-0.0009449246804570377,-0.09449246804570377,119954.42,-2003.6600000000035,-1.6703511217010636,0.002378903395712616,0.0036362639419307043,0.0036767679672639344,0.2%,0.4%,0.4%,24,,,56.06872307855222
2025-07-30 00:00:00+00:00,117950.75,118792.0,115796.23,117840.3,15586.73631,1832696878.222986,1997369,7803.61434,917632890.2336526,-0.000936492482117024,-0.0936492482117024,119954.42,-2114.1199999999953,-1.762436098644793,0.0023323226252227034,0.0036606583100670933,0.0037988450732944017,0.2%,0.4%,0.4%,24,,,56.06872307855222
2025-07-31 00:00:00+00:00,117840.29,118922.45,115500.0,115764.08,17010.0073,2002870016.7022426,1859532,8313.51616,979519362.0685424,-0.017618930026484958,-1.7618930026484958,119954.42,-4190.3399999999965,-3.4932768629951205,0.0025878601769254578,0.0033313396350302966,0.003921010486996982,0.3%,0.3%,0.4%,24,,,56.06872307855222
2025-08-01 00:00:00+00:00,115764.07,116052.0,112722.58,113297.93,24487.10206,2810268577.15137,4160829,11487.2212,1318593418.0612547,-0.021303240176054672,-2.130324017605467,119954.42,-6656.490000000005,-5.5491827645867575,0.0045640433017795695,0.004525200488757614,0.0038927385297481856,0.5%,0.5%,0.4%,24,,,56.06872307855222
2025-08-02 00:00:00+00:00,113297.92,114063.49,112003.0,112546.35,11507.33428,1301882737.326722,2165714,5060.00835,572586383.0717313,-0.00663366047376146,-0.663366047376146,119954.42,-7408.069999999992,-6.175737417595773,0.004517675203912322,0.003816527841159125,0.0036162148362897475,0.5%,0.4%,0.4%,24,,,56.06872307855222
2025-08-03 00:00:00+00:00,112546.35,114799.97,111920.0,114208.8,7397.7604599999995,841090034.1542541,1419281,3738.18331,425246221.2955304,0.014771247579330682,1.4771247579330682,119954.42,-5745.619999999995,-4.7898360060429575,0.0041211368940265,0.00442539201946064,0.004041118848492068,0.4%,0.4%,0.4%,24,,,56.06872307855222
2025-08-04 00:00:00+00:00,114208.81,115720.0,114107.6,115055.03,9667.67916,1109938874.0629709,1954230,4715.2935099999995,541443274.8093747,0.00740949909288946,0.740949909288946,119954.42,-4899.389999999999,-4.084376382295874,0.003798914896757105,0.004019431229152858,0.004253340721150118,0.4%,0.4%,0.4%,24,,,56.06872307855222
2025-08-05 00:00:00+00:00,115055.03,115127.81,112650.0,114129.75,12042.79078,1371861747.1466167,2581052,5622.66754,640570774.1010684,-0.008042064740672372,-0.8042064740672372,119954.42,-5824.669999999998,-4.855736037071412,0.004214620149373105,0.004379626228689902,0.004004944035076624,0.4%,0.4%,0.4%,24,,,56.06872307855222
2025-08-06 00:00:00+00:00,114129.75,115716.0,113355.13,114992.27,9761.15318,1118028732.8589184,2026500,4872.24748,558193207.677072,0.007557363439418818,0.7557363439418818,119954.42,-4962.149999999994,-4.136696255127569,0.004118933070911776,0.00415110299519393,0.004261953774642762,0.4%,0.4%,0.4%,24,,,56.06872307855222
2025-08-07 00:00:00+00:00,114992.27,117621.0,114259.0,117472.01,13468.56263,1564454297.836927,2314671,7008.73753,814088870.444632,0.021564406024856986,2.1564406024856986,119954.42,-2482.4100000000035,-2.0694610502889343,0.003914722548076909,0.004460887418879633,0.003980291074794275,0.4%,0.4%,0.4%,24,,,56.06872307855222
2025-08-08 00:00:00+00:00,117472.02,117630.0,115878.71,116674.74,10045.31278,1172199778.7242546,2095304,4584.90574,534970598.4687502,-0.006786893320374743,-0.6786893320374743,119954.42,-3279.679999999993,-2.7341051709474207,0.004929428427091111,0.004009506783384179,0.004026451510406024,0.5%,0.4%,0.4%,24,,,56.06872307855222
2025-08-09 00:00:00+00:00,116674.74,117944.05,116299.13,116462.25,9514.13144,1111837601.7023723,1390951,4869.85416,569228301.1169946,-0.0018212168289383213,-0.18212168289383213,119954.42,-3492.1699999999983,-2.911247455491839,0.004468175658407752,0.0037653693492550578,0.004091465672829596,0.4%,0.4%,0.4%,24,,,56.06872307855222
2025-08-10 00:00:00+00:00,116462.25,119311.11,116460.63,119294.01,14322.77073,1694198747.8718708,2317065,8023.43513,949082473.7213221,0.024314831629991707,2.4314831629991707,119954.42,-660.4100000000035,-0.5505507842062052,0.003707924351489435,0.003208015464358426,0.003396685188406581,0.4%,0.3%,0.3%,24,,,56.06872307855222
2025-08-11 00:00:00+00:00,119294.27,122335.16,118050.11,118686.0,26494.33429,3194611530.5410695,4021743,13243.42946,1596640461.6430767,-0.005096735368355865,-0.5096735368355865,119954.42,-1268.4199999999983,-1.0574183093878475,0.002682152679785257,0.0025224438650364588,0.003634043003973627,0.3%,0.3%,0.4%,24,,,56.06872307855222
2025-08-12 00:00:00+00:00,118686.0,120324.43,118207.47,120134.08,16720.10893,1992762473.5852578,2737841,9265.05962,1104367998.1961715,0.012200933555769122,1.2200933555769122,120134.08,0.0,0.0,0.007354735581059703,0.00584177037990043,0.004683802675512467,0.7%,0.6%,0.5%,24,,,56.06872307855222
2025-08-13 00:00:00+00:00,120134.09,123667.79,118920.92,123306.43,23210.07102,2811581348.3874574,3712817,11931.26825,1446045988.0483146,0.02640674486373884,2.640674486373884,123306.43,0.0,0.0,0.012824788465927682,0.01099534719198073,0.008653361198924115,1.3%,1.1%,0.9%,24,,,56.06872307855222
2025-08-14 00:00:00+00:00,123306.44,124474.0,117180.0,118295.09,27980.947586,3359128391.108524,4350449,13402.078476,1608719584.8697336,-0.0406413517932519,-4.06413517932519,123306.43,-5011.3399999999965,-4.06413517932519,0.0024912695408417507,0.0024000649905309207,0.003609147340248395,0.2%,0.2%,0.4%,24,,,56.06872307855222
2025-08-15 00:00:00+00:00,118295.09,119216.82,116803.99,117342.05,13623.33874,1607609329.685101,2895016,6141.41708,724799635.8172467,-0.008056462867562786,-0.8056462867562786,123306.43,-5964.37999999999,-4.837038911920477,0.004424740231255203,0.004438036253963613,0.004035178233285427,0.4%,0.4%,0.4%,24,,,56.06872307855222
2025-08-16 00:00:00+00:00,117342.04,117898.99,117143.98,117380.66,6393.68117,751719391.7723638,1179842,2995.22865,352158781.0964551,0.00032903805583761603,0.0329038055837616,123306.43,-5925.7699999999895,-4.805726676216304,0.004355756690116217,0.004455470057319116,0.004004850533945309,0.4%,0.4%,0.4%,24,,,56.06872307855222
2025-08-17 00:00:00+00:00,117380.66,118575.0,117172.21,117405.01,5898.64192,695629197.9038073,1177563,2804.73113,330799448.0903654,0.0002074447357851561,0.02074447357851561,123306.43,-5901.419999999998,-4.785979125338391,0.0043587336152070945,0.004458298195108082,0.004005933139022643,0.4%,0.4%,0.4%,24,,,56.06872307855222
2025-08-18 00:00:00+00:00,117405.01,117543.75,114640.14,116227.05,17745.93954,2053814085.4717774,3346280,7647.70667,885108979.4887486,-0.010033302667407429,-1.0033302667407429,123306.43,-7079.37999999999,-5.74129021495472,0.0036044616026710795,0.003371886848455432,0.003905563535442655,0.4%,0.3%,0.4%,24,,,56.06872307855222
2025-08-19 00:00:00+00:00,116227.05,116725.69,112732.58,112872.94,18065.47424,2065010895.8584664,3291182,8609.413700000001,984093545.5944221,-0.028858256318128994,-2.8858256318128994,123306.43,-10433.48999999999,-8.46143222214769,0.004626224968643951,0.004122743686416052,0.00369165266370577,0.5%,0.4%,0.4%,24,,,56.06872307855222
2025-08-20 00:00:00+00:00,112872.95,114615.38,112380.0,114271.24,15636.34194,1776149566.1247735,2998370,7209.58575,819330970.2158619,0.012388265956393196,1.2388265956393196,123306.43,-9035.189999999988,-7.327428099248346,0.004232186371058749,0.004432103434787863,0.004072362386172829,0.4%,0.4%,0.4%,24,,,56.06872307855222
2025-08-21 00:00:00+00:00,114271.23,114821.76,112015.67,112500.0,10839.69235,1227373788.615563,2357380,5346.48007,605400341.4544928,-0.01550031311465605,-1.550031311465605,123306.43,-10806.429999999993,-8.763881980850464,0.004569024834434163,0.0038109730234830944,0.003617041512822644,0.5%,0.4%,0.4%,24,,,56.06872307855222
2025-08-22 00:00:00+00:00,112500.0,117429.05,111684.79,116935.99,23128.090369999998,2656625122.2777867,3438518,11843.59711,1359907711.8726692,0.03943102222222228,3.943102222222228,123306.43,-6370.439999999988,-5.166348583768087,0.005107115367681218,0.004189837234141918,0.003989635908722144,0.5%,0.4%,0.4%,24,,,56.06872307855222
2025-08-23 00:00:00+00:00,116936.0,117030.0,114560.0,115438.05,11329.36197,1308825428.0143585,1559569,5083.3501400000005,587273893.1314433,-0.012809914210329953,-1.2809914210329953,123306.43,-7868.37999999999,-6.381159522662349,0.0034404525493301023,0.003709683481045043,0.004174731533953131,0.3%,0.4%,0.4%,24,,,56.06872307855222
2025-08-24 00:00:00+00:00,115438.06,115666.68,110680.0,113493.59,21175.98462,2411284606.1891766,2573906,9325.0671,1061855201.3343123,-0.01684418612407268,-1.684418612407268,123306.43,-9812.839999999997,-7.958092696382502,0.004699706159619824,0.0046317333739400056,0.003935185769080715,0.5%,0.5%,0.4%,24,,,56.06872307855222
2025-08-25 00:00:00+00:00,113493.59,113667.28,109274.1,110111.98,25182.79379,2805570653.631023,4695718,11387.5817,1269662985.3441799,-0.029795603434519924,-2.9795603434519924,123306.43,-13194.449999999997,-10.700536865757936,0.0032288296723499495,0.003082364575503286,0.00295037280456406,0.3%,0.3%,0.3%,24,,,56.06872307855222
2025-08-26 00:00:00+00:00,110111.98,112371.0,108666.66,111763.22,18452.43877,2033437347.4999392,4077474,9863.43157,1087468493.596964,0.01499600679235824,1.499600679235824,123306.43,-11543.209999999992,-9.3614015100429,0.0028137014015885303,0.0027972115221231455,0.0031168264015144953,0.3%,0.3%,0.3%,24,,,56.06872307855222
2025-08-27 00:00:00+00:00,111763.22,112625.0,110345.42,111262.01,13392.60875,1493774927.190832,3111496,6261.8455,698586344.1774796,-0.004484570147495814,-0.44845701474958144,123306.43,-12044.419999999998,-9.767876663041818,0.0025574922673578847,0.0032933969870637294,0.003092591858750775,0.3%,0.3%,0.3%,24,,,56.06872307855222
2025-08-28 00:00:00+00:00,111262.01,113485.9,110862.42,112566.9,11104.27744,1250788481.9453218,2066780,5139.46509,578866003.6838148,0.011728082208833035,1.1728082208833035,123306.43,-10739.529999999999,-8.709626902668422,0.0045343109227907194,0.0038266788074542285,0.003619973395049212,0.5%,0.4%,0.4%,24,,,56.06872307855222
2025-08-29 00:00:00+00:00,112566.9,112638.64,107463.9,108377.4,22580.31045,2475492492.5775294,3606959,10616.35644,1164321513.1044571,-0.03721786777462999,-3.7217867774629987,123306.43,-14929.029999999999,-12.107259937701542,0.0030190931535982652,0.0028766683568652363,0.00343943251668298,0.3%,0.3%,0.3%,24,,,56.06872307855222
2025-08-30 00:00:00+00:00,108377.4,108926.15,107350.1,108816.33,10708.39159,1160666772.7387524,1411040,5797.1778300000005,628457794.843401,0.004050014117334522,0.40500141173345217,123306.43,-14490.099999999991,-11.751293099638026,0.0028369923866921627,0.002921201502623162,0.0033480943055894012,0.3%,0.3%,0.3%,24,,,56.06872307855222
2025-08-31 00:00:00+00:00,108816.33,109480.02,108076.93,108246.35,9489.51596,1031806894.3513318,1366633,4573.6105800000005,497406888.16918826,-0.005238000583184466,-0.5238000583184466,123306.43,-15060.079999999987,-12.213539877847401,0.0030177759408983027,0.002867553057928046,0.0034110627861544075,0.3%,0.3%,0.3%,24,,,56.06872307855222
2025-09-01 00:00:00+00:00,108246.36,109912.4,107255.0,109237.42,16053.60219,1742516638.781135,2729384,7532.99101,817730948.9844334,0.009155689776144893,0.9155689776144893,123306.43,-14069.009999999995,-11.409794282423057,0.0026669792600653996,0.002851154014411438,0.002839995398350698,0.3%,0.3%,0.3%,24,,,56.06872307855222
2025-09-02 00:00:00+00:00,109237.43,111771.52,108393.39,111240.01,18510.28756,2042681451.9016385,2596328,9088.717270000001,1003032805.5367996,0.018332454208457083,1.8332454208457083,123306.43,-12066.419999999998,-9.785718392787789,0.002588816735485407,0.003332248197907275,0.0030894580615058345,0.3%,0.3%,0.3%,24,,,56.06872307855222
2025-09-03 00:00:00+00:00,111240.01,112575.27,110528.71,111705.71,11773.72084,1313762617.3436644,2214249,5539.29462,618293676.5075179,0.004186443348935365,0.4186443348935365,123306.43,-11600.719999999987,-9.408041413574287,0.0027869606249542093,0.0027504180782578175,0.0031315759102956385,0.3%,0.3%,0.3%,24,,,56.06872307855222
2025-09-04 00:00:00+00:00,111705.72,112180.0,109329.12,110730.87,12203.13536,1349031325.5320847,2230255,6070.78151,670681185.82571,-0.008726859173089796,-0.8726859173089796,123306.43,-12575.559999999998,-10.198624678372404,0.0037920998438841884,0.003478904306477051,0.003177380861723155,0.4%,0.3%,0.3%,24,,,56.06872307855222
2025-09-05 00:00:00+00:00,110730.87,113384.62,110206.96,110659.99,21587.40888,2413132200.623325,2970419,10787.81127,1206066261.227201,-0.0006401105671796081,-0.06401105671796081,123306.43,-12646.439999999988,-10.256107487663046,0.003714388919709924,0.003413167872175337,0.0031421713015593214,0.4%,0.3%,0.3%,24,,,56.06872307855222
2025-09-06 00:00:00+00:00,110660.0,111307.7,109977.0,110187.97,5000.29897,552785936.5434699,795201,2308.83297,255237426.946011,-0.004265498307021387,-0.4265498307021387,123306.43,-13118.459999999992,-10.638909909239924,0.003388987029791411,0.003133534868863638,0.0029633825342132037,0.3%,0.3%,0.3%,24,,,56.06872307855222
2025-09-07 00:00:00+00:00,110187.98,111600.0,110180.0,111137.34,5681.29944,630447950.1588689,874961,2570.85199,285303923.5404623,0.008615913334277803,0.8615913334277803,123306.43,-12169.089999999997,-9.868982501561351,0.0027088025261461823,0.003337157772419432,0.0031223547872379197,0.3%,0.3%,0.3%,24,,,56.06872307855222
2025-09-08 00:00:00+00:00,111137.35,112924.37,110621.78,112065.23,11582.402109999999,1295903862.4649603,1744598,5531.65969,618773275.3576307,0.008349039125823854,0.8349039125823854,123306.43,-11241.199999999997,-9.116475110016564,0.0036601274755192975,0.003229886878976347,0.0032938901774252492,0.4%,0.3%,0.3%,24,,,56.06872307855222
2025-09-09 00:00:00+00:00,112065.23,113293.29,110766.66,111546.39,15379.28248,1721465997.9063659,2143242,7597.3803800000005,849973176.1775684,-0.0046298035528057335,-0.46298035528057335,123306.43,-11760.039999999994,-9.53724797644372,0.0024516774297919314,0.0030651575226370857,0.003120132496559749,0.2%,0.3%,0.3%,24,,,56.06872307855222
2025-09-10 00:00:00+00:00,111546.38,114313.13,110917.45,113960.0,17517.41823,1978834750.2223115,2182534,8274.63998,934646697.4823323,0.02163772399985331,2.163772399985331,123306.43,-9346.429999999993,-7.57983991589084,0.004753642812125559,0.004332325416942842,0.0039960509618393114,0.5%,0.4%,0.4%,24,,,56.06872307855222
2025-09-11 00:00:00+00:00,113960.0,115488.09,113430.0,115482.69,13676.73119,1562241144.956541,2166359,6744.29993,770595422.6905212,0.013361618111618068,1.3361618111618068,123306.43,-7823.739999999991,-6.3449570310323615,0.0031156843276276365,0.0036270787205317585,0.004154379040302713,0.3%,0.4%,0.4%,24,,,56.06872307855222
2025-09-12 00:00:00+00:00,115482.69,116665.63,114740.99,116029.42,15324.10719,1772122269.5018635,2481491,7995.57276,924775389.8569397,0.004734302604139096,0.47343026041390956,123306.43,-7277.009999999995,-5.901565717213608,0.00298150949049222,0.003264505891528483,0.003801956135123286,0.3%,0.3%,0.4%,24,,,56.06872307855222
2025-09-13 00:00:00+00:00,116029.41,116298.78,115127.27,115918.29,8269.40394,957724220.6497611,1223635,3590.09359,415773029.4393527,-0.0009577743299932218,-0.09577743299932218,123306.43,-7388.139999999999,-5.99169078206222,0.002690365695823191,0.0032843527634892292,0.003890837717094135,0.3%,0.3%,0.4%,24,,,56.06872307855222
2025-09-14 00:00:00+00:00,115918.29,116165.19,115135.0,115268.01,6707.60197,775762364.9685991,1237218,3406.90777,393977059.3035421,-0.005609813602322822,-0.5609813602322822,123306.43,-8038.419999999998,-6.519059873844368,0.0038549411024512937,0.003934588209973264,0.004258666744968656,0.4%,0.4%,0.4%,24,,,56.06872307855222
2025-09-15 00:00:00+00:00,115268.01,116757.99,114384.0,115349.71,13212.51149,1522648235.2235153,2857989,6621.3636,763138585.6850249,0.000708782948538822,0.0708782948538822,123306.43,-7956.719999999987,-6.452802177469563,0.00359288958325719,0.003774017689979199,0.004224797643903577,0.4%,0.4%,0.4%,24,,,56.06872307855222
2025-09-16 00:00:00+00:00,115349.71,116964.27,114737.11,116788.96,10926.9094,1265779287.5169268,2047058,5292.18365,613182568.9919186,0.012477274541912609,1.2477274541912609,123306.43,-6517.469999999987,-5.28558810761125,0.004951103305720982,0.004062613666917726,0.003995394509081781,0.5%,0.4%,0.4%,24,,,56.06872307855222
2025-09-17 00:00:00+00:00,116788.96,117286.73,114720.81,116447.59,16754.2454,1946083704.6217458,3227418,7975.0019,926282110.833079,-0.0029229646363835293,-0.29229646363835293,123306.43,-6858.8399999999965,-5.562434984128561,0.004459231057920374,0.0037710037701878104,0.004093311760080646,0.4%,0.4%,0.4%,24,,,56.06872307855222
2025-09-18 00:00:00+00:00,116447.6,117900.0,116092.76,117073.53,11657.23365,1367513347.4865093,2252654,5717.34538,670700552.9347277,0.005375293726559649,0.5375293726559649,123306.43,-6232.899999999994,-5.054805333347168,0.005218010082127776,0.004353074411662094,0.004071120996173586,0.5%,0.4%,0.4%,24,,,56.06872307855222
2025-09-19 00:00:00+00:00,117073.53,117459.99,115100.0,115632.38,8992.09065,1045792401.453239,1732471,4020.81483,467345983.0786799,-0.01230978514101344,-1.230978514101344,123306.43,-7674.049999999988,-6.223560279865358,0.002818064643537903,0.003516102132751131,0.003966635315450655,0.3%,0.4%,0.4%,24,,,56.06872307855222
2025-09-20 00:00:00+00:00,115632.39,116121.81,115408.47,115685.63,4674.92752,541264273.2416894,740451,2276.16483,263511469.8432588,0.0004605111474831336,0.04605111474831336,123306.43,-7620.799999999988,-6.180375184002962,0.0028380745375730237,0.0033726743221873653,0.003938669935436057,0.3%,0.3%,0.4%,24,,,56.06872307855222
2025-09-21 00:00:00+00:00,115685.63,115819.06,115188.0,115232.29,4511.52219,521299751.1504096,945965,2016.72489,233031538.7469931,-0.003918723526854739,-0.39187235268547393,123306.43,-8074.139999999999,-6.548028355050095,0.0038360257034913436,0.003913249429132807,0.00426529991071407,0.4%,0.4%,0.4%,24,,,56.06872307855222
2025-09-22 00:00:00+00:00,115232.29,115379.25,111800.0,112650.99,20781.71356,2348872511.698875,3045876,9312.35777,1052684266.8981876,-0.022400839209218093,-2.2400839209218093,123306.43,-10655.439999999988,-8.641430945653028,0.004562240114808095,0.0038615211193139447,0.0036390309083083497,0.5%,0.4%,0.4%,24,,,56.06872307855222
2025-09-23 00:00:00+00:00,112650.99,113290.5,111458.73,111998.8,12301.3203,1383869800.273703,2455729,5543.3609,623665658.7200328,-0.005789474198140687,-0.5789474198140687,123306.43,-11307.62999999999,-9.170349023972225,0.003483031322066548,0.0031135920887662544,0.003246220048381087,0.3%,0.3%,0.3%,24,,,56.06872307855222
2025-09-24 00:00:00+00:00,111998.8,113940.0,111042.66,113307.0,12369.25967,1394470628.502582,2229837,6100.69487,687826281.220477,0.011680482290881589,1.1680482290881589,123306.43,-9999.429999999993,-8.10941489425977,0.004492248321355242,0.004523394814162325,0.0038893148498470387,0.4%,0.5%,0.4%,24,,,56.06872307855222
2025-09-25 00:00:00+00:00,113307.01,113510.23,108631.51,108994.49,21231.14957,2356639689.925215,4409953,9511.07937,1055527535.7684447,-0.03806040226993912,-3.806040226993912,123306.43,-14311.939999999988,-11.606807528204321,0.0026464214673986362,0.002708267545198185,0.002941258146847915,0.3%,0.3%,0.3%,24,,,56.06872307855222
2025-09-26 00:00:00+00:00,108994.49,110300.0,108620.07,109643.46,14243.01591,1557098915.9392595,3257155,6978.29033,762955442.7524,0.0059541541962351285,0.5954154196235129,123306.43,-13662.969999999987,-11.080500830329765,0.0026498720361890393,0.002674306757208016,0.002794803016470397,0.3%,0.3%,0.3%,24,,,56.06872307855222
2025-09-27 00:00:00+00:00,109643.46,109743.91,109064.4,109635.85,5501.78643,601947588.9970765,919594,2523.25886,276080500.9941954,-6.940678449951498e-05,-0.006940678449951498,123306.43,-13670.579999999987,-11.086672446846435,0.0026638447505518506,0.0026764932481830525,0.002796254883563045,0.3%,0.3%,0.3%,24,,,56.06872307855222
2025-09-28 00:00:00+00:00,109635.85,112350.0,109189.99,112163.95,7542.3316,832254944.3203353,1484866,3781.87606,417495757.16935,0.02305906325348861,2.305906325348861,123306.43,-11142.479999999996,-9.036414402720116,0.0041379837724143135,0.0035538038777929142,0.0034450368664940465,0.4%,0.4%,0.3%,24,,,56.06872307855222
2025-09-29 00:00:00+00:00,112163.96,114400.0,111560.65,114311.96,15541.12005,1755247635.871136,2442653,7836.68768,884934987.568753,0.01915062727373651,1.915062727373651,123306.43,-8994.469999999987,-7.294404679463984,0.004172150429418785,0.004436972780930144,0.004079768481835834,0.4%,0.4%,0.4%,24,,,56.06872307855222
2025-09-30 00:00:00+00:00,114311.97,114792.0,112656.27,114048.93,15044.15633,1710713267.1300955,3018331,7185.7215400000005,817044461.2701815,-0.002300984079006363,-0.2300984079006363,123306.43,-9257.5,-7.507718778331352,0.004579474850819727,0.004334459675122408,0.004016985459962195,0.5%,0.4%,0.4%,24,,,56.06872307855222
2025-10-01 00:00:00+00:00,114048.94,118649.1,113966.67,118594.99,20036.39516,2332096981.2659335,3430343,10071.04092,1172422657.4065175,0.03986061070454605,3.986061070454605,123306.43,-4711.439999999988,-3.8209199633790325,0.002627639515605324,0.0025161800604313746,0.003623542788984352,0.3%,0.3%,0.4%,24,,,56.06872307855222
2025-10-02 00:00:00+00:00,118594.99,121022.07,118279.31,120529.35,19670.835030000002,2349861127.3445807,3472073,9753.07848,1164986423.9898074,0.01631063841735636,1.631063841735636,123306.43,-2777.079999999987,-2.252177765587726,0.008469555335382727,0.006765427277092085,0.005254968368189872,0.8%,0.7%,0.5%,24,,,56.06872307855222
2025-10-03 00:00:00+00:00,120529.35,123894.99,119248.3,122232.0,23936.328,2907381076.6813188,4246820,11288.62355,1372792607.6136215,0.014126434764644369,1.4126434764644369,123306.43,-1074.429999999993,-0.8713495314072395,0.012131759901576918,0.010121948086784764,0.007711283566514152,1.2%,1.0%,0.8%,24,,,56.06872307855222
2025-10-04 00:00:00+00:00,122232.21,122800.0,121510.0,122391.0,8208.16678,1002272903.3446472,1703590,3767.80335,460154433.1236619,0.0013008050265068682,0.13008050265068682,123306.43,-915.429999999993,-0.7424024846068411,0.012172494558569504,0.010236631692343845,0.007830275051796348,1.2%,1.0%,0.8%,24,,,56.06872307855222
2025-10-05 00:00:00+00:00,122390.99,125708.42,122136.0,123482.31,22043.097553,2730817470.939564,3690670,11780.672403,1459478400.9109962,0.008916587003946264,0.8916587003946264,123482.31,0.0,0.0,0.012804133829420559,0.011216202268041616,0.00884605687165616,1.3%,1.1%,0.9%,24,,,56.06872307855222
2025-10-06 00:00:00+00:00,123482.32,126199.63,123084.0,124658.54,19494.628793,2428828952.2653184,4206167,9963.008153,1241625129.7177184,0.009525493975614863,0.9525493975614863,124658.54,0.0,0.0,0.015043338851585182,0.014010983687653078,0.01099097032148597,1.5%,1.4%,1.1%,24,,,56.06872307855222
2025-10-07 00:00:00+00:00,124658.54,125126.0,120574.94,121332.95,21633.99385,2657405799.8705487,4390785,9699.35099,1191947741.6989057,-0.02667759465175834,-2.667759465175834,124658.54,-3325.5899999999965,-2.667759465175834,0.012545818933380743,0.009867175849928423,0.00733538635944977,1.3%,1.0%,0.7%,24,,,56.06872307855222
2025-10-08 00:00:00+00:00,121332.96,124197.25,121066.14,123306.0,17012.618,2084842842.4416168,4184997,9039.06222,1107976264.6948595,0.016261452474369165,1.6261452474369165,124658.54,-1352.5399999999936,-1.0849958614949196,0.012786054464798068,0.010993129927325157,0.008652358642449363,1.3%,1.1%,0.9%,24,,,56.06872307855222
2025-10-09 00:00:00+00:00,123306.01,123762.94,119651.47,121662.4,21559.36007,2621438087.5667334,4231167,10144.15364,1233882833.564239,-0.013329440578722873,-1.3329440578722873,124658.54,-2996.1399999999994,-2.403477531503262,0.012535379349120681,0.010100919260763399,0.0075446971318251016,1.3%,1.0%,0.8%,24,,,56.06872307855222
2025-10-10 00:00:00+00:00,121662.41,122550.0,102000.0,112774.5,64171.93927,7349750905.041158,11404522,30502.14297,3493298452.846008,-0.07305379476321361,-7.305379476321361,124658.54,-11884.039999999994,-9.533273853520175,0.004863702613474235,0.00412742240468631,0.003728522552672622,0.5%,0.4%,0.4%,24,,,56.06872307855222
2025-10-11 00:00:00+00:00,112774.49,113322.39,109561.59,110644.4,35448.51652,3961069473.2311363,6661929,15375.94796,1718429599.5669522,-0.01888813517240162,-1.888813517240162,124658.54,-14014.14,-11.242021605579533,0.0037331704418971084,0.0034148820859026194,0.003143670434814357,0.4%,0.3%,0.3%,24,,,56.06872307855222
2025-10-12 00:00:00+00:00,110644.4,115770.0,109565.06,114958.8,32255.30272,3638546528.7401557,6048575,16915.44533,1907676479.1772509,0.03899338782622541,3.899338782622541,124658.54,-9699.73999999999,-7.7810473313741575,0.004130204761406689,0.004371367029619091,0.004259654129742274,0.4%,0.4%,0.4%,24,,,56.06872307855222
2025-10-13 00:00:00+00:00,114958.81,115963.81,113616.5,115166.0,22557.24033,2591831660.9857492,5739352,10710.89723,1230950583.8424664,0.0018023848543999854,0.18023848543999854,124658.54,-9492.539999999994,-7.614833287795597,0.0038016829559621027,0.003913914413363521,0.004259534031565026,0.4%,0.4%,0.4%,24,,,56.06872307855222
2025-10-14 00:00:00+00:00,115166.0,115409.96,109866.0,113028.14,31870.32974,3578140778.808499,7425642,14944.19197,1677011392.6343808,-0.018563291249153346,-1.8563291249153346,124658.54,-11630.399999999994,-9.32980604457584,0.004047530769804057,0.0041753557501493935,0.0036875878805463377,0.4%,0.4%,0.4%,24,,,56.06872307855222
2025-10-15 00:00:00+00:00,113028.13,113612.35,110164.0,110763.28,22986.48811,2569639641.3527684,5243141,10499.31831,1173678794.920774,-0.020038018850880857,-2.0038018850880857,124658.54,-13895.259999999995,-11.146657100267653,0.003749872221426257,0.0034935275887345778,0.003134315746608295,0.4%,0.3%,0.3%,24,,,56.06872307855222
2025-10-16 00:00:00+00:00,110763.28,111982.45,107427.0,108194.28,29857.17252,3277596494.7619195,6127094,13126.95119,1441416875.126377,-0.023193607123227156,-2.3193607123227156,124658.54,-16464.259999999995,-13.207486627069432,0.0031603860148758296,0.0028970310427640445,0.003416692766531178,0.3%,0.3%,0.3%,24,,,56.06872307855222
2025-10-17 00:00:00+00:00,108194.27,109240.0,103528.23,106431.68,37920.66838,4022645635.221202,7570685,17996.99946,1909654487.4562209,-0.016291064555353674,-1.6291064555353674,124658.54,-18226.86,-14.621429065349234,0.004478728526916549,0.0036838595179863407,0.003047472795568087,0.4%,0.4%,0.3%,24,,,56.06872307855222
2025-10-18 00:00:00+00:00,106431.68,107499.0,106322.2,107185.01,11123.18766,1189002999.143113,2105450,4845.85641,518065716.6618129,0.007078061719969053,0.7078061719969053,124658.54,-17473.53,-14.017114270711017,0.00326922969287908,0.003933458397487878,0.003223916616240317,0.3%,0.4%,0.3%,24,,,56.06872307855222
2025-10-19 00:00:00+00:00,107185.0,109450.07,106103.36,108642.78,15480.66423,1670074079.5802343,3205640,7100.31013,766423535.8177378,0.01360050253295686,1.360050253295686,124658.54,-16015.759999999995,-12.847703815558887,0.0028106564162396004,0.0028647161462020602,0.003445938927281378,0.3%,0.3%,0.3%,24,,,56.06872307855222
2025-10-20 00:00:00+00:00,108642.77,111705.56,107402.52,110532.09,19193.4416,2119912185.5934684,4283542,9280.500750000001,1024925788.7216991,0.017390110967337113,1.7390110967337113,124658.54,-14126.449999999997,-11.33211571385322,0.0037402217872410343,0.0032931459106501334,0.003071008134205613,0.4%,0.3%,0.3%,24,,,56.06872307855222
2025-10-21 00:00:00+00:00,110532.09,114000.0,107473.72,108297.67,37228.01659,4114477849.932054,6004063,17034.07155,1881327751.3346128,-0.0202151248565009,-2.02151248565009,124658.54,-16360.869999999995,-13.124548065459452,0.0028334298760699646,0.00282884848927422,0.0034016396386980065,0.3%,0.3%,0.3%,24,,,56.06872307855222
2025-10-22 00:00:00+00:00,108297.66,109163.88,106666.69,107567.44,28610.78451,3090291706.4439816,5547903,13766.58861,1487179903.5999787,-0.006742804346575482,-0.6742804346575482,124658.54,-17091.09999999999,-13.71033224037438,0.002646428888560016,0.0036558813406883453,0.0032940525769736087,0.3%,0.4%,0.3%,24,,,56.06872307855222
2025-10-23 00:00:00+00:00,107567.45,111293.61,107500.0,110078.18,17573.09294,1924582289.411394,3721614,8575.337160000001,938905317.7034107,0.02334107793213258,2.334107793213258,124658.54,-14580.36,-11.696238380459134,0.003318806177598252,0.0030864141474915875,0.0029913485213096274,0.3%,0.3%,0.3%,24,,,56.06872307855222
2025-10-24 00:00:00+00:00,110078.19,112104.98,109700.01,111004.89,15005.16913,1662806764.9533324,3241022,7511.2434,832390454.8076226,0.008418652997351561,0.8418652997351561,124658.54,-13653.649999999994,-10.952839653023371,0.003775877276595704,0.0035851738761387125,0.003170706563365945,0.4%,0.4%,0.3%,24,,,56.06872307855222
2025-10-25 00:00:00+00:00,111004.9,111943.19,110672.86,111646.27,6407.96864,714201332.9751225,1238199,3087.0866,344113931.79994524,0.005777943656356088,0.5777943656356088,124658.54,-13012.26999999999,-10.438330177780031,0.0026537857785926488,0.0028423774098574354,0.0031104609496579,0.3%,0.3%,0.3%,24,,,56.06872307855222
2025-10-26 00:00:00+00:00,111646.27,115466.8,111260.45,114559.4,13454.47737,1525108635.874829,2463951,6982.18154,791462349.3516055,0.026092497313165763,2.6092497313165763,124658.54,-10099.14,-8.101442548581106,0.004134122588496864,0.0042438351785298875,0.004118384728400583,0.4%,0.4%,0.4%,24,,,56.06872307855222
2025-10-27 00:00:00+00:00,114559.41,116400.0,113830.01,114107.65,21450.23241,2470872744.548968,3660488,10969.70182,1263753536.9973898,-0.0039433691168074825,-0.39433691168074825,124658.54,-10550.89,-8.46383248191419,0.004631820765699017,0.0043772696368480045,0.00401090810601917,0.5%,0.4%,0.4%,24,,,56.06872307855222
2025-10-28 00:00:00+00:00,114107.65,116086.0,112211.0,112898.45,15523.42257,1772753529.8642743,3829845,7765.31574,887031686.0163726,-0.010597010805147522,-1.0597010805147522,124658.54,-11760.089999999997,-9.433842238165147,0.004616753665611211,0.004145432107989429,0.0037094807229132378,0.5%,0.4%,0.4%,24,,,56.06872307855222
2025-10-29 00:00:00+00:00,112898.44,113643.73,109200.0,110021.29,21079.71376,2356715986.5335455,4481480,10407.07233,1163985607.3569086,-0.02548449513700146,-2.548449513700146,124658.54,-14637.25,-11.741875045223537,0.003158524676418902,0.0029943183948667007,0.002952570819778005,0.3%,0.3%,0.3%,24,,,56.06872307855222
2025-10-30 00:00:00+00:00,110021.3,111592.0,106304.34,108322.88,25988.82838,2827221287.4227977,6373451,12551.13144,1365671836.7455924,-0.015437103127948992,-1.5437103127948992,124658.54,-16335.659999999989,-13.104324822029835,0.0028569656993032255,0.002836790021907024,0.0034066505016356447,0.3%,0.3%,0.3%,24,,,56.06872307855222
2025-10-31 00:00:00+00:00,108322.87,111190.0,108275.28,109608.01,21518.20439,2361590437.9414105,5256872,10798.53938,1185034290.9237797,0.011863883235009975,1.1863883235009975,124658.54,-15050.529999999999,-12.073404678091048,0.0026259529870378893,0.0026675542970871348,0.0027821659684151997,0.3%,0.3%,0.3%,24,,,56.06872307855222
2025-11-01 00:00:00+00:00,109608.01,110564.49,109394.81,110098.1,7378.50431,812389216.4346797,1994214,3406.68401,375126956.0809722,0.004471297307560018,0.4471297307560018,124658.54,-14560.439999999988,-11.68025872916527,0.003310505801018862,0.0030869258220765756,0.0029580514401566734,0.3%,0.3%,0.3%,24,,,56.06872307855222
2025-11-02 00:00:00+00:00,110098.1,111250.01,109471.34,110540.68,12107.00087,1336870531.1415012,2652188,5921.86453,654016950.2549777,0.004019869552698729,0.40198695526987294,124658.54,-14117.86,-11.32522489032841,0.003747792631849489,0.003299680845508059,0.0030749832752792958,0.4%,0.3%,0.3%,24,,,56.06872307855222
2025-11-03 00:00:00+00:00,110540.69,110750.0,105306.56,106583.04,28681.18779,3076006652.001568,7074546,12847.08574,1377869106.6681776,-0.03580256607793619,-3.5802566077936193,124658.54,-18075.5,-14.500009385638556,0.004765506431672451,0.0038303284165588625,0.0031245338792333837,0.5%,0.4%,0.3%,24,,,56.06872307855222
2025-11-04 00:00:00+00:00,106583.05,107299.0,98944.36,101497.22,50534.87376,5197697635.212413,9099609,23388.99033,2406186713.17053,-0.04771697260652341,-4.771697260652341,124658.54,-23161.319999999992,-18.579810095642056,0.007004978532129057,0.006972088263689046,0.0057399677213415025,0.7%,0.7%,0.6%,24,,,56.06872307855222
2025-11-05 00:00:00+00:00,101497.23,104534.74,98966.8,103885.16,33778.77571,3454273922.700385,6500368,18126.84828,1854232277.0330112,0.023527146851904046,2.3527146851904046,124658.54,-20773.37999999999,-16.664225331052318,0.0025827591250504036,0.0031217395835191016,0.003950759697530132,0.3%,0.3%,0.4%,24,,,56.06872307855222
2025-11-06 00:00:00+00:00,103885.16,104200.0,100300.95,101346.04,25814.62139,2641767846.305827,5755001,11972.54796,1225474173.0204284,-0.024441604556416086,-2.4441604556416086,124658.54,-23312.5,-18.70108538091333,0.007934537031633614,0.006995145682553024,0.005703692130827784,0.8%,0.7%,0.6%,24,,,56.06872307855222
2025-11-07 00:00:00+00:00,101346.04,104096.36,99260.86,103339.08,32059.509420000002,3251112979.305884,6335759,16056.80582,1629564159.1165798,0.01966569192047385,1.966569192047385,124658.54,-21319.459999999992,-17.102285972545474,0.0036293641568677006,0.004088487805904771,0.005662397470734556,0.4%,0.4%,0.6%,24,,,56.06872307855222
2025-11-08 00:00:00+00:00,103339.09,103406.22,101454.0,102312.94,12390.77985,1267165565.3752701,2743819,5862.65977,599611355.3671467,-0.009929834869828569,-0.9929834869828569,124658.54,-22345.59999999999,-17.925446583924366,0.0041384475594779795,0.00564039249533748,0.00594432351796211,0.4%,0.6%,0.6%,24,,,56.06872307855222
2025-11-09 00:00:00+00:00,102312.95,105495.62,101400.0,104722.96,16338.97096,1687020822.3668208,3404204,8224.94939,849620657.0869097,0.023555378234659363,2.3555378234659363,124658.54,-19935.579999999987,-15.992149434767954,0.0025377357783484353,0.0027999945715836655,0.00319197753936458,0.3%,0.3%,0.3%,24,,,56.06872307855222
2025-11-10 00:00:00+00:00,104722.95,106670.11,104265.02,106011.13,22682.25673,2400141664.389342,4710957,11595.81944,1226965888.74677,0.012300740926345144,1.2300740926345144,124658.54,-18647.40999999999,-14.958790629185925,0.0028531898652886046,0.002588592184098064,0.0026362370559555857,0.3%,0.3%,0.3%,24,,,56.06872307855222
2025-11-11 00:00:00+00:00,106011.13,107500.0,102476.09,103058.99,24196.50718,2532279071.0069213,5532149,10717.03395,1121890584.1997764,-0.027847453375886122,-2.784745337588612,124658.54,-21599.54999999999,-17.326971742168638,0.0037679001836469824,0.003949660715565192,0.005831996675556534,0.4%,0.4%,0.6%,24,,,56.06872307855222
2025-11-12 00:00:00+00:00,103059.0,105333.33,100813.59,101654.37,20457.63906,2108514405.2608771,5314132,10155.72095,1047214063.138287,-0.013629281637633106,-1.3629281637633106,124658.54,-23004.17,-18.45374572813062,0.00686775965178483,0.006954208184973436,0.005819389635117151,0.7%,0.7%,0.6%,24,,,56.06872307855222
2025-11-13 00:00:00+00:00,101654.37,104085.01,98000.4,99692.02,36198.50771,3654698026.5403805,8125404,17250.22426,1742449117.5763607,-0.0193041381300183,-1.93041381300183,124658.54,-24966.51999999999,-20.027925884580387,0.0054849247343593385,0.004920741371664624,0.00399455193756363,0.5%,0.5%,0.4%,24,,,56.06872307855222
2025-11-14 00:00:00+00:00,99692.03,99866.02,94012.45,94594.0,47288.14481,4566085156.747207,9551025,21184.91518,2045542286.8634834,-0.05113769386957956,-5.113769386957956,124658.54,-30064.539999999994,-24.117513328810038,0.0024036467669824517,0.0027161755478632373,0.0036199355397169538,0.2%,0.3%,0.4%,24,,,56.06872307855222
2025-11-15 00:00:00+00:00,94594.0,96846.68,94558.49,95596.24,15110.89391,1449074019.0674856,4263558,7115.78198,682358960.7540421,0.010595175169672455,1.0595175169672455,124658.54,-29062.29999999999,-23.313525090218434,0.0019399190906202008,0.002156311724611935,0.002384233773567781,0.2%,0.2%,0.2%,24,,,56.06872307855222
2025-11-16 00:00:00+00:00,95596.23,96635.11,93005.55,94261.44,23889.4051,2261295524.8173394,5141394,10828.62752,1025540141.3111867,-0.013962892264381965,-1.3962892264381965,124658.54,-30397.09999999999,-24.384290077518955,0.002724643294108567,0.003524523135800323,0.003991167436845871,0.3%,0.4%,0.4%,24,,,56.06872307855222
2025-11-17 00:00:00+00:00,94261.45,96043.0,91220.0,92215.14,39218.598060000004,3674562070.238606,8134322,18690.192450000002,1750979467.7862606,-0.02170877083991085,-2.170877083991085,124658.54,-32443.399999999994,-26.025814196123264,0.00463230209448874,0.0039119627831405825,0.00338403114971039,0.5%,0.4%,0.3%,24,,,56.06872307855222
2025-11-18 00:00:00+00:00,92215.14,93836.01,89253.78,92960.83,39835.14769,3641033186.3004584,8786593,20130.95957,1841176605.1418235,0.0080864161785148,0.8086416178514799,124658.54,-31697.709999999992,-25.427628143246338,0.004102268619001798,0.004519211362687751,0.003791866411147258,0.4%,0.5%,0.4%,24,,,56.06872307855222
2025-11-19 00:00:00+00:00,92960.83,92980.22,88608.0,91554.96,32286.6376,2925773651.2559576,6822174,15060.08451,1365200809.1745572,-0.015123251373723723,-1.5123251373723723,124658.54,-33103.57999999999,-26.555404868370825,0.0030161917096683992,0.003016851734692012,0.003104531926392858,0.3%,0.3%,0.3%,24,,,56.06872307855222
2025-11-20 00:00:00+00:00,91554.96,93160.0,86100.0,86637.23,39733.19073,3548950335.0984216,7841395,18283.84047,1634256490.957432,-0.05371341978632305,-5.371341978632305,124658.54,-38021.31,-30.500365237712558,0.005995451789409394,0.0062340340987594774,0.005074675746514358,0.6%,0.6%,0.5%,24,,,56.06872307855222
2025-11-21 00:00:00+00:00,86637.22,87498.94,80600.0,85129.43,72256.12679,6061348756.341564,11826480,34071.85828,2859133223.2240524,-0.01740360350856096,-1.740360350856096,124658.54,-39529.11,-31.7099093251052,0.004047692585615648,0.0035286069907918697,0.004336096467620054,0.4%,0.4%,0.4%,24,,,56.06872307855222
2025-11-22 00:00:00+00:00,85129.42,85620.0,83500.0,84739.74,14193.93263,1197657354.9690385,4697593,6688.79428,564562148.9373932,-0.00457761786963673,-0.457761786963673,124658.54,-39918.79999999999,-32.02251526449772,0.002774713866896682,0.0027562626128465845,0.004879791044511713,0.3%,0.3%,0.5%,24,,,56.06872307855222
2025-11-23 00:00:00+00:00,84739.75,88127.64,84667.57,86830.0,19734.46418,1708685030.2798696,5063493,10406.517029999999,901210513.5204473,0.02466682102163631,2.466682102163631,124658.54,-37828.53999999999,-30.345726815026065,0.0056727045761840065,0.006127082245639157,0.005040179824291306,0.6%,0.6%,0.5%,24,,,56.06872307855222
2025-11-24 00:00:00+00:00,86830.0,89228.0,85272.0,88300.01,24663.127950000002,2150393686.920318,6189156,12438.87518,1085485389.0234168,0.01692974778302414,1.692974778302414,124658.54,-36358.53,-29.166497537994584,0.0026079313150518374,0.0024210220905527473,0.003698399709982676,0.3%,0.2%,0.4%,24,,,56.06872307855222
2025-11-25 00:00:00+00:00,88300.01,88519.99,86116.0,87369.96,19567.0411,1708989000.038937,4838747,9423.17985,823123525.1402559,-0.010532841389259029,-1.053284138925903,124658.54,-37288.57999999999,-29.912575584472577,0.0031718792360382183,0.004680081786014287,0.005053019536483543,0.3%,0.5%,0.5%,24,,,56.06872307855222
2025-11-26 00:00:00+00:00,87369.97,90656.08,86306.77,90484.02,21675.82239,1916851896.6699688,4668280,10883.61063,962765375.8163832,0.035642227603171595,3.5642227603171595,124658.54,-34174.51999999999,-27.414503651334265,0.0027222463248660223,0.0032818362424148237,0.003697192049989191,0.3%,0.3%,0.4%,24,,,56.06872307855222
2025-11-27 00:00:00+00:00,90484.01,91950.0,90089.91,91333.95,16833.50932,1535778106.5787077,3920172,8898.35835,812005498.7594875,0.009393150304329856,0.9393150304329856,124658.54,-33324.59,-26.732697174216867,0.003158247406608426,0.0029339177769748853,0.003189597383609389,0.3%,0.3%,0.3%,24,,,56.06872307855222
2025-11-28 00:00:00+00:00,91333.94,93092.0,90180.63,90890.7,18830.86012,1721418035.0795596,4229754,8961.64712,820315728.918691,-0.004853069422706469,-0.48530694227064686,124658.54,-33767.84,-27.08826848124485,0.0027388098855398047,0.00262856078505915,0.003669744276289014,0.3%,0.3%,0.4%,24,,,56.06872307855222
2025-11-29 00:00:00+00:00,90890.71,91165.65,90155.47,90802.44,7429.88291,673725652.9787655,1677860,3359.04932,304614219.1452583,-0.000971056444718732,-0.0971056444718732,124658.54,-33856.09999999999,-27.159069888031727,0.002686301882619023,0.002925854000564279,0.0036789382205949074,0.3%,0.3%,0.4%,24,,,56.06872307855222
2025-11-30 00:00:00+00:00,90802.44,92000.01,90336.9,90360.0,9687.74175,884051773.1655338,2154030,5002.96698,456606490.1203246,-0.004872556288134988,-0.4872556288134988,124658.54,-34298.53999999999,-27.513991420082405,0.0024420919059811724,0.0032194254332079766,0.0036634007066335774,0.2%,0.3%,0.4%,24,,,56.06872307855222
2025-12-01 00:00:00+00:00,90360.01,90417.0,83822.76,86286.01,34509.01227,2977024047.2231607,7709685,15524.33346,1338718794.0013123,-0.0450862107127048,-4.50862107127048,124658.54,-38372.53,-30.7821108766395,0.006674538598162368,0.0056994042655616715,0.004799974152701565,0.7%,0.6%,0.5%,24,,,56.06872307855222
2025-12-02 00:00:00+00:00,86286.01,92307.65,86184.39,91277.88,28210.227319999998,2519515177.662365,6397299,13512.33949,1206199898.294151,0.05785259974357393,5.785259974357393,124658.54,-33380.65999999999,-26.777676042090647,0.0030210260418787258,0.0028236359446473557,0.0033705992857646565,0.3%,0.3%,0.3%,24,,,56.06872307855222
2025-12-03 00:00:00+00:00,91277.88,94150.0,90990.23,93429.95,25712.52585,2386223626.86139,6733182,12993.19312,1206219500.4577343,0.023577125147954625,2.3577125147954625,124658.54,-31228.589999999997,-25.051304146510944,0.0043475306716746105,0.004339575421793583,0.004015657286836592,0.4%,0.4%,0.4%,24,,,56.06872307855222
2025-12-04 00:00:00+00:00,93429.95,94080.0,90889.0,92078.06,19803.94059,1836645629.33462,5856049,8312.69539,770992235.207992,-0.014469557138797606,-1.4469557138797606,124658.54,-32580.479999999996,-26.135778583641354,0.004487682204041205,0.003908399311703666,0.0034506796104965104,0.4%,0.4%,0.3%,24,,,56.06872307855222
2025-12-05 00:00:00+00:00,92078.06,92692.36,88056.0,89330.04,19792.97218,1788436983.8106546,5520352,8722.13995,787809723.7213238,-0.029844460232980596,-2.9844460232980596,124658.54,-35328.5,-28.340216402341955,0.004759145426327031,0.004154589095384988,0.0033966672136068435,0.5%,0.4%,0.3%,24,,,56.06872307855222
2025-12-06 00:00:00+00:00,89330.04,90289.97,88908.01,89236.79,8409.50016,753420679.8063259,2482221,4041.7283399999997,362232786.26957136,-0.0010438817669845557,-0.10438817669845557,124658.54,-35421.75,-28.415020743865604,0.004991289484622341,0.004129943053812681,0.0033879736617697972,0.5%,0.4%,0.3%,24,,,56.06872307855222
2025-12-07 00:00:00+00:00,89236.8,91760.0,87719.28,90395.31,13021.111850000001,1167866486.8455215,3953071,6370.56683,571547237.856767,0.01298253780755676,1.298253780755676,124658.54,-34263.229999999996,-27.48566604421967,0.0025792097329669483,0.00322781631326768,0.00368534089628801,0.3%,0.3%,0.4%,24,,,56.06872307855222
2025-12-08 00:00:00+00:00,90395.32,92287.15,89612.0,90634.34,15793.63887,1436920018.8936133,5458731,7296.74328,663654575.4521835,0.0026442743544992098,0.264427435449921,124658.54,-34024.2,-27.29391825060682,0.002610138371025781,0.0029855137642699615,0.00365366202051779,0.3%,0.3%,0.4%,24,,,56.06872307855222
2025-12-09 00:00:00+00:00,90634.35,94588.99,89500.0,92678.8,21240.43014,1956261065.6071732,5940223,10517.75959,969426006.1222628,0.022557233825501566,2.2557233825501566,124658.54,-31979.73999999999,-25.65387016404973,0.004292729867208111,0.0042936831229889,0.003636401874671324,0.4%,0.4%,0.4%,24,,,56.06872307855222
2025-12-10 00:00:00+00:00,92678.81,94476.0,91563.15,92015.37,18998.68083,1758773276.2478049,6025707,9197.33116,852012295.3967115,-0.007158379262571457,-0.7158379262571457,124658.54,-32643.17,-26.186067958119843,0.0043882566808475295,0.0038346848881668496,0.003413376583499639,0.4%,0.4%,0.3%,24,,,56.06872307855222
2025-12-11 00:00:00+00:00,92015.38,93555.0,89260.63,92513.38,19972.58758,1814322119.0658488,6250438,9150.89797,831529923.8088819,0.005412247975528528,0.5412247975528528,124658.54,-32145.15999999999,-25.786568653860364,0.0039635802896618375,0.004160386770010805,0.0035288013398020674,0.4%,0.4%,0.4%,24,,,56.06872307855222
2025-12-12 00:00:00+00:00,92513.38,92754.0,89480.0,90268.42,16679.19169,1521683425.5648003,4956719,7986.6827299999995,728724357.3886563,-0.02426632774632176,-2.426632774632176,124658.54,-34390.119999999995,-27.58745610208494,0.003357137516319883,0.003325454544318879,0.0036847083608393,0.3%,0.3%,0.4%,24,,,56.06872307855222
2025-12-13 00:00:00+00:00,90268.43,90634.55,89766.39,90240.01,5895.70788,532250544.59040153,1363754,2237.9847,202065519.4961406,-0.00031472800786813693,-0.03147280078681369,124658.54,-34418.53,-27.610246357770595,0.0033170839794910826,0.0034422375064677192,0.0036768838964439145,0.3%,0.3%,0.4%,24,,,56.06872307855222
2025-12-14 00:00:00+00:00,90240.0,90472.4,87577.36,88172.17,9416.94004,839079130.8378651,3115749,4005.70835,356905157.32666934,-0.022914891077693733,-2.2914891077693733,124658.54,-36486.369999999995,-29.26904967762337,0.0025715856913451443,0.0024184252470051243,0.003961928822048775,0.3%,0.2%,0.4%,24,,,56.06872307855222
2025-12-15 00:00:00+00:00,88172.16,90052.64,85146.64,86432.08,19778.6919,1732823429.5017288,6747167,9592.41076,840349649.3250623,-0.019735138649757622,-1.9735138649757622,124658.54,-38226.45999999999,-30.664934789064592,0.006514978800130823,0.005895951918277111,0.004925666988597604,0.7%,0.6%,0.5%,24,,,56.06872307855222
2025-12-16 00:00:00+00:00,86432.08,88175.98,85266.0,87863.42,18456.05017,1604673428.6527836,6099692,9065.97746,788731082.46646,0.016560286412174774,1.6560286412174774,124658.54,-36795.119999999995,-29.51672625076469,0.002202140226258765,0.0024676236212182678,0.004859350758983627,0.2%,0.2%,0.5%,24,,,56.06872307855222
2025-12-17 00:00:00+00:00,87863.43,90365.85,85314.0,86243.22,19834.11729,1733348496.6703594,6058638,9277.27838,810618013.2566438,-0.018439983328670806,-1.8439983328670806,124658.54,-38415.31999999999,-30.816436643650725,0.006652168543042953,0.005662201982470711,0.004793941249032439,0.7%,0.6%,0.5%,24,,,56.06872307855222
2025-12-18 00:00:00+00:00,86243.23,89477.61,84450.01,85516.41,25405.41763,2204223872.6696467,6946947,12668.53838,1098646854.9700365,-0.008427445079160933,-0.8427445079160933,124658.54,-39142.12999999999,-31.399477324217006,0.005206711837230178,0.004338479697840506,0.004367669165450012,0.5%,0.4%,0.4%,24,,,56.06872307855222
2025-12-19 00:00:00+00:00,85516.41,89399.97,85110.24,88136.94,21256.65004,1863236625.932864,6482253,10880.14451,953886285.3647417,0.03064359226492308,3.064359226492308,124658.54,-36521.59999999999,-29.297310878179704,0.002526008061007425,0.0024425101243340176,0.003998054858674818,0.3%,0.2%,0.4%,24,,,56.06872307855222
2025-12-20 00:00:00+00:00,88136.95,88573.07,87795.76,88360.9,5123.13194,451919022.7277595,1174426,2456.37063,216687645.3292005,0.002541045786250251,0.2541045786250251,124658.54,-36297.64,-29.117652107910143,0.002585663243798669,0.002443972104345413,0.0036144963021611425,0.3%,0.2%,0.4%,24,,,56.06872307855222
2025-12-21 00:00:00+00:00,88360.91,89081.77,87600.04,88658.86,7132.87258,629720971.7866651,2030666,3450.39397,304712061.7980245,0.003372079732098854,0.3372079732098854,124658.54,-35999.67999999999,-28.87863117921965,0.003262662305393417,0.0029347194730286554,0.003028285317250205,0.3%,0.3%,0.3%,24,,,56.06872307855222
2025-12-22 00:00:00+00:00,88658.87,90588.23,87900.0,88620.79,14673.2197,1310235631.747926,4847747,7269.61435,649186791.7715422,-0.00042939870871350205,-0.042939870871350205,124658.54,-36037.75,-28.90917060315322,0.0033874290950063673,0.0029066119165968205,0.0034155835409219763,0.3%,0.3%,0.3%,24,,,56.06872307855222
2025-12-23 00:00:00+00:00,88620.79,88940.0,86601.9,87486.0,13910.32904,1219899607.2677548,4465080,6381.76747,559905195.8871304,-0.012805008847246668,-1.2805008847246668,124658.54,-37172.53999999999,-29.81948930253795,0.002751223219989637,0.004448333432145082,0.005053664754633004,0.3%,0.4%,0.5%,24,,,56.06872307855222
2025-12-24 00:00:00+00:00,87486.0,88049.89,86420.0,87669.45,9140.8432,797460526.4738462,2877239,4543.2733100000005,396385690.4046026,0.002096906933680698,0.20969069336806978,124658.54,-36989.09,-29.672327303047187,0.0021473185381700633,0.002876751428156132,0.0050413993932530874,0.2%,0.3%,0.5%,24,,,56.06872307855222
2025-12-25 00:00:00+00:00,87669.44,88592.74,86934.72,87225.27,7096.58235,622970453.6497647,1992172,3390.95708,297591128.7233041,-0.00506653115766087,-0.506653115766087,124658.54,-37433.26999999999,-30.02864464801207,0.004891903434675104,0.005316114636671983,0.005060113958970557,0.5%,0.5%,0.5%,24,,,56.06872307855222
2025-12-26 00:00:00+00:00,87225.27,89567.75,86655.08,87369.56,18344.61505,1616722115.636646,4509482,8846.806129999999,780464877.7249064,0.0016542224518192317,0.16542224518192317,124658.54,-37288.979999999996,-29.91289646100459,0.0031851224251034063,0.00467745976457236,0.005051044986663885,0.3%,0.5%,0.5%,24,,,56.06872307855222
2025-12-27 00:00:00+00:00,87369.56,87984.0,87253.05,87877.01,4469.55156,391274205.274436,957536,2065.72405,180860481.2392424,0.005808086935541468,0.5808086935541468,124658.54,-36781.53,-29.505824470589825,0.002203048974815646,0.002447625310319939,0.004850535134610619,0.2%,0.2%,0.5%,24,,,56.06872307855222
2025-12-28 00:00:00+00:00,87877.0,88088.75,87435.0,87952.71,4446.29285,390327299.1502763,1241426,2230.75216,195842128.1874143,0.0008614312207482211,0.08614312207482211,124658.54,-36705.82999999999,-29.445098586907882,0.0022696865535536785,0.00233602370669933,0.00480736121269258,0.2%,0.2%,0.5%,24,,,56.06872307855222
2025-12-29 00:00:00+00:00,87952.71,90406.08,86806.5,87237.13,19894.98575,1762011993.0377953,4793589,10079.10102,892298235.375502,-0.008135963064696994,-0.8135963064696994,124658.54,-37421.40999999999,-30.019130658838122,0.0036251048079433655,0.005028938216778014,0.005065493610190773,0.4%,0.5%,0.5%,24,,,56.06872307855222
2025-12-30 00:00:00+00:00,87237.13,89400.0,86845.66,88485.49,13105.91001,1155016404.4786754,3542176,6561.56089,578303387.4025434,0.014309961824741313,1.4309961824741313,124658.54,-36173.04999999999,-29.017707090103883,0.0026963580453575526,0.002530341012322801,0.003345960460362312,0.3%,0.3%,0.3%,24,,,56.06872307855222
2025-12-31 00:00:00+00:00,88485.5,89200.0,87250.0,87648.22,11558.62047,1019746835.2795268,2897396,5432.03408,479104976.9645489,-0.009462229344042727,-0.9462229344042727,124658.54,-37010.31999999999,-29.689357824983343,0.0022481204134111345,0.00287716887622512,0.005058547041887562,0.2%,0.3%,0.5%,24,,,56.06872307855222
2026-01-01 00:00:00+00:00,87648.21,88919.45,87550.43,88839.04,6279.57133,552991635.2911003,1449281,3123.64536,275090077.2883817,0.013586356916318376,1.3586356916318376,124658.54,-35819.5,-28.734092345378027,0.0038616990576450447,0.003337307856964618,0.003045323487259124,0.4%,0.3%,0.3%,24,,,56.06872307855222
2026-01-02 00:00:00+00:00,88839.05,90961.81,88379.88,89995.13,17396.973009999998,1558958860.8870876,5010211,8929.35447,800380273.9640186,0.013013310364452524,1.3013310364452524,124658.54,-34663.40999999999,-27.806686970664018,0.0037514549503060057,0.004120587161403545,0.0036666829593833407,0.4%,0.4%,0.4%,24,,,56.06872307855222
2026-01-03 00:00:00+00:00,89995.14,90741.16,89314.01,90628.01,7057.46716,635514773.6093655,1684214,3791.72083,341479553.3015828,0.007032380529924165,0.7032380529924165,124658.54,-34030.53,-27.298996121725793,0.0026002756506972313,0.00300939997709912,0.0036524388387289474,0.3%,0.3%,0.4%,24,,,56.06872307855222
2026-01-04 00:00:00+00:00,90628.01,91810.0,90628.0,91529.73,10426.5297,952160980.5212084,2207037,5320.99389,485918671.5920199,0.00994968332637991,0.994968332637991,124658.54,-33128.81,-26.575644155627042,0.00266817779337299,0.0028472465782894466,0.003034434514555691,0.3%,0.3%,0.3%,24,,,56.06872307855222
2026-01-05 00:00:00+00:00,91529.74,94789.08,91514.81,93859.71,20673.59584,1927455243.5480762,5485489,10892.9695,1015858751.9317029,0.025455991184503812,2.5455991184503812,124658.54,-30798.829999999987,-24.706554400524816,0.003928467897153037,0.004066519616470663,0.004022704098666397,0.4%,0.4%,0.4%,24,,,56.06872307855222
2026-01-06 00:00:00+00:00,93859.71,94444.44,91262.94,93747.97,18546.41829,1728045542.2983751,5018686,8108.82157,755998193.3969632,-0.0011905001624232803,-0.11905001624232803,124658.54,-30910.569999999992,-24.796191259740407,0.003982722713900861,0.004011485437264125,0.004039101869172324,0.4%,0.4%,0.4%,24,,,56.06872307855222
2026-01-07 00:00:00+00:00,93747.97,93747.97,90675.52,91364.16,14276.49025,1311906952.9749737,4340252,6714.86954,616889466.1481977,-0.02542785726453589,-2.542785726453589,124658.54,-33294.37999999999,-26.70846297413718,0.0031614649162108686,0.002955091966438673,0.0031666822097043373,0.3%,0.3%,0.3%,24,,,56.06872307855222
2026-01-08 00:00:00+00:00,91364.16,91687.99,89311.0,91099.99,16132.79117,1460622501.2073882,4923472,8192.07574,741768676.9751914,-0.0028913963637382523,-0.2891396363738252,124658.54,-33558.54999999999,-26.920377857786548,0.0030352269066860806,0.0028581426003883126,0.0036096487924461855,0.3%,0.3%,0.4%,24,,,56.06872307855222
2026-01-09 00:00:00+00:00,91100.0,92082.55,89694.66,90641.28,15590.27939,1416907180.1870482,4155703,8512.4327,773999739.2375336,-0.0050352365571061375,-0.5035236557106137,124658.54,-34017.259999999995,-27.288351042776526,0.0026264045537492714,0.0029864209496399084,0.0036546732810492665,0.3%,0.3%,0.4%,24,,,56.06872307855222
2026-01-10 00:00:00+00:00,90641.27,90832.0,90404.0,90504.7,3104.11722,281321375.4802981,766357,1551.97383,140664759.4095869,-0.0015068189681346489,-0.1506818968134649,124658.54,-34153.84,-27.397914334629625,0.0026788981222493394,0.003183882882588053,0.0037021276181214485,0.3%,0.3%,0.4%,24,,,56.06872307855222
2026-01-11 00:00:00+00:00,90504.7,91283.89,90236.0,91013.65,5477.13594,497245863.9319499,1282029,2868.36168,260447706.8088716,0.005623464858730998,0.5623464858730998,124658.54,-33644.89,-26.989639057219826,0.0029134018537818247,0.0027932202014621503,0.003604876946800654,0.3%,0.3%,0.4%,24,,,56.06872307855222
2026-01-12 00:00:00+00:00,91013.66,92519.95,90128.44,91296.2,16188.08268,1479964862.2693064,4099509,8092.5428,740004800.1807222,0.003104479383037706,0.3104479383037706,124658.54,-33362.34,-26.762979896924833,0.0030133897265330824,0.0028426541902803935,0.003380447327727333,0.3%,0.3%,0.3%,24,,,56.06872307855222
2026-01-13 00:00:00+00:00,91296.2,96495.0,91042.66,95414.0,23021.51482,2149770801.117704,5025071,12405.23056,1159067162.248983,0.04510373925749378,4.510373925749378,124658.54,-29244.539999999994,-23.459716438199894,0.0020681402328106765,0.0021880782777521962,0.0025498909866185056,0.2%,0.2%,0.3%,24,,,56.06872307855222
2026-01-14 00:00:00+00:00,95413.99,97924.49,94559.28,96951.78,22851.89428,2201535821.648615,5346212,11974.988290000001,1154415462.597303,0.01611692204498283,1.6116922044982829,124658.54,-27706.759999999995,-22.226122654733484,0.0020393495973911953,0.0019262746196510782,0.0019945987908138816,0.2%,0.2%,0.2%,24,,,56.06872307855222
2026-01-15 00:00:00+00:00,96951.78,97193.34,95134.48,95604.8,21725.81369,2093008182.8437335,4493095,10841.32767,1045103063.1114848,-0.013893298297359746,-1.3893298297359746,124658.54,-29053.73999999999,-23.30665833243354,0.0019853913992565688,0.0021801465618196117,0.0023863744830796233,0.2%,0.2%,0.2%,24,,,56.06872307855222
2026-01-16 00:00:00+00:00,95604.81,95871.47,94293.46,95550.94,11167.7146,1064019408.0772514,2971559,5055.06952,481723178.0814679,-0.0005633608354392861,-0.056336083543928606,124658.54,-29107.59999999999,-23.349864357467997,0.0018821053494256237,0.0021791536092315993,0.002416325578284508,0.2%,0.2%,0.2%,24,,,56.06872307855222
2026-01-17 00:00:00+00:00,95550.94,95639.45,95021.67,95147.77,4280.80137,408161941.6719079,1020527,2059.85283,196399075.9709701,-0.00421942473825998,-0.42194247382599803,124658.54,-29510.76999999999,-23.67328383598909,0.002316807575918684,0.002350526145902637,0.0030215293494127967,0.2%,0.2%,0.3%,24,,,56.06872307855222
2026-01-18 00:00:00+00:00,95147.77,95531.12,93615.4,93673.14,6895.1781900000005,654773743.2677118,1488785,3107.35604,295217762.8212793,-0.015498313833314237,-1.5498313833314237,124658.54,-30985.399999999994,-24.856219236965227,0.0039584907391360565,0.004058122421592543,0.004036710957514119,0.4%,0.4%,0.4%,24,,,56.06872307855222
2026-01-19 00:00:00+00:00,93673.14,93673.14,91910.2,92631.0,14295.527469999999,1326770336.049047,3359066,6906.84245,640981004.8958122,-0.011125280950334271,-1.112528095033427,124658.54,-32027.539999999994,-25.692214909624322,0.003986257359530016,0.004136070509572011,0.0035410970718166763,0.4%,0.4%,0.4%,24,,,56.06872307855222
2026-01-20 00:00:00+00:00,92630.99,92870.0,87895.98,88427.66,22007.3261,1989676668.5941782,6064031,9629.19624,870936424.1390942,-0.045377249516900364,-4.537724951690036,124658.54,-36230.87999999999,-29.064097814718505,0.0027075075965258505,0.0024861811426043607,0.0035032730706462366,0.3%,0.2%,0.4%,24,,,56.06872307855222
2026-01-21 00:00:00+00:00,88427.66,90574.0,87263.53,89454.73,20617.50372,1837708115.3597033,6419053,10265.21302,915531751.0822006,0.01161480468893994,1.161480468893994,124658.54,-35203.81,-28.240191165402706,0.004500813900113833,0.004178304927520917,0.003432174434055761,0.5%,0.4%,0.3%,24,,,56.06872307855222
2026-01-22 00:00:00+00:00,89454.73,90359.99,88515.37,89559.67,10825.50492,969910623.3559886,3743412,5529.54766,495598490.5227897,0.0011731073359675381,0.11731073359675381,124658.54,-35098.869999999995,-28.156009207231204,0.004313919665135067,0.004258785089461705,0.0034736391635532275,0.4%,0.4%,0.3%,24,,,56.06872307855222
2026-01-23 00:00:00+00:00,89559.68,91224.99,88578.36,89600.26,13918.48919,1248772265.678843,4619907,6911.17668,620204414.132354,0.0004532173912654702,0.04532173912654702,124658.54,-35058.28,-28.12344826114601,0.004386287814190718,0.0042966878620632615,0.003495424811632045,0.4%,0.4%,0.3%,24,,,56.06872307855222
2026-01-24 00:00:00+00:00,89600.26,89957.39,89162.08,89225.34,4226.56737,378464146.0918812,959854,1835.96939,164401193.4396937,-0.004184362857875601,-0.4184362857875601,124658.54,-35433.2,-28.42420583459424,0.004993417567816898,0.0041267534419197165,0.003385006466376412,0.5%,0.4%,0.3%,24,,,56.06872307855222
2026-01-25 00:00:00+00:00,89225.34,89319.13,86074.72,86670.36,14426.22019,1264233689.841581,3720178,6269.27657,549304584.5673954,-0.02863513885181046,-2.863513885181046,124658.54,-37988.17999999999,-30.47378863894924,0.005958160922118118,0.006183226283633286,0.005009491667157653,0.6%,0.6%,0.5%,24,,,56.06872307855222
2026-01-26 00:00:00+00:00,86670.36,88860.0,86509.63,88347.08,17766.51453,1560135758.989215,4798083,9428.94206,827914390.6949898,0.019345944795891024,1.9345944795891024,124658.54,-36311.45999999999,-29.128738392090902,0.0026264958053342706,0.00245360102765891,0.0036432247110179134,0.3%,0.2%,0.4%,24,,,56.06872307855222
2026-01-27 00:00:00+00:00,88347.08,89523.16,87304.33,89250.0,13125.40425,1160026853.5895033,3787336,6722.86937,594388596.0572797,0.010220145363038613,1.0220145363038613,124658.54,-35408.53999999999,-28.404423796396138,0.004745731255616929,0.004115590139220575,0.0033875256172486707,0.5%,0.4%,0.3%,24,,,56.06872307855222
2026-01-28 00:00:00+00:00,89249.99,90600.0,88833.65,89299.99,14332.18502,1283919840.851472,4385791,7015.44336,628761031.3151364,0.0005601120448179842,0.056011204481798416,124658.54,-35358.54999999999,-28.364322251808815,0.004761036492903911,0.004143966764387677,0.0033917805253985607,0.5%,0.4%,0.3%,24,,,56.06872307855222
2026-01-29 00:00:00+00:00,89300.0,89348.0,83383.33,84650.16,30431.382009999998,2610381587.9100037,5598749,12385.58906,1062920384.0760188,-0.052069770668507376,-5.206977066850738,124658.54,-40008.37999999999,-32.09437556384023,0.0027556851805756854,0.003329641393305321,0.005100337369769544,0.3%,0.3%,0.5%,24,,,56.06872307855222
2026-01-30 00:00:00+00:00,84650.16,84735.75,81118.0,84260.49,35195.84793,2918624066.481832,8998829,16749.59784,1389486785.106681,-0.004603299036883057,-0.46032990368830573,124658.54,-40398.04999999999,-32.406965459406145,0.003488438702049663,0.004478176992256147,0.0059599659624632595,0.3%,0.4%,0.6%,24,,,56.06872307855222
2026-01-31 00:00:00+00:00,84260.5,84270.02,75719.9,78741.09,39491.89133,3155264093.623044,7384976,17959.61358,1435120245.9826965,-0.06550401024252306,-6.550401024252306,124658.54,-45917.45,-36.83458028627642,0.006210647617247465,0.005392432484390695,0.005218987328722628,0.6%,0.5%,0.5%,24,,,56.06872307855222
2026-02-01 00:00:00+00:00,78741.1,79424.0,75700.0,76968.21,25395.48168,1974920557.0473866,8001906,12031.74392,936095742.7402172,-0.02251530935119128,-2.251530935119128,124658.54,-47690.32999999999,-38.256769251428736,0.005162838071215519,0.005571223047773734,0.0074655353280976425,0.5%,0.6%,0.7%,24,,,56.06872307855222
2026-02-02 00:00:00+00:00,76968.22,79360.0,74604.0,78738.61,42273.59016,3260752444.4613295,10085578,21480.45115,1658977441.2234404,0.023001704210088736,2.3001704210088736,124658.54,-45919.92999999999,-36.83656972077485,0.006205720349101666,0.005381009536612486,0.005217018592088828,0.6%,0.5%,0.5%,24,,,56.06872307855222
2026-02-03 00:00:00+00:00,78738.6,79186.81,72945.5,75770.21,39120.108889999996,2986903008.574792,9199445,17304.88253,1324119396.4360397,-0.03769942090671896,-3.769942090671896,124658.54,-48888.32999999999,-39.21779446478355,0.010562805773245965,0.008853978406251035,0.00792008576910656,1.1%,0.9%,0.8%,24,,,56.06872307855222
2026-02-04 00:00:00+00:00,75770.21,76971.52,71888.0,73165.83,38375.36,2852834631.5391464,10724002,17274.35569,1284664768.8290725,-0.03437208369885747,-3.437208369885747,124658.54,-51492.70999999999,-41.307005520841166,0.0075270184839337645,0.00707637430769168,0.0055972273505712645,0.8%,0.7%,0.6%,24,,,56.06872307855222
2026-02-05 00:00:00+00:00,73165.84,73341.18,62345.0,62909.86,106298.82899,7198745594.280693,15364010,49042.65006,3325749503.03324,-0.14017431361060217,-14.017431361060218,124658.54,-61748.67999999999,-49.53425573570812,0.0018663258941236452,0.002551895965038496,0.002757800023320999,0.2%,0.3%,0.3%,24,,,56.06872307855222
2026-02-06 00:00:00+00:00,62909.87,71751.33,60000.0,70580.26,92539.21531,6134056670.6115055,13228528,49477.51198,3288426149.2806883,0.12192683309102881,12.19268330910288,124658.54,-54078.28,-43.381127357981256,0.0035337444992519233,0.0033732837224965152,0.0029452216437120433,0.4%,0.3%,0.3%,24,,,56.06872307855222
2026-02-07 00:00:00+00:00,70580.26,71690.07,67300.0,69289.38,44255.48036,3058983879.0691524,7167427,18766.22233,1298989823.429441,-0.01828953307907888,-1.828953307907888,124658.54,-55369.15999999999,-44.41666010206761,0.00227665539307231,0.002361398582152204,0.0022164867229078258,0.2%,0.2%,0.2%,24,,,56.06872307855222
2026-02-08 00:00:00+00:00,69289.37,72271.41,68888.0,70330.38,21420.53168,1510003758.652842,4870449,11435.75238,805898867.2818197,0.015023947392803993,1.5023947392803993,124658.54,-54328.15999999999,-43.58157892752473,0.0037664692580680692,0.003458695707852241,0.0028576620547647335,0.4%,0.3%,0.3%,24,,,56.06872307855222
2026-02-09 00:00:00+00:00,70330.38,71453.53,68308.0,70138.0,29152.72842,2038959539.4209776,6644769,13854.63486,969001616.6829728,-0.0027353755233514576,-0.27353755233514576,124658.54,-54520.53999999999,-43.735904495592514,0.0032673051878143195,0.003021866847217528,0.002620662509893852,0.3%,0.3%,0.3%,24,,,56.06872307855222
2026-02-10 00:00:00+00:00,70138.0,70527.59,67800.0,68841.29,20373.77072,1408623623.3599253,4558658,9237.21056,638739950.2535255,-0.01848798083777703,-1.848798083777703,124658.54,-55817.25,-44.77611401513286,0.002212107737911294,0.0022763594699789368,0.001950630416017968,0.2%,0.2%,0.2%,24,,,56.06872307855222
2026-02-11 00:00:00+00:00,68841.28,69292.88,65756.0,67082.52,28718.24602,1930513947.5441146,6956577,14335.50997,963903748.2694873,-0.025548184817570818,-2.554818481757082,124658.54,-57576.01999999999,-46.186984060618705,0.0014928050914757725,0.0014278387627958118,0.0019259435499544026,0.1%,0.1%,0.2%,24,,,56.06872307855222
2026-02-12 00:00:00+00:00,67082.52,68410.52,65118.0,66272.17,24271.74283,1622162145.3342066,6778280,12101.72511,809418852.0733618,-0.01207989801217968,-1.207989801217968,124658.54,-58386.369999999995,-46.83703980489423,0.0028008830774395267,0.002488606052460104,0.0029563199299103495,0.3%,0.2%,0.3%,24,,,56.06872307855222
2026-02-13 00:00:00+00:00,66272.17,69482.97,65872.46,68853.96,20244.54955,1371286022.3300548,6450842,10425.24887,706766540.6168541,0.03895737833844892,3.8957378338448923,124658.54,-55804.57999999999,-44.76595025098159,0.00218756300304241,0.0022721572606277537,0.0019505042214906908,0.2%,0.2%,0.2%,24,,,56.06872307855222
2026-02-14 00:00:00+00:00,68853.97,70560.01,68730.13,69822.95,18114.78393,1260259314.3600264,3803163,7857.93423,546756073.2649412,0.014073119396473155,1.4073119396473155,124658.54,-54835.59,-43.98863487411292,0.0028818057218987954,0.002411313564940556,0.0023768067447915396,0.3%,0.2%,0.2%,24,,,56.06872307855222
2026-02-15 00:00:00+00:00,69822.94,70983.0,68000.0,68832.58,22290.05208,1545094572.1368146,4598633,8861.59262,615733099.1208996,-0.014184018291979905,-1.4184018291979905,124658.54,-55825.95999999999,-44.78310110161726,0.0023696440058112124,0.002278939913058834,0.001952815556890535,0.2%,0.2%,0.2%,24,,,56.06872307855222
2026-02-16 00:00:00+00:00,68832.59,70126.67,67294.11,68892.43,15515.76534,1062797918.2535971,5233849,8153.4314,558909191.7674918,0.0008695010415125104,0.08695010415125104,124658.54,-55766.11,-44.73508995051603,0.002223796350137495,0.0023281982648626883,0.0019813933248279455,0.2%,0.2%,0.2%,24,,,56.06872307855222
2026-02-17 00:00:00+00:00,68892.43,69241.5,66621.06,67503.52,16489.06921,1117987651.294812,5994853,7538.45107,511426190.8932403,-0.02016056045635184,-2.016056045635184,124658.54,-57155.01999999999,-45.849261510683505,0.001442275775585735,0.0015472141549016452,0.001530572313975839,0.1%,0.2%,0.2%,24,,,56.06872307855222
2026-02-18 00:00:00+00:00,67503.52,68476.22,65870.0,66461.0,15492.43839,1040493524.6521236,4548997,7895.05707,530458178.1385649,-0.015443935368111283,-1.5443935368111283,124658.54,-58197.53999999999,-46.685562016047996,0.0026008519593312945,0.002639119894774177,0.0028306707114024968,0.3%,0.3%,0.3%,24,,,56.06872307855222
2026-02-19 00:00:00+00:00,66461.0,67320.0,65631.83,67003.73,14542.26988,968863572.7821527,4679351,7106.70741,473456223.0721071,0.008166142549765887,0.8166142549765887,124658.54,-57654.81,-46.25018871551039,0.0014410549008160279,0.0016246545744104883,0.0020109129072372316,0.1%,0.2%,0.2%,24,,,56.06872307855222
2026-02-20 00:00:00+00:00,67003.73,68318.39,66280.2,68020.01,35351.87091,2378079150.5678473,5044912,15001.46034,1010970043.1452413,0.01516751380855963,1.516751380855963,124658.54,-56638.53,-45.434937710645414,0.0015384092035023002,0.0014674862754938535,0.0015720875643918453,0.2%,0.1%,0.2%,24,,,56.06872307855222
2026-02-21 00:00:00+00:00,68020.0,68698.7,67534.69,67975.93,8032.84131,547592078.8471988,1593539,4003.46206,272919692.67728,-0.0006480445974648141,-0.06480445974648141,124658.54,-56682.61,-45.470298304472365,0.0015364676929294151,0.0014808625152570654,0.001578413385241658,0.2%,0.1%,0.2%,24,,,56.06872307855222
2026-02-22 00:00:00+00:00,67975.93,68245.0,67190.0,67643.4,8175.13484,553613335.5774136,2160900,3974.29287,269081093.6109383,-0.004891878639983305,-0.4891878639983305,124658.54,-57015.14,-45.73705098744137,0.0017788668131115727,0.0016714207901488384,0.0015636450955348563,0.2%,0.2%,0.2%,24,,,56.06872307855222
2026-02-23 00:00:00+00:00,67643.39,67684.86,63888.79,64656.02,33075.90923,2158158656.1215167,8268695,16388.63858,1069328860.0589625,-0.04416365824308055,-4.4163658243080555,124658.54,-60002.52,-48.13350132289372,0.0029523829266294814,0.002672057721081326,0.002441993881598997,0.3%,0.3%,0.2%,24,,,56.06872307855222
2026-02-24 00:00:00+00:00,64656.01,65026.75,62510.28,64058.15,23102.83622,1469512159.7199352,7553629,11150.61026,709235431.9176984,-0.009246934778849636,-0.9246934778849636,124658.54,-60600.38999999999,-48.61310745336821,0.002027411472223211,0.0022288434739853214,0.00214627627822867,0.2%,0.2%,0.2%,24,,,56.06872307855222
2026-02-25 00:00:00+00:00,64058.15,69988.83,63913.27,67988.04,30749.992589999998,2064089702.844435,7096715,16382.91985,1098904977.008272,0.06134879012272432,6.134879012272432,124658.54,-56670.5,-45.46058376746591,0.0015296101553362183,0.0014787890854999824,0.0015715438281429116,0.2%,0.1%,0.2%,24,,,56.06872307855222
2026-02-26 00:00:00+00:00,67988.04,68860.0,66500.0,67485.18,20737.77792,1404774665.564561,5426137,10172.500469999999,689304052.4530671,-0.007396300878801609,-0.7396300878801609,124658.54,-57173.36,-45.86397369967593,0.0014132888257091059,0.0015764382858750434,0.0015485561383638288,0.1%,0.2%,0.2%,24,,,56.06872307855222
2026-02-27 00:00:00+00:00,67485.19,68216.8,64914.46,65872.1,21228.58424,1412033823.5619729,3856064,10107.20917,671986242.524662,-0.023902729458526895,-2.3902729458526895,124658.54,-58786.43999999999,-47.15797249029228,0.0022934129543766583,0.003033873747690799,0.0030661749496426506,0.2%,0.3%,0.3%,24,,,56.06872307855222
2026-02-28 00:00:00+00:00,65872.09,67760.0,63030.0,66973.26,22548.71649,1462864408.2615666,5268514,11531.10802,748190390.4323822,0.016716637240956178,1.6716637240956178,124658.54,-57685.28,-46.27463148533586,0.001362616480861094,0.0016552092310162204,0.0021133242814654583,0.1%,0.2%,0.2%,24,,,56.06872307855222
2026-03-01 00:00:00+00:00,66973.26,68199.99,65056.0,65776.47,23201.85859,1545783742.9062002,5312013,11209.77201,747161922.8484616,-0.01786966917841526,-1.786966917841526,124658.54,-58882.06999999999,-47.23468604718136,0.002868175817709889,0.003317434653494692,0.003066737489067135,0.3%,0.3%,0.3%,24,,,56.06872307855222
2026-03-02 00:00:00+00:00,65776.48,70096.0,65259.21,68830.06,32010.38431,2164578841.845917,8397526,15335.91369,1037871544.5481505,0.04642374393153048,4.642374393153048,124658.54,-55828.479999999996,-44.78512262376889,0.002370324235170774,0.002279738550991719,0.0019524704082270448,0.2%,0.2%,0.2%,24,,,56.06872307855222
2026-03-03 00:00:00+00:00,68830.06,69258.08,66158.0,68338.0,24972.2418,1691848669.9430182,7648119,12331.622,835461016.0946944,-0.007148911391331003,-0.7148911391331003,124658.54,-56320.53999999999,-45.17984888961478,0.001480163962195293,0.0015970875728889445,0.0015698917385515581,0.1%,0.2%,0.2%,24,,,56.06872307855222
2026-03-04 00:00:00+00:00,68338.01,74050.0,67400.0,72666.77,44919.0761,3202864447.6324606,8618302,23641.35243,1685099057.930178,0.06334352775907992,6.334352775907992,124658.54,-51991.76999999999,-41.70734712599714,0.007265235364326475,0.0061615877089122775,0.00482505290534201,0.7%,0.6%,0.5%,24,,,56.06872307855222
2026-03-05 00:00:00+00:00,72666.77,73558.15,70645.47,70890.72,26590.51253,1917514690.387834,6709160,12299.51467,886773462.4727771,-0.02444102029029227,-2.444102029029227,124658.54,-53767.81999999999,-43.132079037665605,0.0021540606733261684,0.0029451379270751476,0.0029497201921922585,0.2%,0.3%,0.3%,24,,,56.06872307855222
2026-03-06 00:00:00+00:00,70891.02,71419.98,67744.78,68114.02,22629.88722,1574601198.874888,5302899,10464.09351,728091757.7822127,-0.0391687374595715,-3.91687374595715,124658.54,-56544.51999999999,-45.35952370371095,0.0017154848882020462,0.0015806665500779802,0.0015516848270859256,0.2%,0.2%,0.2%,24,,,56.06872307855222
2026-03-07 00:00:00+00:00,68114.02,68551.04,66915.26,67262.91,12719.54315,861729861.8530488,2067476,5910.76849,400477518.3566913,-0.012495371731106153,-1.2495371731106153,124658.54,-57395.62999999999,-46.04227676659778,0.0017251031392862917,0.0016169369617743496,0.00167807273523161,0.2%,0.2%,0.2%,24,,,56.06872307855222
2026-03-08 00:00:00+00:00,67262.91,68200.0,65618.49,65971.2,21593.63901,1447522160.3154547,3028392,11268.64926,755732359.1696719,-0.01920389706600567,-1.920389706600567,124658.54,-58687.34,-47.07847532948806,0.0020886300901196315,0.00274128831135413,0.0030121349445512632,0.2%,0.3%,0.3%,24,,67271.0,56.06872307855222
2026-03-09 00:00:00+00:00,65971.2,69516.65,65821.97,68432.16,28896.7213,1967622051.4496803,5093667,14101.45378,960195772.9159064,0.03730355064027946,3.730355064027946,124658.54,-56226.37999999999,-45.10431455398082,0.0018174355598069261,0.0016945543810392902,0.001597465700672383,0.2%,0.2%,0.2%,24,,,56.06872307855222
2026-03-10 00:00:00+00:00,68432.16,71777.0,68391.41,69948.63,32602.57726,2292525621.4405203,5176064,16453.82839,1157238967.1004455,0.022160194855752158,2.2160194855752158,124658.54,-54709.90999999999,-43.88781546775695,0.003275824862504633,0.0027537946200670888,0.002479533109139915,0.3%,0.3%,0.2%,24,,,56.06872307855222
2026-03-11 00:00:00+00:00,69948.64,71321.0,68977.91,70191.86,27249.27542,1911300596.2341678,4759855,14015.31615,982971805.5997225,0.0034772661022810514,0.34772661022810514,124658.54,-54466.67999999999,-43.69269847055806,0.003226862889311376,0.0030637050957548107,0.0026167945463684314,0.3%,0.3%,0.3%,24,,,56.06872307855222
2026-03-12 00:00:00+00:00,70191.86,70800.0,69205.91,70541.34,21997.1605,1540745224.510106,4344059,10545.03396,738758111.8989177,0.0049789249066771735,0.49789249066771735,124658.54,-54117.2,-43.41234864454533,0.0036265563448337357,0.0034680659317212247,0.002944305110941879,0.4%,0.3%,0.3%,24,,70227.0,56.06872307855222
2026-03-13 00:00:00+00:00,70541.34,73913.74,70386.01,70930.0,35996.61678,2591768526.296147,5312490,18310.3426,1319530652.9586313,0.005509677020595349,0.5509677020595349,124658.54,-53728.53999999999,-43.10056896222272,0.0021371581540994594,0.002830583137874597,0.0029522123171301894,0.2%,0.3%,0.3%,24,,,56.06872307855222
2026-03-14 00:00:00+00:00,70930.01,71307.92,70317.0,71211.95,13017.247370000001,921308630.9462769,1661739,6242.10104,441895405.35856247,0.0039750458198222205,0.39750458198222205,124658.54,-53446.59,-42.87439111672574,0.0024822428489295026,0.0023118045506196998,0.0029332897857192127,0.2%,0.2%,0.3%,24,,,56.06872307855222
2026-03-15 00:00:00+00:00,71211.95,73199.0,70858.82,72815.24,14037.30704,1007334955.2436514,2509013,7307.01776,524440519.7627765,0.022514339236602954,2.2514339236602954,124658.54,-51843.29999999999,-41.588245779230206,0.008021634106568089,0.006782281456506262,0.005271404792553715,0.8%,0.7%,0.5%,24,,,56.06872307855222
2026-03-16 00:00:00+00:00,72815.25,74909.08,72270.41,74884.67,28409.53019,2095859511.5648637,5396482,15204.22255,1122045159.1994789,0.028420286742171008,2.842028674217101,124658.54,-49773.869999999995,-39.92816697516272,0.007091229686635123,0.00676732518869101,0.0066983041787646224,0.7%,0.7%,0.7%,24,,72682.0,56.06872307855222
2026-03-17 00:00:00+00:00,74884.67,76000.0,73399.19,73909.36,24521.26636,1825976731.332673,4863187,11791.2523,878396858.780886,-0.013024161019872249,-1.302416101987225,124658.54,-50749.17999999999,-40.71055220123707,0.006438333735693393,0.007156846079532713,0.006079128499947805,0.6%,0.7%,0.6%,24,,,56.06872307855222
2026-03-18 00:00:00+00:00,73909.37,74672.34,70500.0,71246.54,23392.88093,1692949838.9777424,4733897,11709.17057,847905482.6972562,-0.03602818371042593,-3.602818371042593,124658.54,-53412.0,-42.846643318620615,0.002712187138131405,0.00244987180662584,0.0029659501693843813,0.3%,0.2%,0.3%,24,,,56.06872307855222
2026-03-19 00:00:00+00:00,71246.55,71613.79,68793.35,69930.0,22364.818189999998,1566573949.8604124,4972526,10489.13676,734634623.2873883,-0.018478651735228002,-1.8478651735228002,124658.54,-54728.53999999999,-43.90276029223509,0.003110950797757145,0.0026359949384817706,0.0024201857039905855,0.3%,0.3%,0.2%,24,,,56.06872307855222
2026-03-20 00:00:00+00:00,69930.01,71367.0,69388.0,70510.73,18121.16745,1273812840.6886704,4369971,8801.41211,618781938.2268149,0.008304447304447349,0.8304447304447349,124658.54,-54147.81,-43.43690372115701,0.003587260833606372,0.0034590131162344144,0.002932267393477881,0.4%,0.3%,0.3%,24,,69871.0,56.06872307855222
2026-03-21 00:00:00+00:00,70510.73,71100.94,68571.42,68918.12,13397.1675,942693882.026424,1640086,6379.69313,449156360.9341547,-0.022586775090826627,-2.2586775090826627,124658.54,-55740.42,-44.71448165524801,0.0024075277683542843,0.0023412950332129933,0.0020282871228987204,0.2%,0.2%,0.2%,24,,,56.06872307855222
2026-03-22 00:00:00+00:00,68918.12,69588.79,67360.66,67859.0,14843.78682,1018926475.3196974,3269152,7292.32333,500700088.25183487,-0.015367801675379322,-1.5367801675379322,124658.54,-56799.53999999999,-45.5640985366907,0.0013186068219071367,0.0015402601426483572,0.0015476977491258774,0.1%,0.2%,0.2%,24,,,56.06872307855222
2026-03-23 00:00:00+00:00,67859.0,71817.09,67445.18,70906.45,28335.09119,1980755169.231694,6509730,14640.9723,1022970775.4557817,0.044908560397294295,4.4908560397294295,124658.54,-53752.09,-43.11946056804451,0.002140151170359896,0.0029451889507493786,0.002949636537938176,0.2%,0.3%,0.3%,24,,,56.06872307855222
2026-03-24 00:00:00+00:00,70906.45,71400.0,68923.07,70556.74,20702.422440000002,1455361229.2099645,4191328,9731.85043,684254039.2949127,-0.004931991377371103,-0.4931991377371103,124658.54,-54101.79999999999,-43.399994898063134,0.0036029534281307478,0.0034528485680164283,0.0029571675486270645,0.4%,0.3%,0.3%,24,,70893.0,56.06872307855222
2026-03-25 00:00:00+00:00,70556.74,72026.09,70408.0,71336.53,17719.50066,1261017988.539432,3298902,8819.77787,627874982.8921663,0.011051956198656399,1.1051956198656399,124658.54,-53322.009999999995,-42.77445412083279,0.0028403946644011083,0.0024907680232622823,0.002941591834906987,0.3%,0.2%,0.3%,24,,,56.06872307855222
2026-03-26 00:00:00+00:00,71336.53,71436.82,68153.0,68820.31,20820.45768,1447699734.3398392,3597702,10116.39467,703650001.5901196,-0.035272531478612756,-3.5272531478612756,124658.54,-55838.229999999996,-44.79294398923651,0.002392710501828022,0.0022870367315172015,0.001953983872724494,0.2%,0.2%,0.2%,24,,,56.06872307855222
2026-03-27 00:00:00+00:00,68820.31,69179.05,65548.25,66407.28,28603.69557,1917318222.709913,4159306,14568.62853,976680026.265681,-0.035062759816106626,-3.5062759816106626,124658.54,-58251.259999999995,-46.72865573429627,0.0025711607879672126,0.0026156610692732473,0.0028740373544175074,0.3%,0.3%,0.3%,24,,,56.06872307855222
2026-03-28 00:00:00+00:00,66407.28,67288.94,65932.09,66377.03,11462.39847,762676255.4470606,1687368,5753.0412400000005,382921412.22384876,-0.00045552234634516076,-0.045552234634516076,124658.54,-58281.509999999995,-46.75292202202913,0.00267528362318457,0.002612322496629767,0.0029953729396798136,0.3%,0.3%,0.3%,24,,66321.0,56.06872307855222
2026-03-29 00:00:00+00:00,66377.04,67130.5,65000.0,66010.93,10052.85584,667003517.6059871,2146177,4769.42832,316674097.3501869,-0.00551546220130672,-0.551546220130672,124658.54,-58647.61,-47.04660426794667,0.0021946765837565917,0.0027065773369530054,0.0029833960603489816,0.2%,0.3%,0.3%,24,,,56.06872307855222
2026-03-30 00:00:00+00:00,66010.93,68169.65,65800.59,66797.37,18353.38975,1234617690.8920753,3902849,9155.91893,615747978.851381,0.01191378458082637,1.191378458082637,124658.54,-57861.17,-46.415728918371734,0.001976015182568017,0.0019762384385850163,0.002303064412335783,0.2%,0.2%,0.2%,24,,,56.06872307855222
2026-03-31 00:00:00+00:00,66797.38,68589.49,65998.05,68284.48,22105.40662,1490168487.4548745,4846820,10726.18262,723378692.7667619,0.022263002270897836,2.2263002270897836,124658.54,-56374.06,-45.22278216959704,0.0014070081399218774,0.0016143079772693977,0.0015923394513214487,0.1%,0.2%,0.2%,24,,,56.06872307855222
2026-04-01 00:00:00+00:00,68284.49,69310.0,67578.75,68113.92,19020.1899,1301708227.0745244,3741910,9702.49844,664126033.9269131,-0.0024977857340350296,-0.24977857340350296,124658.54,-56544.619999999995,-45.35960392284395,0.0017100511152243123,0.0015786698078886134,0.0015510681778557358,0.2%,0.2%,0.2%,24,,68232.0,56.06872307855222
2026-04-02 00:00:00+00:00,68113.92,68653.38,65712.12,66901.99,20203.47916,1349223461.5270572,4189133,10090.6562,673815463.8757505,-0.01779269200774225,-1.779269200774225,124658.54,-57756.54999999999,-46.33180366142584,0.0015701741463690787,0.0017601908333850674,0.0022097406867136104,0.2%,0.2%,0.2%,24,,,56.06872307855222
2026-04-03 00:00:00+00:00,66901.99,67370.42,66282.0,66964.3,11429.13131,763535606.9777881,2023104,5535.26988,369859409.3227177,0.0009313624303253221,0.0931362430325322,124658.54,-57694.23999999999,-46.281819119652766,0.0013326239787808652,0.0016791208398240158,0.0021246896990134868,0.1%,0.2%,0.2%,24,,,56.06872307855222
2026-04-04 00:00:00+00:00,66964.29,67562.93,66775.91,67300.42,7373.51613,494932017.4232442,1356179,3701.32932,248489879.9959024,0.0050193909291964545,0.5019390929196454,124658.54,-57358.119999999995,-46.01218656980901,0.001714629877504274,0.001618542111695572,0.0016710200164928763,0.2%,0.2%,0.2%,24,,,56.06872307855222
2026-04-05 00:00:00+00:00,67300.42,69136.2,66611.66,69034.18,11733.46752,791661977.3234503,2106257,5791.55692,391091472.1386122,0.025761503420038023,2.5761503420038023,124658.54,-55624.36,-44.62137932948678,0.0022324075874998635,0.0023470293267635303,0.0020912731705727003,0.2%,0.2%,0.2%,24,,67304.0,56.06872307855222
2026-04-06 00:00:00+00:00,69034.18,70351.46,68300.0,68853.66,20281.61044,1408020173.0961628,4695523,10149.79257,704797801.6383992,-0.0026149365430282456,-0.26149365430282456,124658.54,-55804.87999999999,-44.7661909083806,0.0021945564428483212,0.0022731408679694067,0.001950978066560683,0.2%,0.2%,0.2%,24,,,56.06872307855222
2026-04-07 00:00:00+00:00,68853.66,72761.0,67732.01,71924.22,23750.49661,1649637855.842697,4871706,12465.182710000001,866730089.2310433,0.04459545069935267,4.459545069935267,124658.54,-52734.31999999999,-42.30301429809782,0.005272883456783178,0.004303695014112872,0.003674661457012222,0.5%,0.4%,0.4%,24,,,56.06872307855222
2026-04-08 00:00:00+00:00,71924.22,72857.0,70707.23,71069.93,19802.68627,1418484188.0521238,3843988,9570.20189,685666276.8388308,-0.011877640105099618,-1.1877640105099618,124658.54,-53588.61,-42.9883183294141,0.0021667395151811963,0.0023467981116479628,0.0029467214448966428,0.2%,0.2%,0.3%,24,,,56.06872307855222
2026-04-09 00:00:00+00:00,71069.93,73145.0,70466.0,71787.97,18158.421589999998,1300323816.009336,3773025,9604.31771,687990251.043167,0.010103288409036182,1.0103288409036182,124658.54,-52870.56999999999,-42.41231286681201,0.004494059282197628,0.003772715794520961,0.0033750535748820394,0.4%,0.4%,0.3%,24,,71117.0,56.06872307855222
2026-04-10 00:00:00+00:00,71787.98,73434.0,71426.15,72962.7,17372.63288,1259195636.055663,3176308,8819.74841,639705902.5013963,0.01636388380950171,1.6363883809501711,124658.54,-51695.84,-41.469954645706586,0.007842428725896826,0.006846622364831231,0.005354676285906222,0.8%,0.7%,0.5%,24,,,56.06872307855222
2026-04-11 00:00:00+00:00,72962.71,73790.0,72513.09,73043.16,9070.94374,662437113.7096702,1472041,4673.47605,341269009.9930418,0.0011027552434326182,0.11027552434326182,124658.54,-51615.37999999999,-41.40541033129378,0.007861267588764799,0.0069278437289077965,0.005447155965604358,0.8%,0.7%,0.5%,24,,,56.06872307855222
2026-04-12 00:00:00+00:00,73043.16,73137.24,70505.88,70740.98,13472.46801,962825891.8165911,2068779,6326.31289,451853887.8110209,-0.03151807780495819,-3.151807780495819,124658.54,-53917.56,-43.252199167421665,0.0025244255842418357,0.003202418130675708,0.002949613942698519,0.3%,0.3%,0.3%,24,,,56.06872307855222
2026-04-13 00:00:00+00:00,70741.56,74900.0,70566.99,74417.99,24230.21625,1753370318.184166,3673539,12639.79905,914783773.8511786,0.0519784995910435,5.19784995910435,124658.54,-50240.54999999999,-40.302533625052874,0.0059166478014448885,0.0069900038539771675,0.006283396948509002,0.6%,0.7%,0.6%,24,,70757.0,56.06872307855222
2026-04-14 00:00:00+00:00,74418.0,76038.0,73795.47,74131.55,26532.94456,1982728989.60722,4033448,13313.88956,995694440.9989893,-0.0038490692909066704,-0.38490692909066704,124658.54,-50526.98999999999,-40.53231330962163,0.0061603989793243075,0.006953884845896863,0.006198724867742219,0.6%,0.7%,0.6%,24,,,56.06872307855222
2026-04-15 00:00:00+00:00,74131.55,75425.0,73514.0,74809.99,14425.04167,1071448612.5370219,3187792,7014.01981,521112265.17116576,0.009151838859432937,0.9151838859432937,124658.54,-49848.54999999999,-39.98807462368803,0.007070210318489851,0.0066629344781845975,0.0066436087522077705,0.7%,0.7%,0.7%,24,,,56.06872307855222
2026-04-16 00:00:00+00:00,74809.99,75534.76,73309.85,75154.29,17088.68777,1274894123.7496114,3581890,8601.69794,641950287.248219,0.004602326507462173,0.46023265074621733,124658.54,-49504.25,-39.71188014876478,0.008963037346949716,0.007716369824892398,0.007263801131510184,0.9%,0.8%,0.7%,24,,,56.06872307855222
2026-04-17 00:00:00+00:00,75154.28,78333.0,74529.4,77072.0,25941.36694,1987343208.8406699,4931167,14435.477299999999,1106587361.0045395,0.02551697314950352,2.551697314950352,124658.54,-47586.53999999999,-38.173509813286756,0.0052186717024325915,0.005526897864389439,0.007404994048018583,0.5%,0.6%,0.7%,24,,75149.0,56.06872307855222
2026-04-18 00:00:00+00:00,77072.01,77420.08,75445.16,75691.76,9141.84456,698008567.9340073,1941112,4333.78362,330918112.5519663,-0.017908449242267088,-1.7908449242267088,124658.54,-48966.78,-39.28072637462303,0.01076484796480029,0.008782045850627664,0.00789114597488219,1.1%,0.9%,0.8%,24,,,56.06872307855222
2026-04-19 00:00:00+00:00,75691.76,76240.66,73762.9,73801.79,11369.82232,854915370.4407915,2739751,5458.61875,410654487.0526324,-0.024969296525804152,-2.496929652580415,124658.54,-50856.75,-40.796843922606506,0.006298422760404145,0.007215676913749066,0.006003962666665189,0.6%,0.7%,0.6%,24,,,56.06872307855222
2026-04-20 00:00:00+00:00,73801.8,76558.62,73724.31,75840.97,16993.41034,1280503914.3710752,3563591,8812.70109,664069175.9657189,0.027630495141107048,2.7630495141107048,124658.54,-48817.56999999999,-39.16103140627188,0.010517343335978844,0.008844210058487343,0.007944796595077207,1.1%,0.9%,0.8%,24,,,56.06872307855222
2026-04-21 00:00:00+00:00,75840.97,76927.57,74821.57,76336.15,14912.57132,1132118272.5583112,3616213,7672.96288,582659654.9138548,0.006529188643024986,0.6529188643024986,124658.54,-48322.39,-38.76380230347636,0.005979937934739079,0.008872279033188256,0.00792555355955519,0.6%,0.9%,0.8%,24,,75875.0,56.06872307855222
2026-04-22 00:00:00+00:00,76336.14,79472.82,76132.95,78178.23,19737.51225,1543732085.5463338,3757077,10376.12434,811313167.070367,0.02413116197240761,2.413116197240761,124658.54,-46480.31,-37.286101698287176,0.004738772945693964,0.004300149636353067,0.006468845169386789,0.5%,0.4%,0.6%,24,,,56.06872307855222
2026-04-23 00:00:00+00:00,78178.22,78662.5,76960.0,78257.48,16970.795009999998,1321349698.3542461,3571796,7760.75572,604322134.3078095,0.001013709315240252,0.10137093152402521,124658.54,-46401.06,-37.2225280353837,0.004451284164841005,0.004224284810630421,0.005699593191490922,0.4%,0.4%,0.6%,24,,,56.06872307855222
2026-04-24 00:00:00+00:00,78257.48,78581.93,77264.08,77437.13,12675.14315,986932564.6001965,2581973,6148.06393,478778657.353311,-0.010482704017558353,-1.0482704017558353,124658.54,-47221.40999999999,-37.880605692959335,0.004172856660179464,0.00479766432912733,0.007232343411466273,0.4%,0.5%,0.7%,24,,,56.06872307855222
2026-04-25 00:00:00+00:00,77437.13,77885.35,77140.23,77625.0,5685.1142,440684004.3451535,806542,2999.85355,232567740.8198693,0.0024260971448708535,0.24260971448708535,124658.54,-47033.53999999999,-37.72989800778992,0.003972256640513428,0.0046953105930306145,0.007173509608502723,0.4%,0.5%,0.7%,24,,77445.0,56.06872307855222
2026-04-26 00:00:00+00:00,77625.0,78961.0,77326.51,78657.55,7963.56162,621991973.4848,1476971,3981.86566,311149594.6071661,0.01330177133655397,1.330177133655397,124658.54,-46000.98999999999,-36.90159534998564,0.005443969038815932,0.004927937189803769,0.005031578349844921,0.5%,0.5%,0.5%,24,,,56.06872307855222
2026-04-27 00:00:00+00:00,78657.55,79485.66,76459.64,77371.32,16046.92418,1247833550.0841923,2982889,7712.53219,600122422.5927734,-0.016352276418474698,-1.6352276418474698,124658.54,-47287.21999999999,-37.93339790438745,0.0042477747234480195,0.005124751126414091,0.00727835365929177,0.4%,0.5%,0.7%,24,,,56.06872307855222
2026-04-28 00:00:00+00:00,77371.32,77478.0,75666.6,76342.77,13210.72383,1010412673.5550212,2352446,6518.9546900000005,498681416.1989518,-0.013293685567210223,-1.3293685567210223,124658.54,-48315.76999999999,-38.758491796871674,0.00591502489047654,0.008875364027036916,0.007924755636147342,0.6%,0.9%,0.8%,24,,,56.06872307855222
2026-04-29 00:00:00+00:00,76342.78,77904.93,74937.52,75780.0,18279.93022,1399735858.3455281,3032890,9680.02112,741279741.5187618,-0.007371621438415188,-0.7371621438415188,124658.54,-48878.53999999999,-39.20994101166274,0.010476164912765302,0.008850710610327866,0.007924653830665604,1.0%,0.9%,0.8%,24,,76345.0,56.06872307855222
2026-04-30 00:00:00+00:00,75780.0,76669.14,75323.65,76346.57,10381.81607,790584591.689154,2569480,5585.19124,425311383.2018324,0.007476510952758142,0.7476510952758142,124658.54,-48311.96999999999,-38.75544346981762,0.005901915311677651,0.00887126791588968,0.007916057653845163,0.6%,0.9%,0.8%,24,,,56.06872307855222
2026-05-01 00:00:00+00:00,76346.58,78914.12,76320.42,78231.13,17315.46502,1347837835.9195642,2388458,8322.98012,647849577.8083475,0.024684278547156602,2.46842785471566,124658.54,-46427.40999999999,-37.24366577692951,0.004407402465385108,0.004246937995496236,0.005786919463936081,0.4%,0.4%,0.6%,24,,,56.06872307855222
2026-05-02 00:00:00+00:00,78231.13,79199.48,78040.0,78686.85,6150.87642,482238389.44940984,936143,3297.03958,258534491.673966,0.005825302536215382,0.5825302536215382,124658.54,-45971.68999999999,-36.87809114401628,0.00559095964982158,0.005016498790332517,0.005070304388831418,0.6%,0.5%,0.5%,24,,,56.06872307855222
2026-05-03 00:00:00+00:00,78686.84,79447.0,78084.08,78568.57,7425.7929,584294330.4516286,1352474,3464.91412,272683292.169375,-0.0015031736560809916,-0.15031736560809916,124658.54,-46089.96999999999,-36.97297433453014,0.0050347812912720355,0.004662378115969465,0.004969260809646415,0.5%,0.5%,0.5%,24,,78655.0,56.06872307855222
2026-05-04 00:00:00+00:00,78568.58,80776.99,78202.0,79861.01,26042.96135,2074174850.511439,3734604,13351.64548,1063054861.8782552,0.01644983483853646,1.644983483853646,124658.54,-44797.53,-35.93619017196896,0.00904524153757929,0.007684566886943238,0.006332210536203016,0.9%,0.8%,0.6%,24,,,56.06872307855222
2026-05-05 00:00:00+00:00,79861.01,81791.48,79808.72,80905.52,16947.17995,1374319029.230936,2490930,8628.14977,699849788.9064542,0.013079098298406366,1.3079098298406366,124658.54,-43753.01999999999,-35.098293305857744,0.007213226451477891,0.008201990270520373,0.006802912262214583,0.7%,0.8%,0.7%,24,,,56.06872307855222
2026-05-06 00:00:00+00:00,80905.53,82850.0,80731.14,81447.01,18798.77396,1535650624.7612484,2794707,9976.68805,815009074.2302135,0.006692868422327525,0.6692868422327525,124658.54,-43211.53,-34.663914722569345,0.00678452313653607,0.007933798616226369,0.00710025254453769,0.7%,0.8%,0.7%,24,,,56.06872307855222
2026-05-07 00:00:00+00:00,81447.01,81708.32,79500.0,80006.0,16154.80338,1300766382.102334,2540329,7625.14879,614218758.7473308,-0.017692607745821376,-1.7692607745821376,124658.54,-44652.53999999999,-35.81988045103047,0.008690609771396381,0.007763898124242316,0.0063904317210138626,0.9%,0.8%,0.6%,24,,81425.0,56.06872307855222
2026-05-08 00:00:00+00:00,80006.0,80500.0,79181.48,80193.17,16001.310089999999,1278566045.4172618,2265372,8328.38654,665600036.192464,0.0023394495412842886,0.23394495412842886,124658.54,-44465.369999999995,-35.669734299792054,0.00826000300924552,0.007849079251883075,0.006367974064712999,0.8%,0.8%,0.6%,24,,,56.06872307855222
2026-05-09 00:00:00+00:00,80193.18,81080.0,80129.85,80678.4,7548.42177,607596225.9864202,1002373,4032.72566,324554540.3255052,0.006050764672352882,0.6050764672352882,124658.54,-43980.14,-35.280487000730155,0.00810631687628805,0.008372850961840981,0.006761256314345864,0.8%,0.8%,0.7%,24,,,56.06872307855222
2026-05-10 00:00:00+00:00,80678.41,82479.32,80279.77,82210.07,12034.31882,977223714.2634745,1801608,6395.8966,519505191.5151365,0.018984883190544366,1.8984883190544366,124658.54,-42448.46999999999,-34.051794606290095,0.007023848019015794,0.007309589711478519,0.007467736582983649,0.7%,0.7%,0.7%,24,,,56.06872307855222
2026-05-11 00:00:00+00:00,82210.07,82380.0,80462.97,81745.65,12951.76056,1053193670.8757555,2576396,6132.37349,498860919.4964037,-0.005649186285816454,-0.5649186285816454,124658.54,-42912.89,-34.42434830377445,0.006754332915459382,0.007207998319685142,0.007235342855199067,0.7%,0.7%,0.7%,24,,82146.0,56.06872307855222
2026-05-12 00:00:00+00:00,81745.66,81788.0,79843.59,80504.47,12386.25676,1000180167.440677,2345137,5716.20385,461739840.0868008,-0.015183437895472052,-1.5183437895472052,124658.54,-44154.06999999999,-35.420012138759205,0.008711716142457152,0.00823075784858019,0.006650227946305065,0.9%,0.8%,0.7%,24,,,56.06872307855222
2026-05-13 00:00:00+00:00,80504.47,81324.64,78754.65,79313.61,14810.05643,1184929842.8688235,2350570,7161.64182,573129996.834195,-0.014792470529897295,-1.4792470529897295,124658.54,-45344.92999999999,-36.37530970601773,0.008283860683943444,0.006735696676902639,0.005734954927156809,0.8%,0.7%,0.6%,24,,,56.06872307855222
2026-05-14 00:00:00+00:00,79313.61,82048.13,78922.0,81089.99,19727.86807,1590656475.018797,3101046,10750.20775,867205459.8346943,0.02239691271145028,2.239691271145028,124658.54,-43568.54999999999,-34.95031307121036,0.007235677094303355,0.007937798862859368,0.006871669213588359,0.7%,0.8%,0.7%,24,,,56.06872307855222
2026-05-15 00:00:00+00:00,81090.0,81664.45,78659.0,79113.21,17351.270790000002,1387152674.368868,3184114,8333.17845,666666033.915996,-0.024377608136343376,-2.4377608136343376,124658.54,-45545.32999999999,-36.536068848552205,0.007467771389378257,0.00619351069120827,0.005481736570352228,0.7%,0.6%,0.5%,24,,81052.0,56.06872307855222
2026-05-16 00:00:00+00:00,79113.2,79227.77,77640.0,78148.05,12132.86192,949890656.658851,1597661,5776.31138,452258189.4353481,-0.012199732509905803,-1.2199732509905803,124658.54,-46510.48999999999,-37.310311832626944,0.004722072568405042,0.004383132344738564,0.006597987999346152,0.5%,0.4%,0.7%,24,,,56.06872307855222
2026-05-17 00:00:00+00:00,78148.05,78599.99,76735.16,77457.67,8442.7022,658061481.644852,1570433,3897.8677,303858886.90872097,-0.008834257540655255,-0.8834257540655255,124658.54,-47200.869999999995,-37.86412868304089,0.004197707083149979,0.0047163468995227555,0.007193530074535589,0.4%,0.5%,0.7%,24,,,56.06872307855222
2026-05-18 00:00:00+00:00,77457.67,77800.0,76051.0,77001.87,18745.51678,1439862031.891971,3529328,8916.45791,684998988.3253162,-0.005884504400919921,-0.5884504400919921,124658.54,-47656.67,-38.229767491260525,0.005236042031777894,0.005557337348439726,0.007450470634233129,0.5%,0.6%,0.7%,24,,,56.06872307855222
2026-05-19 00:00:00+00:00,77001.88,77414.62,76144.71,76834.36,11024.85978,846904378.3078035,2315121,5680.77448,436435106.0620676,-0.0021754017142699977,-0.21754017142699977,124658.54,-47824.17999999999,-38.364142560950896,0.0048973834985963065,0.006859571531719761,0.0075177269928306785,0.5%,0.7%,0.8%,24,,76952.0,56.06872307855222
2026-05-20 00:00:00+00:00,76834.36,77853.04,76516.74,77552.23,11296.263069999999,873091271.4716351,2437754,5606.16242,433402000.2313096,0.009343085567446563,0.9343085567446563,124658.54,-47106.31,-37.78827347087492,0.003818751277057555,0.004543676149073709,0.007189552989121263,0.4%,0.5%,0.7%,24,,,56.06872307855222
2026-05-21 00:00:00+00:00,77552.24,78200.0,76719.47,77615.52,11318.25841,878168697.2277492,2473146,5765.00854,447290745.1412532,0.000816095165800057,0.0816095165800057,124658.54,-47043.01999999999,-37.73750278159843,0.004076854163068469,0.0046969127643984145,0.007169617261832188,0.4%,0.5%,0.7%,24,,,56.06872307855222
2026-05-22 00:00:00+00:00,77615.52,77900.0,75359.18,75539.5,11272.36134,866200460.9104595,2370783,5204.99076,400374654.6094489,-0.026747485554435513,-2.6747485554435513,124658.54,-49119.03999999999,-39.40286802653071,0.01071291265171511,0.008787653792377273,0.00789054386136764,1.1%,0.9%,0.8%,24,,,56.06872307855222
2026-05-23 00:00:00+00:00,75539.5,77404.18,74289.6,76752.01,15086.888140000001,1138996605.773816,2103536,7738.58719,584406871.6902983,0.01605133737978126,1.605133737978126,124658.54,-47906.53,-38.430203016977416,0.0058349337133101874,0.008147408572432055,0.007748558242237022,0.6%,0.8%,0.8%,24,,75483.0,56.06872307855222
2026-05-24 00:00:00+00:00,76752.0,77543.15,76108.0,77064.96,8398.00156,644925517.611316,1612969,4513.13276,346628082.2881941,0.0040774176467823775,0.40774176467823775,124658.54,-47593.57999999999,-38.17915724025004,0.005217872870823805,0.005530330045097834,0.007403966679313199,0.5%,0.6%,0.7%,24,,,56.06872307855222
2026-05-25 00:00:00+00:00,77064.96,77905.52,76914.25,77322.01,7672.32197,593868004.9975973,1778509,3644.38154,282126295.7074095,0.003335497741126403,0.3335497741126403,124658.54,-47336.53,-37.97295395887037,0.0041453708115162,0.005243787572020439,0.007323801515844125,0.4%,0.5%,0.7%,24,,,56.06872307855222
2026-05-26 00:00:00+00:00,77322.01,78080.0,75677.97,75930.01,16953.47629,1299609317.6975918,3360745,7867.0405,603376144.8767151,-0.018002635989416205,-1.8002635989416205,124658.54,-48728.53,-39.08960429024758,0.010403551408604546,0.008864486049338281,0.007938782798234996,1.0%,0.9%,0.8%,24,,,56.06872307855222
2026-05-27 00:00:00+00:00,75930.01,76174.15,74243.99,74449.3,16877.77483,1270680262.9088242,3367068,7990.8179199999995,601880855.3520991,-0.019500985183592,-1.9500985183592001,124658.54,-50209.23999999999,-40.2774170145102,0.0060772092711475385,0.00705148774531097,0.006315614622934419,0.6%,0.7%,0.6%,24,,75822.0,56.06872307855222
2026-05-28 00:00:00+00:00,74449.31,74590.77,72582.82,73617.51,21274.02026,1560808525.5072746,3799713,11285.37807,828070542.0512332,-0.011172569789104858,-1.1172569789104858,124658.54,-51041.03,-40.944671740901185,0.007724542626786937,0.0071665970706813855,0.005883317487773414,0.8%,0.7%,0.6%,24,,,56.06872307855222
2026-05-29 00:00:00+00:00,73617.52,74514.1,72512.49,73460.78,18686.74141,1376106492.906427,2897318,10668.37212,786121889.890037,-0.0021289771957785364,-0.21289771957785364,124658.54,-51197.759999999995,-41.07039918805402,0.007744441824332112,0.007185972677292965,0.0058186808894353384,0.8%,0.7%,0.6%,24,,,56.06872307855222
2026-05-30 00:00:00+00:00,73460.78,74143.76,73216.0,73884.38,7515.40909,553989386.1115206,1124406,4118.11087,303592073.26730627,0.0057663422577327594,0.5766342257732759,124658.54,-50774.15999999999,-40.73059094066078,0.006455722883626584,0.00720073544205878,0.006077126039845634,0.6%,0.7%,0.6%,24,,,56.06872307855222
2026-05-31 00:00:00+00:00,73884.38,74275.66,73400.0,73674.39,6986.45707,515907532.5891972,1363437,3407.47243,251629752.0865094,-0.0028421433596654833,-0.2842143359665483,124658.54,-50984.149999999994,-40.89904309805008,0.007243844023003832,0.007260465435102563,0.005955530367980839,0.7%,0.7%,0.6%,24,,73751.0,56.06872307855222
2026-06-01 00:00:00+00:00,73674.39,74092.0,70686.68,71408.9,23921.09184,1723958338.6828775,4237773,11600.30396,835109172.1168073,-0.030750034034893292,-3.075003403489329,124658.54,-53249.64,-42.7163995342798,0.003204036270959284,0.002690311023828465,0.0030277279581076536,0.3%,0.3%,0.3%,24,,,56.06872307855222
2026-06-02 00:00:00+00:00,71408.9,71408.9,66193.0,66760.83,32858.19586,2253348577.983128,6250677,15675.4915,1074442481.8457325,-0.06509090603552203,-6.509090603552203,124658.54,-57897.70999999999,-46.44504098957039,0.0019848992479535423,0.0021038394943008565,0.0023175724897823644,0.2%,0.2%,0.2%,24,,,56.06872307855222
2026-06-03 00:00:00+00:00,66760.84,67516.0,64092.49,64142.75,30138.3065,1998349981.8929439,6676358,14567.29572,967367597.5473661,-0.039215809629688625,-3.9215809629688625,124658.54,-60515.78999999999,-48.54524206684917,0.002270537725043996,0.002199488218435549,0.0021536461236598492,0.2%,0.2%,0.2%,24,,,56.06872307855222
2026-06-04 00:00:00+00:00,64142.75,64764.32,61383.56,63885.99,43577.17571,2759349733.489383,9057976,20172.82504,1278141865.0268295,-0.004002946552806086,-0.4002946552806086,124658.54,-60772.549999999996,-48.75121271274314,0.002122556658306546,0.002100282541340391,0.002097026882443405,0.2%,0.2%,0.2%,24,,64022.0,56.06872307855222
2026-06-05 00:00:00+00:00,63885.99,63978.0,59130.91,61056.47,55027.28807,3379021750.503328,11658856,24879.51775,1529682071.4700003,-0.04429014874779269,-4.429014874779269,124658.54,-63602.06999999999,-51.02102912483974,0.001617789398458284,0.001669530370440732,0.002867265954782906,0.2%,0.2%,0.3%,24,,,56.06872307855222
2026-06-06 00:00:00+00:00,61056.47,61530.05,59500.0,60510.67,15416.20774,936630967.252366,3953707,7307.37495,444003229.7250446,-0.008939265568415622,-0.8939265568415622,124658.54,-64147.869999999995,-51.45886515276049,0.0037423527775345008,0.0038993392736416175,0.0034749638475671156,0.4%,0.4%,0.3%,16,,,56.06872307855222
