Date,Open,High,Low,Close,Volume,shares_outstanding,btc_holdings,btc_price,market_cap,btc_holdings_value,nav_premium,total_debt,leverage_ratio
2020-01-02,14.284000,14.489000,14.272000,14.431000,276000,10267100.000000,21454.000000,6985.470215,148164517.593384,149866277.989258,0.988645,0.000000,0.000000
2020-01-03,14.302000,14.489000,14.280000,14.357000,585000,10267100.000000,21454.000000,7344.884277,147404758.303261,157577147.286133,0.935445,0.000000,0.000000
2020-01-06,14.325000,14.546000,14.325000,14.425000,327000,10267100.000000,21454.000000,7769.219238,148102919.458294,166680829.538086,0.888542,0.000000,0.000000
2020-01-07,14.400000,14.537000,14.324000,14.387000,349000,10267100.000000,21454.000000,8163.692383,147712768.561649,175143856.380859,0.843380,0.000000,0.000000
2020-01-08,14.395000,14.547000,14.207000,14.371000,395000,10267100.000000,21454.000000,8079.862793,147548497.076607,173345376.360352,0.851182,0.000000,0.000000
2020-01-09,14.445000,14.532000,14.291000,14.350000,642000,10267100.000000,21454.000000,7879.071289,147332888.916588,169037595.435547,0.871598,0.000000,0.000000
2020-01-10,14.414000,14.516000,14.215000,14.239000,411000,10267100.000000,21454.000000,8166.554199,146193240.189934,175205253.790039,0.834411,0.000000,0.000000
2020-01-13,14.252000,14.531000,14.252000,14.459000,490000,10267100.000000,21454.000000,8144.194336,148451995.140076,174725545.283203,0.849630,0.000000,0.000000
2020-01-14,14.469000,14.568000,14.407000,14.477000,468000,10267100.000000,21454.000000,8827.764648,148636809.128284,189390862.767578,0.784815,0.000000,0.000000
2020-01-15,14.483000,14.705000,14.483000,14.627000,535000,10267100.000000,21454.000000,8807.010742,150176870.211697,188945608.462891,0.794815,0.000000,0.000000
2020-01-16,14.712000,14.796000,14.608000,14.672000,357000,10267100.000000,21454.000000,8723.786133,150638890.495014,187160107.693359,0.804866,0.000000,0.000000
2020-01-17,14.747000,14.747000,14.622000,14.674000,336000,10267100.000000,21454.000000,8929.038086,150659423.206711,191563583.095703,0.786472,0.000000,0.000000
2020-01-21,14.629000,14.757000,14.513000,14.595000,533000,10267100.000000,21454.000000,8745.894531,149848327.241611,187634421.273438,0.798619,0.000000,0.000000
2020-01-22,14.694000,14.734000,14.564000,14.592000,458000,10211800.000000,21454.000000,8680.875977,149010585.677910,186239513.201172,0.800102,0.000000,0.000000
2020-01-23,14.577000,14.666000,14.548000,14.574000,455000,10267100.000000,21454.000000,8406.515625,149632719.081593,180353386.218750,0.829664,0.000000,0.000000
2020-01-24,14.614000,14.674000,14.278000,14.316000,393000,10267100.000000,21454.000000,8445.434570,146983803.443336,181188353.271484,0.811221,0.000000,0.000000
2020-01-27,14.152000,14.379000,14.125000,14.253000,517000,10085300.000000,21454.000000,8909.819336,143745783.516121,191151264.033203,0.752000,0.000000,0.000000
2020-01-28,14.302000,14.454000,14.130000,14.400000,606000,10267100.000000,21454.000000,9358.589844,147846236.083412,200779186.507812,0.736362,0.000000,0.000000
2020-01-29,15.700000,16.500000,15.231000,15.260000,2547000,10162300.000000,21454.000000,9316.629883,155076700.325966,199878977.505859,0.775853,0.000000,0.000000
2020-01-30,15.341000,15.710000,15.134000,15.270000,1048000,10116000.000000,21454.000000,9508.993164,154471324.630737,204005939.341797,0.757190,0.000000,0.000000
2020-01-31,15.264000,15.476000,15.151000,15.203000,1011000,10116000.000000,21454.000000,9350.529297,153793548.694611,200606255.535156,0.766644,0.000000,0.000000
2020-02-03,15.245000,15.609000,14.901000,14.948000,1018000,10116000.000000,21454.000000,9293.521484,151213967.536926,199383209.925781,0.758409,0.000000,0.000000
2020-02-04,15.063000,15.254000,15.046000,15.181000,871000,10116000.000000,21454.000000,9180.962891,153570993.530273,196968377.855469,0.779673,0.000000,0.000000
2020-02-05,15.283000,15.331000,15.084000,15.284000,961000,10116000.000000,21454.000000,9613.423828,154612948.013306,206246394.808594,0.749652,0.000000,0.000000
2020-02-06,15.276000,15.385000,15.195000,15.224000,561000,10116000.000000,21454.000000,9729.801758,154005983.768463,208743166.912109,0.737777,0.000000,0.000000
2020-02-07,15.129000,15.357000,15.120000,15.266000,746000,10076300.000000,21454.000000,9795.943359,153824793.724346,210162168.832031,0.731934,0.000000,0.000000
2020-02-10,15.306000,15.357000,15.112000,15.145000,285000,10143900.000000,21454.000000,9856.611328,153629370.143509,211463739.433594,0.726505,0.000000,0.000000
2020-02-11,15.170000,15.334000,15.122000,15.210000,480000,10143900.000000,21454.000000,10208.236328,154288719.386959,219007502.183594,0.704491,0.000000,0.000000
2020-02-12,15.244000,15.354000,14.945000,14.984000,543000,10143900.000000,21454.000000,10326.054688,151996199.689579,221535177.265625,0.686104,0.000000,0.000000
2020-02-13,14.928000,14.973000,14.693000,14.807000,599000,10143900.000000,21454.000000,10214.379883,150200728.925228,219139306.005859,0.685412,0.000000,0.000000
2020-02-14,14.832000,14.968000,14.712000,14.884000,565000,10143900.000000,21454.000000,10312.116211,150981805.819988,221236141.189453,0.682446,0.000000,0.000000
2020-02-18,14.863000,14.867000,14.753000,14.797000,234000,10143900.000000,21454.000000,10141.996094,150099287.603474,217586384.195312,0.689838,0.000000,0.000000
2020-02-19,14.826000,15.017000,14.816000,14.960000,454000,10143900.000000,21454.000000,9633.386719,151752744.386959,206674678.664062,0.734259,0.000000,0.000000
2020-02-20,14.915000,15.028000,14.821000,14.980000,923000,10143900.000000,21454.000000,9608.475586,151955617.356491,206140235.220703,0.737147,0.000000,0.000000
2020-02-21,14.955000,15.068000,14.916000,14.995000,597000,10143900.000000,21454.000000,9686.441406,152107779.339123,207812913.929688,0.731946,0.000000,0.000000
2020-02-24,14.632000,14.786000,14.381000,14.588000,530000,10143900.000000,21454.000000,9650.174805,147979216.218281,207034850.259766,0.714755,0.000000,0.000000
2020-02-25,14.571000,14.586000,14.005000,14.005000,990000,10143900.000000,21454.000000,9341.705078,142065320.660877,200416940.746094,0.708849,0.000000,0.000000
2020-02-26,14.064000,14.241000,14.006000,14.012000,507000,10143900.000000,21454.000000,8820.522461,142136327.651310,189235488.876953,0.751108,0.000000,0.000000
2020-02-27,13.757000,14.072000,13.610000,13.622000,708000,10143900.000000,21454.000000,8784.494141,138180203.168678,188462537.292969,0.733197,0.000000,0.000000
2020-02-28,13.340000,13.600000,13.262000,13.516000,997000,10143900.000000,21454.000000,8672.455078,137104950.310421,186058851.246094,0.736890,0.000000,0.000000
2020-03-02,13.573000,13.773000,13.516000,13.672000,748000,10143900.000000,21454.000000,8869.669922,138687400.103474,190289898.503906,0.728822,0.000000,0.000000
2020-03-03,13.623000,13.882000,13.210000,13.439000,660000,9989710.000000,21454.000000,8787.786133,134251713.985662,188533163.693359,0.712085,0.000000,0.000000
2020-03-04,13.605000,13.650000,13.416000,13.617000,777000,10280200.000000,21454.000000,8755.246094,139985479.556847,187835049.695312,0.745258,0.000000,0.000000
2020-03-05,13.396000,13.723000,13.396000,13.688000,983000,10280200.000000,21454.000000,9078.762695,140715374.776459,194775774.865234,0.722448,0.000000,0.000000
2020-03-06,13.390000,13.674000,13.390000,13.628000,734000,10280200.000000,21454.000000,9122.545898,140098568.266678,195715099.705078,0.715829,0.000000,0.000000
2020-03-09,13.135000,13.281000,12.910000,12.943000,808000,10280200.000000,21454.000000,7923.644531,133056626.952934,169993869.773438,0.782714,0.000000,0.000000
2020-03-10,13.193000,13.193000,12.626000,12.998000,1430000,10280200.000000,21454.000000,7909.729492,133622041.090202,169695336.525391,0.787423,0.000000,0.000000
2020-03-11,12.761000,12.776000,12.200000,12.415000,716000,10280200.000000,21454.000000,7911.430176,127628682.607841,169731822.991211,0.751943,0.000000,0.000000
2020-03-12,11.998000,12.260000,10.806000,10.853000,1351000,10280200.000000,21454.000000,4970.788086,111571007.384300,106643287.595703,1.046208,0.000000,0.000000
2020-03-13,11.192000,11.370000,10.627000,11.133000,1497000,10280200.000000,21454.000000,5563.707031,114449470.443153,119363770.648438,0.958829,0.000000,0.000000
2020-03-16,10.288000,10.845000,9.979000,10.666000,1368000,10280200.000000,21454.000000,5014.479980,109648616.964722,107580653.500977,1.019222,0.000000,0.000000
2020-03-17,10.804000,11.281000,10.563000,10.936000,1061000,10547500.000000,21454.000000,5225.629395,115347458.631992,112110653.030273,1.028872,0.000000,0.000000
2020-03-18,10.335000,10.415000,9.122000,9.220000,1151000,10105000.000000,21454.000000,5238.438477,93168102.698326,112385459.076172,0.829005,0.000000,0.000000
2020-03-19,9.176000,10.724000,9.000000,10.538000,902000,10105000.000000,21454.000000,6191.192871,106486491.079330,132825851.856445,0.801700,0.000000,0.000000
2020-03-20,10.575000,10.909000,9.934000,10.074000,1046000,10105000.000000,21454.000000,6198.778320,101797773.623466,132988590.083984,0.765462,0.000000,0.000000
2020-03-23,10.231000,10.431000,9.653000,10.247000,624000,10105000.000000,21454.000000,6416.314941,103545932.378769,137655620.752930,0.752210,0.000000,0.000000
2020-03-24,10.592000,10.733000,10.305000,10.689000,750000,10105000.000000,21454.000000,6734.803711,108012346.310616,144488478.814453,0.747550,0.000000,0.000000
2020-03-25,10.758000,10.876000,10.305000,10.413000,861000,10105000.000000,21454.000000,6681.062988,105223366.079330,143335525.350586,0.734105,0.000000,0.000000
2020-03-26,10.500000,11.164000,10.500000,11.054000,719000,10105000.000000,21454.000000,6716.440430,111700668.997765,144094512.978516,0.775190,0.000000,0.000000
2020-03-27,10.732000,10.936000,10.455000,10.631000,752000,10105000.000000,21454.000000,6469.798340,107426250.605583,138803053.583008,0.773947,0.000000,0.000000
2020-03-30,10.720000,11.067000,10.467000,11.024000,712000,10105000.000000,21454.000000,6429.841797,111397521.696091,137945825.910156,0.807545,0.000000,0.000000
2020-03-31,10.999000,11.818000,10.999000,11.810000,1206000,10105000.000000,21454.000000,6438.644531,119340054.240227,138134679.773438,0.863940,0.000000,0.000000
2020-04-01,11.505000,11.663000,10.864000,11.339000,799000,10105000.000000,21454.000000,6606.776367,114580592.455864,141741780.181641,0.808376,0.000000,0.000000
2020-04-02,11.224000,11.786000,11.150000,11.449000,380000,10105000.000000,21454.000000,6793.624512,115692148.623466,145750420.274414,0.793769,0.000000,0.000000
2020-04-03,11.344000,11.560000,10.939000,11.223000,429000,10105000.000000,21454.000000,6733.387207,113408410.682678,144458089.139648,0.785061,0.000000,0.000000
2020-04-06,11.756000,11.756000,11.249000,11.603000,675000,10105000.000000,21454.000000,7271.781250,117248311.839104,156008794.937500,0.751549,0.000000,0.000000
2020-04-07,11.778000,11.980000,11.511000,11.771000,545000,10105000.000000,21454.000000,7176.414551,118945954.074860,153962797.772461,0.772563,0.000000,0.000000
2020-04-08,11.939000,12.460000,11.874000,12.300000,588000,10105000.000000,21454.000000,7334.098633,124291501.927376,157345752.068359,0.789926,0.000000,0.000000
2020-04-09,12.485000,12.733000,12.282000,12.542000,524000,10105000.000000,21454.000000,7302.089355,126736908.149719,156659025.032227,0.808998,0.000000,0.000000
2020-04-13,12.430000,12.430000,11.957000,12.209000,491000,10105000.000000,21454.000000,6845.037598,123371941.299438,146853436.620117,0.840103,0.000000,0.000000
2020-04-14,12.602000,12.761000,12.483000,12.650000,761000,10105000.000000,21454.000000,6842.427734,127828246.145248,146797444.613281,0.870780,0.000000,0.000000
2020-04-15,12.162000,12.490000,12.049000,12.260000,598000,10105000.000000,21454.000000,6642.109863,123887302.312851,142499825.006836,0.869386,0.000000,0.000000
2020-04-16,12.279000,12.546000,12.207000,12.413000,597000,10105000.000000,21454.000000,7116.804199,125433366.079330,152683917.290039,0.821523,0.000000,0.000000
2020-04-17,12.723000,12.742000,12.545000,12.653000,720000,10105000.000000,21454.000000,7096.184570,127858563.766479,152241543.771484,0.839840,0.000000,0.000000
2020-04-20,12.406000,12.736000,12.300000,12.692000,460000,9764100.000000,21454.000000,6881.958496,123925960.999203,147645537.575195,0.839348,0.000000,0.000000
2020-04-21,12.406000,12.452000,12.166000,12.271000,678000,9764100.000000,21454.000000,6880.323242,119815270.206070,147610454.837891,0.811699,0.000000,0.000000
2020-04-22,12.448000,12.621000,12.339000,12.501000,548000,9764100.000000,21454.000000,7117.207520,122061018.048191,152692570.124023,0.799391,0.000000,0.000000
2020-04-23,12.562000,12.758000,12.400000,12.598000,586000,9764100.000000,21454.000000,7429.724609,123008127.628326,159397311.769531,0.771708,0.000000,0.000000
2020-04-24,12.596000,12.748000,12.465000,12.555000,364000,9764100.000000,21454.000000,7550.900879,122588278.479767,161997027.456055,0.756732,0.000000,0.000000
2020-04-27,12.727000,13.130000,12.700000,12.923000,666000,9764100.000000,21454.000000,7795.601074,126181467.577744,167246825.446289,0.754463,0.000000,0.000000
2020-04-28,12.990000,13.101000,12.780000,12.885000,855000,9764100.000000,21454.000000,7807.058594,125810430.734825,167492635.070312,0.751140,0.000000,0.000000
2020-04-29,13.008000,13.008000,12.320000,12.748000,1615000,9764100.000000,21454.000000,8801.038086,124472748.215389,188817471.095703,0.659223,0.000000,0.000000
2020-04-30,12.571000,12.884000,12.525000,12.633000,889000,9764100.000000,21454.000000,8658.553711,123349878.950214,185760611.314453,0.664026,0.000000,0.000000
2020-05-01,12.366000,12.418000,12.097000,12.259000,664000,9764100.000000,21454.000000,8864.766602,119698100.186634,190184702.669922,0.629378,0.000000,0.000000
2020-05-04,12.219000,12.219000,11.714000,11.855000,911000,9764100.000000,21454.000000,8912.654297,115753401.030350,191212085.285156,0.605367,0.000000,0.000000
2020-05-05,12.036000,12.387000,11.980000,12.081000,578000,9764100.000000,21454.000000,9003.070312,117960095.303249,193151870.484375,0.610712,0.000000,0.000000
2020-05-06,12.108000,12.343000,12.081000,12.200000,627000,9764100.000000,21454.000000,9268.761719,119122018.137646,198852013.914062,0.599049,0.000000,0.000000
2020-05-07,12.358000,12.475000,12.264000,12.348000,708000,9764100.000000,21454.000000,9951.518555,120567102.628326,213499879.072266,0.564717,0.000000,0.000000
2020-05-08,12.538000,12.575000,12.162000,12.467000,1104000,9764100.000000,21454.000000,9842.666016,121729034.774494,211164556.699219,0.576465,0.000000,0.000000
2020-05-11,12.490000,12.558000,12.345000,12.382000,788000,9764100.000000,21454.000000,8601.795898,120899085.902023,184542929.205078,0.655127,0.000000,0.000000
2020-05-12,12.423000,12.423000,11.963000,12.011000,697000,9764100.000000,21454.000000,8804.477539,117276601.971245,188891261.123047,0.620868,0.000000,0.000000
2020-05-13,11.957000,11.957000,11.475000,11.495000,568000,9764100.000000,21454.000000,9269.987305,112238328.382587,198878307.634766,0.564357,0.000000,0.000000
2020-05-14,11.207000,11.356000,10.964000,11.321000,1248000,9764100.000000,21454.000000,9733.721680,110539377.068424,208827264.916016,0.529334,0.000000,0.000000
2020-05-15,11.339000,11.711000,11.024000,11.558000,1842000,9764100.000000,21454.000000,9328.197266,112853464.000797,200127144.136719,0.563909,0.000000,0.000000
2020-05-18,11.881000,12.070000,11.881000,12.013000,871000,9764100.000000,21454.000000,9726.575195,117296128.755856,208673944.240234,0.562102,0.000000,0.000000
2020-05-19,12.074000,12.268000,11.879000,11.906000,906000,9764100.000000,21454.000000,9729.038086,116251375.940895,208726783.095703,0.556955,0.000000,0.000000
2020-05-20,12.080000,12.196000,11.824000,12.124000,599000,9764100.000000,21454.000000,9522.981445,118379944.451809,204306043.927734,0.579425,0.000000,0.000000
2020-05-21,12.040000,12.205000,11.962000,12.072000,1009000,9764100.000000,21454.000000,9081.761719,117872210.804844,194840115.914062,0.604969,0.000000,0.000000
2020-05-22,12.136000,12.247000,12.068000,12.237000,799000,9764100.000000,21454.000000,9182.577148,119483296.244144,197003010.142578,0.606505,0.000000,0.000000
2020-05-26,12.400000,12.498000,12.285000,12.471000,1012000,9764100.000000,21454.000000,8835.052734,121768088.343716,189547221.363281,0.642416,0.000000,0.000000
2020-05-27,12.634000,12.665000,12.404000,12.592000,632000,9764100.000000,21454.000000,9181.017578,122949547.274494,196969551.121094,0.624206,0.000000,0.000000
2020-05-28,12.678000,12.735000,12.486000,12.534000,766000,9764100.000000,21454.000000,9525.750977,122383233.273697,204365461.451172,0.598845,0.000000,0.000000
2020-05-29,12.445000,12.514000,12.390000,12.448000,740000,9764100.000000,21454.000000,9439.124023,121543516.353035,202506966.798828,0.600194,0.000000,0.000000
2020-06-01,12.499000,12.499000,12.260000,12.260000,751000,9764100.000000,21454.000000,10167.268555,119707868.234825,218128579.572266,0.548795,0.000000,0.000000
2020-06-02,12.245000,12.288000,12.031000,12.109000,1019000,9764100.000000,21454.000000,9529.803711,118233488.911343,204452408.814453,0.578293,0.000000,0.000000
2020-06-03,12.251000,13.048000,12.178000,12.963000,776000,9764100.000000,21454.000000,9656.717773,126572031.205273,207175223.111328,0.610942,0.000000,0.000000
2020-06-04,12.804000,12.874000,12.362000,12.530000,619000,9764100.000000,21454.000000,9800.636719,122344170.392704,210262860.164062,0.581863,0.000000,0.000000
2020-06-05,12.843000,12.870000,12.482000,12.521000,550000,9764100.000000,21454.000000,9665.533203,122256295.206070,207364349.339844,0.589572,0.000000,0.000000
2020-06-08,12.552000,12.783000,12.361000,12.636000,696000,9764100.000000,21454.000000,9771.489258,123379164.471245,209637530.537109,0.588536,0.000000,0.000000
2020-06-09,12.503000,12.631000,12.313000,12.568000,388000,9764100.000000,21454.000000,9795.700195,122715207.235622,210156951.990234,0.583922,0.000000,0.000000
2020-06-10,12.590000,12.590000,12.305000,12.392000,541000,9764100.000000,21454.000000,9870.094727,120996729.136848,211753012.263672,0.571405,0.000000,0.000000
2020-06-11,12.154000,12.190000,11.699000,11.734000,682000,9764100.000000,21454.000000,9321.781250,114571951.411343,199989494.937500,0.572890,0.000000,0.000000
2020-06-12,12.029000,12.194000,11.576000,11.802000,652000,9764100.000000,21454.000000,9480.843750,115235908.646965,203402021.812500,0.566543,0.000000,0.000000
2020-06-15,11.578000,12.389000,11.508000,12.267000,1108000,9764100.000000,21454.000000,9450.702148,119776216.636848,202755363.892578,0.590743,0.000000,0.000000
2020-06-16,12.579000,12.613000,12.111000,12.196000,422000,9764100.000000,21454.000000,9538.024414,119082964.568424,204628775.779297,0.581946,0.000000,0.000000
2020-06-17,12.275000,12.275000,12.014000,12.173000,499000,9764100.000000,21454.000000,9480.254883,118858392.577744,203389388.255859,0.584388,0.000000,0.000000
2020-06-18,12.059000,12.143000,11.827000,11.946000,865000,9764100.000000,21454.000000,9411.840820,116641939.568424,201921632.958984,0.577659,0.000000,0.000000
2020-06-19,12.086000,12.086000,11.569000,11.819000,4883000,9764100.000000,21454.000000,9288.018555,115401900.283813,199265150.072266,0.579137,0.000000,0.000000
2020-06-22,11.901000,11.999000,11.747000,11.871000,639000,9764100.000000,21454.000000,9648.717773,115909633.930779,207003591.111328,0.559940,0.000000,0.000000
2020-06-23,11.927000,11.958000,11.722000,11.754000,497000,9764100.000000,21454.000000,9629.658203,114767228.569221,206594687.089844,0.555519,0.000000,0.000000
2020-06-24,11.707000,11.707000,11.405000,11.438000,564000,9764100.000000,21454.000000,9313.610352,111681773.118210,199814196.482422,0.558928,0.000000,0.000000
2020-06-25,11.383000,11.791000,11.355000,11.779000,584000,9764100.000000,21454.000000,9264.813477,115011336.656284,198767308.326172,0.578623,0.000000,0.000000
2020-06-26,11.689000,11.725000,11.415000,11.600000,1332000,9764100.000000,21454.000000,9162.917969,113263563.724709,196581242.101562,0.576167,0.000000,0.000000
2020-06-29,11.719000,11.966000,11.718000,11.850000,453000,9764100.000000,21454.000000,9190.854492,115704588.724709,197180592.275391,0.586795,0.000000,0.000000
2020-06-30,11.805000,11.977000,11.766000,11.829000,477000,9764100.000000,21454.000000,9137.993164,115499543.518639,196046505.341797,0.589144,0.000000,0.000000
2020-07-01,11.779000,11.997000,11.767000,11.780000,412000,9764100.000000,21454.000000,9228.325195,115021095.392704,197984488.740234,0.580960,0.000000,0.000000
2020-07-02,11.865000,11.943000,11.700000,11.735000,503000,9764100.000000,21454.000000,9123.410156,114581710.147762,195733641.492188,0.585396,0.000000,0.000000
2020-07-06,11.883000,12.068000,11.792000,11.975000,802000,9764100.000000,21454.000000,9375.474609,116925101.224709,201141432.269531,0.581308,0.000000,0.000000
2020-07-07,11.962000,12.102000,11.775000,11.809000,487000,9764100.000000,21454.000000,9252.277344,115304257.048988,198498358.132812,0.580883,0.000000,0.000000
2020-07-08,11.757000,11.824000,11.681000,11.822000,934000,9764100.000000,21454.000000,9428.333008,115431185.804844,202275456.349609,0.570663,0.000000,0.000000
2020-07-09,11.789000,11.838000,11.609000,11.737000,395000,9764100.000000,21454.000000,9277.967773,114601246.244144,199049520.611328,0.575742,0.000000,0.000000
2020-07-10,11.765000,11.866000,11.718000,11.766000,478000,9764100.000000,21454.000000,9278.807617,114884398.588657,199067538.619141,0.577113,0.000000,0.000000
2020-07-13,11.811000,11.978000,11.568000,11.579000,681000,9764100.000000,21454.000000,9243.614258,113058518.518639,198312500.287109,0.570103,0.000000,0.000000
2020-07-14,11.629000,11.741000,11.421000,11.666000,1080000,9764100.000000,21454.000000,9243.213867,113907994.175720,198303910.306641,0.574411,0.000000,0.000000
2020-07-15,11.805000,12.144000,11.786000,12.045000,803000,9764100.000000,21454.000000,9192.836914,117608585.244942,197223123.154297,0.596322,0.000000,0.000000
2020-07-16,11.957000,11.957000,11.785000,11.846000,612000,9764100.000000,21454.000000,9132.227539,115665525.843716,195922809.623047,0.590363,0.000000,0.000000
2020-07-17,11.805000,11.972000,11.723000,11.834000,401000,9764100.000000,21454.000000,9151.392578,115548355.824280,196333976.371094,0.588530,0.000000,0.000000
2020-07-20,11.810000,12.142000,11.810000,12.051000,314000,9764100.000000,21454.000000,9164.231445,117667165.598774,196609421.427734,0.598482,0.000000,0.000000
2020-07-21,12.148000,12.200000,12.004000,12.104000,729000,9764100.000000,21454.000000,9374.887695,118184667.293930,201128840.615234,0.587607,0.000000,0.000000
2020-07-22,12.106000,12.251000,11.994000,12.121000,417000,9764100.000000,21454.000000,9525.363281,118350658.930779,204357143.835938,0.579136,0.000000,0.000000
2020-07-23,12.069000,12.259000,11.934000,11.976000,499000,9764100.000000,21454.000000,9581.072266,116934859.961128,205552324.386719,0.568881,0.000000,0.000000
2020-07-24,11.887000,11.924000,11.632000,11.695000,545000,9764100.000000,21454.000000,9536.892578,114191146.520233,204604493.371094,0.558107,0.000000,0.000000
2020-07-27,11.755000,11.855000,11.626000,11.766000,678000,9764100.000000,21454.000000,10990.873047,114884398.588657,235798190.347656,0.487215,0.000000,0.000000
2020-07-28,11.706000,11.925000,11.587000,11.781000,669000,9764100.000000,21454.000000,10912.823242,115030863.440895,234123709.837891,0.491325,0.000000,0.000000
2020-07-29,12.399000,12.726000,11.865000,12.274000,1438000,9751670.000000,21454.000000,11100.467773,119691999.216785,238149435.611328,0.502592,0.000000,0.000000
2020-07-30,12.073000,12.296000,12.055000,12.215000,560000,9686180.000000,21454.000000,11111.213867,118316690.177994,238379982.306641,0.496337,0.000000,0.000000
2020-07-31,12.170000,12.426000,12.000000,12.392000,824000,9686180.000000,21454.000000,11323.466797,120031144.481392,242933656.660156,0.494090,0.000000,0.000000
2020-08-03,12.437000,12.437000,12.248000,12.366000,526000,9686180.000000,21454.000000,11246.348633,119779303.579693,241279163.568359,0.496435,0.000000,0.000000
2020-08-04,12.312000,12.339000,12.184000,12.332000,502000,9686180.000000,21454.000000,11205.892578,119449969.616909,240411219.371094,0.496857,0.000000,0.000000
2020-08-05,12.411000,12.517000,12.334000,12.395000,523000,9686180.000000,21454.000000,11747.022461,120060205.533981,252020619.876953,0.476390,0.000000,0.000000
2020-08-06,12.380000,12.390000,12.215000,12.335000,348000,9686180.000000,21454.000000,11779.773438,119479030.669498,252723259.328125,0.472766,0.000000,0.000000
2020-08-07,12.300000,12.401000,12.234000,12.339000,370000,9686180.000000,21454.000000,11601.472656,119517772.581310,248897994.367188,0.480188,0.000000,0.000000
2020-08-10,12.338000,12.441000,12.238000,12.362000,473000,9686180.000000,21454.000000,11878.111328,119740561.667881,254833000.433594,0.469879,0.000000,0.000000
2020-08-11,14.199000,14.543000,13.479000,13.489000,3339000,9686180.000000,21454.000000,11410.525391,130656885.123787,244801411.730469,0.533726,0.000000,0.000000
2020-08-12,13.502000,14.075000,13.502000,13.704000,1807000,9686180.000000,21454.000000,11584.934570,132739415.301781,248543186.271484,0.534070,0.000000,0.000000
2020-08-13,13.848000,13.935000,13.685000,13.700000,752000,9686180.000000,21454.000000,11784.137695,132700664.152508,252816890.115234,0.524888,0.000000,0.000000
2020-08-14,13.762000,14.675000,13.750000,14.663000,2857000,9686180.000000,21454.000000,11768.871094,142028458.374596,252489360.445312,0.562513,0.000000,0.000000
2020-08-17,14.801000,15.170000,14.184000,14.384000,2295000,9686180.000000,21454.000000,12254.402344,139326011.420307,262905947.882812,0.529946,0.000000,0.000000
2020-08-18,14.444000,14.598000,14.175000,14.314000,1218000,9686180.000000,21454.000000,11991.233398,138647981.776295,257259921.330078,0.538941,0.000000,0.000000
2020-08-19,14.339000,14.339000,13.972000,14.167000,1560000,9686180.000000,21454.000000,11758.283203,137224110.286407,252262207.839844,0.543974,0.000000,0.000000
2020-08-20,14.175000,14.506000,14.175000,14.414000,1007000,9686180.000000,21454.000000,11878.372070,139616594.233818,254838594.396484,0.547863,0.000000,0.000000
2020-08-21,14.440000,14.592000,14.354000,14.508000,735000,9686180.000000,21454.000000,11592.489258,140527103.061085,248705264.537109,0.565035,0.000000,0.000000
2020-08-24,14.650000,14.928000,14.536000,14.858000,880000,9686180.000000,21454.000000,11774.595703,143917260.518608,252612176.214844,0.569716,0.000000,0.000000
2020-08-25,14.870000,15.029000,14.655000,14.696000,1165000,9686180.000000,21454.000000,11366.134766,142348102.240696,243849055.261719,0.583755,0.000000,0.000000
2020-08-26,14.868000,14.896000,14.576000,14.606000,820000,9686180.000000,21454.000000,11488.363281,141476344.562702,246471345.835938,0.574007,0.000000,0.000000
2020-08-27,14.733000,14.762000,14.414000,14.652000,761000,9686180.000000,21454.000000,11323.397461,141921913.498383,242932169.126953,0.584204,0.000000,0.000000
2020-08-28,14.749000,15.046000,14.668000,14.689000,839000,9686180.000000,21454.000000,11542.500000,142280299.276295,247632795.000000,0.574562,0.000000,0.000000
2020-08-31,14.726000,14.796000,14.399000,14.444000,803000,9686180.000000,21454.000000,11680.820312,139907186.284790,250600318.984375,0.558288,0.000000,0.000000
2020-09-01,14.501000,14.910000,14.501000,14.882000,863000,9686180.000000,21454.000000,11970.478516,144149730.464401,256814646.074219,0.561299,0.000000,0.000000
2020-09-02,14.846000,15.123000,14.774000,15.000000,1005000,9686180.000000,21454.000000,11414.034180,145292700.000000,244876689.291016,0.593330,0.000000,0.000000
2020-09-03,14.875000,14.875000,14.391000,14.428000,790000,9686180.000000,21454.000000,10245.296875,139752209.400082,219802599.156250,0.635808,0.000000,0.000000
2020-09-04,14.441000,14.441000,13.689000,14.219000,1248000,9686180.000000,21454.000000,10511.813477,137727792.089806,225520446.326172,0.610711,0.000000,0.000000
2020-09-08,14.061000,14.315000,13.882000,13.882000,884000,9686180.000000,21454.000000,10131.516602,134463550.464401,217361557.169922,0.618617,0.000000,0.000000
2020-09-09,13.983000,14.235000,13.900000,14.115000,1407000,9686180.000000,21454.000000,10242.347656,136720428.483009,219739326.617188,0.622194,0.000000,0.000000
2020-09-10,14.172000,14.309000,13.944000,13.972000,1487000,9686180.000000,21454.000000,10363.138672,135335308.142395,222330777.066406,0.608712,0.000000,0.000000
2020-09-11,14.087000,14.141000,13.884000,14.113000,1164000,9686180.000000,21454.000000,10400.915039,136701057.527103,223141231.248047,0.612621,0.000000,0.000000
2020-09-14,14.163000,14.304000,14.021000,14.262000,694000,9686180.000000,21454.000000,10680.837891,138144299.972897,229146696.105469,0.602864,0.000000,0.000000
2020-09-15,14.500000,15.599000,14.381000,15.575000,2621000,9686180.000000,38250.000000,10796.951172,150862251.652508,412983382.324219,0.365299,0.000000,0.000000
2020-09-16,15.894000,17.656000,15.775000,17.490000,4596000,9686180.000000,38250.000000,10974.905273,169411285.983009,419790126.708984,0.403562,0.000000,0.000000
2020-09-17,17.340000,17.340000,16.259001,16.361000,1797000,9686180.000000,38250.000000,10948.990234,158475591.571198,418798876.464844,0.378405,0.000000,0.000000
2020-09-18,16.552000,16.617001,15.744000,15.959000,3470000,9686180.000000,38250.000000,10944.585938,154581743.072815,418630412.109375,0.369256,0.000000,0.000000
2020-09-21,15.770000,15.770000,14.921000,15.216000,1597000,9686180.000000,38250.000000,10462.259766,147384911.037216,400181436.035156,0.368295,0.000000,0.000000
2020-09-22,15.337000,15.465000,14.939000,15.425000,897000,9686180.000000,38250.000000,10538.459961,149409328.347492,403096093.505859,0.370654,0.000000,0.000000
2020-09-23,15.380000,15.477000,14.811000,14.828000,1117000,9686180.000000,38250.000000,10246.186523,143626677.705097,391916634.521484,0.366473,0.000000,0.000000
2020-09-24,14.738000,14.806000,14.460000,14.606000,1221000,9686180.000000,38250.000000,10760.066406,141476344.562702,411572540.039062,0.343746,0.000000,0.000000
2020-09-25,14.617000,14.696000,14.499000,14.613000,1693000,9686180.000000,38250.000000,10692.716797,141544147.527103,408996417.480469,0.346077,0.000000,0.000000
2020-09-28,14.845000,15.341000,14.845000,15.146000,1444000,9686180.000000,38250.000000,10709.652344,146706881.393204,409644202.148438,0.358132,0.000000,0.000000
2020-09-29,15.067000,15.110000,14.808000,14.969000,624000,9686180.000000,38250.000000,10844.640625,144992427.089806,414807503.906250,0.349541,0.000000,0.000000
2020-09-30,15.022000,15.307000,14.986000,15.056000,824000,9686180.000000,38250.000000,10784.491211,145835123.715210,412506788.818359,0.353534,0.000000,0.000000
2020-10-01,15.066000,15.271000,14.855000,14.896000,694000,9630210.000000,38250.000000,10619.452148,143451607.278328,406194044.677734,0.353160,0.000000,0.000000
2020-10-01,15.066000,15.271000,14.855000,14.896000,694000,9686180.000000,38250.000000,10619.452148,144285336.393204,406194044.677734,0.355213,0.000000,0.000000
2020-10-02,14.632000,14.995000,14.516000,14.646000,1103000,9686180.000000,38250.000000,10575.974609,141863791.393204,404531028.808594,0.350687,0.000000,0.000000
2020-10-05,14.773000,14.974000,14.690000,14.821000,495000,9686180.000000,38250.000000,10793.339844,143558874.740696,412845249.023438,0.347730,0.000000,0.000000
2020-10-06,14.932000,15.435000,14.923000,15.004000,911000,9686180.000000,38250.000000,10604.406250,145331441.911812,405618539.062500,0.358296,0.000000,0.000000
2020-10-07,15.100000,15.344000,15.082000,15.309000,518000,9686180.000000,38250.000000,10668.968750,148285729.767799,408088054.687500,0.363367,0.000000,0.000000
2020-10-08,15.533000,16.479000,15.533000,16.393999,1680000,9686180.000000,38250.000000,10915.685547,158795226.199837,417524972.167969,0.380325,0.000000,0.000000
2020-10-09,16.459000,16.552999,16.065001,16.473000,1021000,9686180.000000,38250.000000,11064.458008,159560439.001617,423215518.798828,0.377019,0.000000,0.000000
2020-10-12,16.716000,16.940001,16.430000,16.646000,881000,9686180.000000,38250.000000,11555.363281,161236151.393204,441992645.507812,0.364794,0.000000,0.000000
2020-10-13,16.559999,16.653999,16.403000,16.608000,586000,9686180.000000,38250.000000,11425.899414,160868075.518608,437040652.587891,0.368085,0.000000,0.000000
2020-10-14,16.639000,16.784000,16.280001,16.424000,540000,9686180.000000,38250.000000,11429.506836,159085818.250809,437178636.474609,0.363892,0.000000,0.000000
2020-10-15,16.243000,16.687000,16.233000,16.597000,531000,9686180.000000,38250.000000,11495.349609,160761530.642395,439697122.558594,0.365619,0.000000,0.000000
2020-10-16,16.598000,16.736000,16.469000,16.469999,385000,9686180.000000,38250.000000,11322.123047,159531377.949028,433071206.542969,0.368372,0.000000,0.000000
2020-10-19,16.559999,16.768000,16.343000,16.414000,873000,9686180.000000,38250.000000,11742.037109,158988954.233818,449132919.433594,0.353991,0.000000,0.000000
2020-10-20,16.455999,17.235001,16.403999,16.907000,3116000,9686180.000000,38250.000000,11916.334961,163764241.269417,455799812.255859,0.359290,0.000000,0.000000
2020-10-21,17.489000,18.575001,17.489000,18.105000,2732000,9686180.000000,38250.000000,12823.689453,175368284.466019,490506121.582031,0.357525,0.000000,0.000000
2020-10-22,18.549000,18.621000,17.799999,18.305000,1783000,9686180.000000,38250.000000,12965.891602,177305527.855988,495945353.759766,0.357510,0.000000,0.000000
2020-10-23,18.327000,18.497000,18.118999,18.430000,1204000,9686180.000000,38250.000000,12931.539062,178516300.355988,494631369.140625,0.360908,0.000000,0.000000
2020-10-26,18.448000,18.700001,17.253000,17.500000,1688000,9686180.000000,38250.000000,13075.248047,169508150.000000,500128237.792969,0.338929,0.000000,0.000000
2020-10-27,17.603001,17.900000,17.253000,17.558001,1707000,9686180.000000,38250.000000,13654.218750,170069953.908577,522273867.187500,0.325634,0.000000,0.000000
2020-10-28,18.000000,18.245001,16.160000,16.215000,3872000,9686180.000000,38250.000000,13271.285156,157061410.177994,507626657.226562,0.309403,0.000000,0.000000
2020-10-29,16.239000,16.707001,16.173000,16.195999,1836000,9686180.000000,38250.000000,13437.882812,156877363.003235,513999017.578125,0.305209,0.000000,0.000000
2020-10-30,16.195999,16.725000,15.954000,16.707001,2361000,9686180.000000,38250.000000,13546.522461,161827016.354370,518154484.130859,0.312314,0.000000,0.000000
2020-11-02,16.891001,16.923000,16.250000,16.657000,1257000,9686180.000000,38250.000000,13550.489258,161342696.269417,518306214.111328,0.311288,0.000000,0.000000
2020-11-03,16.976000,17.261000,16.778000,17.195000,908000,9686180.000000,38250.000000,13950.300781,166553862.144012,533599004.882812,0.312133,0.000000,0.000000
2020-11-04,17.295000,17.836000,17.143999,17.253000,1104000,9686180.000000,38250.000000,14133.707031,167115666.052589,540614293.945312,0.309122,0.000000,0.000000
2020-11-05,17.850000,18.360001,17.785000,18.167999,1732000,9686180.000000,38250.000000,15579.848633,175978511.145630,595929210.205078,0.295301,0.000000,0.000000
2020-11-06,18.379000,18.618000,17.750000,18.562000,1585000,9686180.000000,38250.000000,15565.880859,179794875.820389,595394942.871094,0.301976,0.000000,0.000000
2020-11-09,18.399000,18.726999,18.174000,18.500999,3111000,9686180.000000,38250.000000,15332.315430,179204010.859222,586461065.185547,0.305568,0.000000,0.000000
2020-11-10,18.458000,18.969000,18.400000,18.614000,1695000,9686180.000000,38250.000000,15290.902344,180298557.623787,584877014.648438,0.308267,0.000000,0.000000
2020-11-11,18.816000,19.322001,18.725000,19.216000,1330000,9686180.000000,38250.000000,15701.339844,186129631.037216,600576249.023438,0.309918,0.000000,0.000000
2020-11-12,19.535999,19.608000,18.563999,18.694000,1767000,9686180.000000,38250.000000,16276.343750,181073451.284790,622570148.437500,0.290848,0.000000,0.000000
2020-11-13,18.848000,19.391001,18.656000,19.226999,1649000,9686180.000000,38250.000000,16317.808594,186236175.913429,624156178.710938,0.298381,0.000000,0.000000
2020-11-16,19.433001,20.437000,19.221001,20.393000,2020000,9686180.000000,38250.000000,16716.111328,197530265.340614,639391258.300781,0.308935,0.000000,0.000000
2020-11-17,20.415001,20.968000,19.955999,20.820000,1962000,9686180.000000,38250.000000,17645.406250,201666264.644012,674936789.062500,0.298793,0.000000,0.000000
2020-11-18,21.179001,22.684999,21.179001,21.296000,3780000,9686180.000000,38250.000000,17804.005859,206276884.698219,681003224.121094,0.302901,0.000000,0.000000
2020-11-19,21.200001,21.896999,20.910999,21.711000,1433000,9686180.000000,38250.000000,17817.089844,210296658.266182,681503686.523438,0.308577,0.000000,0.000000
2020-11-20,21.742001,22.700001,21.620001,22.211000,2121000,9686180.000000,38250.000000,18621.314453,215139748.266182,712265277.832031,0.302050,0.000000,0.000000
2020-11-23,22.700001,22.700001,21.437000,22.076000,2010000,9686180.000000,38250.000000,18364.121094,213832111.749191,702427631.835938,0.304419,0.000000,0.000000
2020-11-24,22.570000,24.884001,22.240999,24.723000,11204000,9686180.000000,38250.000000,19107.464844,239471424.001617,730860530.273438,0.327657,0.000000,0.000000
2020-11-25,25.430000,27.722000,25.202000,27.027000,8851000,9686180.000000,38250.000000,18732.121094,261788390.998383,716503631.835938,0.365369,0.000000,0.000000
2020-11-27,25.500000,28.000000,25.351000,27.125999,5619000,9686180.000000,38250.000000,17108.402344,262747313.359222,654396389.648438,0.401511,0.000000,0.000000
2020-11-30,30.030001,34.750000,29.900000,34.277000,15650000,9686180.000000,38250.000000,19625.835938,332013195.998383,750688224.609375,0.442278,0.000000,0.000000
2020-12-01,32.400002,35.894001,31.686001,32.400002,7987000,9266990.000000,38250.000000,18802.998047,300250490.140305,719214675.292969,0.417470,0.000000,0.000000
2020-12-02,32.299999,33.000000,31.054001,32.132000,4081000,9266990.000000,38250.000000,19201.091797,297766922.397194,734441761.230469,0.405433,0.000000,0.000000
2020-12-03,32.784000,33.278999,32.206001,33.160000,2544000,9266990.000000,38250.000000,19445.398438,307293386.985970,743786490.234375,0.413147,0.000000,0.000000
2020-12-04,32.661999,33.721001,31.738001,32.799999,2968000,9266990.000000,38250.000000,18699.765625,303957264.929848,715266035.156250,0.424957,0.000000,0.000000
2020-12-07,33.007000,34.972000,32.553001,33.622002,3540000,9266990.000000,38250.000000,19191.630859,311574753.051529,734079880.371094,0.424443,0.000000,0.000000
2020-12-08,31.700001,31.799999,28.811001,28.945000,14912000,9266990.000000,38250.000000,18321.144531,268233022.721939,700783778.320312,0.382761,0.000000,0.000000
2020-12-09,28.412001,29.114000,27.409000,28.621000,13241000,9266990.000000,38250.000000,18553.916016,265230523.476658,709687287.597656,0.373729,650000000.000000,0.710204
2020-12-10,28.517000,29.177000,28.238001,29.033001,5052000,9266990.000000,38250.000000,18264.992188,269048529.436989,698635951.171875,0.385105,650000000.000000,0.707253
2020-12-11,28.995001,29.525000,27.944000,28.591999,3756000,9266990.000000,38250.000000,18058.904297,264961769.313011,690753089.355469,0.383584,650000000.000000,0.710412
2020-12-14,29.893000,30.000000,27.638000,27.952999,8306000,9266990.000000,38250.000000,19246.644531,259040163.268623,736184153.320312,0.351869,650000000.000000,0.715040
2020-12-15,28.371000,28.983000,27.739000,28.579000,5402000,9266990.000000,38250.000000,19417.076172,264841311.593494,742703163.574219,0.356591,650000000.000000,0.710506
2020-12-16,31.270000,31.500000,29.799999,29.912001,11192000,9266990.000000,38250.000000,21310.597656,277194210.960331,815130360.351562,0.340061,650000000.000000,0.701040
2020-12-17,32.099998,32.233002,29.329000,29.780001,12493000,9266990.000000,38250.000000,22805.162109,275970968.563137,872297450.683594,0.316373,650000000.000000,0.701966
2020-12-18,29.500000,30.400000,28.716999,30.120001,13231000,9266990.000000,38250.000000,23137.960938,279121746.577168,885027005.859375,0.315382,650000000.000000,0.699585
2020-12-21,29.763000,32.200001,29.502001,31.760000,7129000,9266990.000000,70470.000000,22803.082031,294319604.521046,1606933190.742188,0.183156,650000000.000000,0.688326
2020-12-22,32.699001,33.592999,32.036999,33.150002,6399000,9266990.000000,70470.000000,23783.029297,307200732.640305,1675990074.550781,0.183295,650000000.000000,0.679063
2020-12-23,33.466999,34.320000,32.515999,33.717999,5941000,9266990.000000,70470.000000,23241.345703,312464354.962502,1637817631.699219,0.190781,650000000.000000,0.675350
2020-12-24,33.700001,33.882999,32.035999,32.261002,2526000,9266990.000000,70470.000000,23735.949219,298962379.095917,1672672341.445312,0.178733,650000000.000000,0.684959
2020-12-28,36.729000,37.999001,35.402000,37.000000,10977000,9266990.000000,70470.000000,27084.808594,342878630.000000,1908666461.601562,0.179643,650000000.000000,0.654662
2020-12-29,36.700001,37.124001,34.400002,36.606998,7352000,10628300.000000,70470.000000,27362.437500,389070161.558151,1928230970.625000,0.201776,650000000.000000,0.625559
2020-12-30,37.700001,39.981998,37.099998,38.997002,9352000,9266990.000000,70470.000000,28840.953125,361384824.301529,2032421966.718750,0.177810,650000000.000000,0.642683
2020-12-31,39.102001,39.998001,37.712002,38.855000,7396000,9266990.000000,70470.000000,29001.720703,360068892.207909,2043751257.949219,0.176180,650000000.000000,0.643520
2021-01-04,41.632999,44.438999,41.000999,42.521999,14679000,9266990.000000,70470.000000,31971.914062,394050942.841072,2253060783.984375,0.174896,650000000.000000,0.622575
2021-01-05,42.105000,43.840000,40.651001,42.862999,11006000,9266990.000000,70470.000000,33992.429688,397210982.754593,2395446520.078125,0.165819,650000000.000000,0.620696
2021-01-06,43.084000,48.301998,43.084000,48.055000,15360000,9266990.000000,70470.000000,36824.363281,445325207.278061,2595012880.429688,0.171608,650000000.000000,0.593431
2021-01-07,52.132000,55.986000,50.210999,53.575001,22844000,9266990.000000,70470.000000,39371.042969,496478996.320152,2774477398.007812,0.178945,650000000.000000,0.566953
2021-01-08,56.507000,56.866001,51.332001,53.164001,16454000,9266990.000000,70470.000000,40797.609375,492670269.934692,2875007532.656250,0.171363,650000000.000000,0.568843
2021-01-11,47.214001,51.198002,46.451000,49.549000,14727000,9266990.000000,70470.000000,35566.656250,459170085.530357,2506382265.937500,0.183200,650000000.000000,0.586024
2021-01-12,50.278000,51.994999,48.851002,51.424000,6718000,9266990.000000,70470.000000,33922.960938,476545691.780357,2390551057.265625,0.199346,650000000.000000,0.576985
2021-01-13,50.073002,52.398998,49.234001,51.925999,6175000,9266990.000000,70470.000000,37316.359375,481197710.579338,2629683845.156250,0.182987,650000000.000000,0.574612
2021-01-14,54.261002,63.160000,53.862000,63.099998,19118000,9266990.000000,70470.000000,39187.328125,584747054.859695,2761531012.968750,0.211747,650000000.000000,0.526424
2021-01-15,60.709999,62.284000,57.400002,57.806999,16089000,9266990.000000,70470.000000,36825.367188,535696883.577042,2595083625.703125,0.206428,650000000.000000,0.548201
2021-01-19,61.653000,62.145000,57.900002,59.221001,10378000,9266990.000000,70470.000000,36069.804688,548800421.011734,2541839136.328125,0.215907,650000000.000000,0.542209
2021-01-20,57.924999,58.900002,53.200001,55.082001,12317000,9266990.000000,70470.000000,35547.750000,510444349.967346,2505049942.500000,0.203766,650000000.000000,0.560130
2021-01-21,51.404999,53.255001,50.459999,52.046001,11688000,9266990.000000,70470.000000,30825.699219,482309774.831886,2172287023.945312,0.222029,650000000.000000,0.574048
2021-01-22,52.500999,58.250000,52.500000,57.702999,11333000,9266990.000000,70470.000000,33005.761719,534733115.768623,2325916028.320312,0.229902,650000000.000000,0.548647
2021-01-25,59.029999,59.908001,55.113998,57.141998,6834000,9266990.000000,70470.000000,32366.392578,529534326.742859,2280859684.980469,0.232164,650000000.000000,0.551065
2021-01-26,55.500000,56.465000,54.599998,55.980999,4789000,9266990.000000,70470.000000,32569.849609,518775357.857399,2295197301.972656,0.226026,650000000.000000,0.556138
2021-01-27,53.323002,54.946999,50.570000,54.009998,6564000,9266990.000000,70470.000000,30432.546875,500510114.345665,2144581578.281250,0.233384,650000000.000000,0.564967
2021-01-28,56.130001,60.533001,55.151001,57.838001,7630000,9266990.000000,70470.000000,33466.097656,535984179.215050,2358355901.835938,0.227270,650000000.000000,0.548068
2021-01-29,68.000000,69.648003,60.750000,61.730999,14354000,9266990.000000,70470.000000,34316.386719,572060550.357399,2418275772.070312,0.236557,650000000.000000,0.531889
2021-02-01,62.034000,63.986000,58.605000,63.456001,5555000,9266990.000000,70470.000000,33537.175781,588046129.317856,2363364777.304688,0.248817,650000000.000000,0.525021
2021-02-02,65.000999,69.127998,63.817001,68.792000,5343000,9587000.000000,70470.000000,35510.289062,659508902.244568,2502410070.234375,0.263549,650000000.000000,0.496369
2021-02-03,70.164001,75.383003,69.598999,74.119003,9212000,9587000.000000,70470.000000,37472.089844,710578884.597778,2640658171.289062,0.269092,650000000.000000,0.477738
2021-02-03,70.164001,75.383003,69.598999,74.119003,9212000,8843360.000000,70470.000000,37472.089844,655461028.986816,2640658171.289062,0.248219,650000000.000000,0.497908
2021-02-04,77.089996,77.123001,71.750000,76.558998,6365000,8843360.000000,70470.000000,36926.066406,677038781.507568,2602179899.648438,0.260181,650000000.000000,0.489812
2021-02-05,77.117996,80.600998,74.501999,80.599998,7667000,8843360.000000,70470.000000,38144.308594,712774802.506104,2688029426.601562,0.265166,650000000.000000,0.476968
2021-02-08,92.583000,105.000000,89.000999,104.099998,20998000,8843360.000000,70470.000000,46196.464844,920593762.506104,3255464877.539062,0.282784,650000000.000000,0.413856
2021-02-09,113.774002,131.500000,106.541000,127.293999,23197000,8843360.000000,70470.000000,46481.105469,1125706656.505127,3275523502.382812,0.343672,650000000.000000,0.366051
2021-02-10,119.600998,119.900002,95.036003,97.447998,22973000,8843360.000000,70470.000000,44918.183594,861767728.007812,3165384397.851562,0.272247,650000000.000000,0.429960
2021-02-11,113.720001,113.991997,97.702003,100.994003,16132000,8843360.000000,70470.000000,47909.332031,893126328.986816,3376170628.242188,0.264538,650000000.000000,0.421223
2021-02-12,101.558998,104.488998,96.100998,103.431000,7674000,8843360.000000,70470.000000,47504.851562,914677566.000977,3347666889.609375,0.273228,650000000.000000,0.415421
2021-02-16,107.084000,108.257004,95.422997,95.500000,15017000,8843360.000000,70470.000000,49199.871094,844540880.000000,3467114915.976562,0.243586,650000000.000000,0.434916
2021-02-17,93.949997,95.400002,87.800003,94.180000,18156000,8843360.000000,70470.000000,52149.007812,832867647.498779,3674940580.546875,0.226634,1700000000.000000,0.671176
2021-02-18,92.690002,96.000000,90.206001,92.778000,7932000,9587020.000000,90253.000000,51679.796875,889464540.389709,4664256707.359375,0.190698,1700000000.000000,0.656506
2021-02-19,94.500000,100.800003,91.459000,96.372002,11531000,9587020.000000,90253.000000,55888.132812,923920307.238922,5044071650.726562,0.183170,1700000000.000000,0.647886
2021-02-22,87.099998,93.227997,86.500000,87.599998,7659000,9587020.000000,90253.000000,54207.320312,839822937.371368,4892373280.164062,0.171660,1700000000.000000,0.669338
2021-02-23,80.000999,80.157997,66.000000,69.123001,18755000,9587020.000000,90253.000000,48824.425781,662683593.992615,4406550900.035156,0.150386,1700000000.000000,0.719521
2021-02-24,73.400002,82.214996,71.587997,81.768997,12005000,9587020.000000,90253.000000,49705.332031,783921011.463318,4486055331.816406,0.174746,1700000000.000000,0.684402
2021-02-25,84.094002,84.500000,72.610001,73.161003,7841000,9587020.000000,90253.000000,47093.851562,701396000.062408,4250361385.070312,0.165020,1700000000.000000,0.707922
2021-02-26,68.711998,80.405998,68.113998,75.041000,11784000,9587020.000000,90253.000000,46339.761719,719419571.330872,4182302514.402344,0.172015,1700000000.000000,0.702648
2021-03-01,79.839996,80.500000,75.888000,78.244003,7608000,9587020.000000,90859.000000,49631.242188,750126824.477844,4509445033.914062,0.166346,1700000000.000000,0.693842
2021-03-02,81.510002,81.749001,74.107002,74.849998,6440000,9587020.000000,90859.000000,48378.988281,717588432.371368,4395666496.246094,0.163249,1700000000.000000,0.703180
2021-03-03,78.178001,79.800003,72.780998,73.156998,7721000,9587020.000000,90859.000000,50538.242188,701357599.904480,4591854146.914062,0.152740,1700000000.000000,0.707933
2021-03-04,71.297997,73.799004,61.000000,64.566002,12206000,9587020.000000,90859.000000,48561.167969,618995551.459503,4412219160.472656,0.140291,1700000000.000000,0.733076
2021-03-05,65.764999,66.300003,53.722000,62.023998,13548000,9587020.000000,90859.000000,48927.304688,594625311.803360,4445485976.601562,0.133759,1700000000.000000,0.740862
2021-03-08,64.500999,66.945999,61.700001,62.418999,6721000,9587020.000000,90859.000000,52246.523438,598412189.091949,4747066873.007812,0.126059,1700000000.000000,0.739641
2021-03-09,68.656998,73.547997,68.175003,71.598999,8736000,9587020.000000,90859.000000,54824.117188,686421035.617676,4981264463.539062,0.137801,1700000000.000000,0.712364
2021-03-10,75.000000,75.903000,71.099998,75.654999,6430000,9587020.000000,90859.000000,56008.550781,725305986.397095,5088880915.433594,0.142528,1700000000.000000,0.700942
2021-03-11,77.500000,80.500000,76.112999,80.375000,5285000,9587020.000000,90859.000000,57805.121094,770556732.500000,5252115497.457031,0.146714,1700000000.000000,0.688104
2021-03-12,75.980003,81.000000,75.002998,78.400002,4676000,9587020.000000,90859.000000,57332.089844,751622382.628632,5209136351.113281,0.144289,1700000000.000000,0.693418
2021-03-15,78.833000,80.900002,76.366997,76.901001,4375000,9587020.000000,90859.000000,55907.199219,737251434.382324,5079672213.816406,0.145138,1700000000.000000,0.697507
2021-03-16,75.878998,77.000000,70.142998,72.429001,4151000,9587020.000000,90859.000000,56804.902344,694378279.772034,5161236622.050781,0.134537,1700000000.000000,0.709996
2021-03-17,70.223000,78.507004,69.827003,77.098999,5432000,10377400.000000,90859.000000,58870.894531,800087152.465820,5348950606.214844,0.149578,1700000000.000000,0.679976
2021-03-17,70.223000,78.507004,69.827003,77.098999,5432000,9587020.000000,90859.000000,58870.894531,739149645.617676,5348950606.214844,0.138186,1700000000.000000,0.696964
2021-03-18,75.452003,80.899002,72.801003,73.205002,6195000,9587020.000000,90859.000000,57858.921875,701817816.654358,5257003782.640625,0.133501,1700000000.000000,0.707797
2021-03-19,74.953003,78.527000,71.454002,77.704002,9565000,9587020.000000,90859.000000,58346.652344,744949824.900665,5301318485.300781,0.140522,1700000000.000000,0.695311
2021-03-22,76.720001,77.500000,72.150002,72.456001,4988000,9587020.000000,90859.000000,54529.144531,694637133.408051,4954463542.964844,0.140204,1700000000.000000,0.709920
2021-03-23,71.681000,73.535004,67.000999,67.721001,7169000,9587020.000000,90859.000000,54738.945312,649242587.856598,4973525832.148438,0.130540,1700000000.000000,0.723637
2021-03-24,70.531998,71.050003,61.521999,62.157001,7068000,9587020.000000,90859.000000,52774.265625,595900416.476059,4795017000.421875,0.124275,1700000000.000000,0.740450
2021-03-25,58.070000,62.641998,56.599998,62.091000,8816000,9587020.000000,90859.000000,51704.160156,595267655.016556,4697788287.636719,0.126712,1700000000.000000,0.740654
2021-03-26,62.599998,64.230003,60.037998,62.400002,5241000,9587020.000000,90859.000000,55137.312500,598230062.628632,5009721076.437500,0.119414,1700000000.000000,0.739700
2021-03-29,65.886002,66.292999,62.723000,63.133999,4431000,9587020.000000,90859.000000,57750.199219,605266909.854813,5247125350.816406,0.115352,1700000000.000000,0.737442
2021-03-30,64.246002,66.680000,62.030998,65.398003,5626000,9587020.000000,90859.000000,58917.691406,626971959.121246,5353202523.480469,0.117121,1700000000.000000,0.730563
2021-03-31,64.761002,69.420998,64.138000,67.879997,5615000,9587020.000000,90859.000000,58918.832031,650766891.268463,5353306159.527344,0.121564,1700000000.000000,0.723168
2021-04-01,68.846001,72.583000,68.746002,70.356003,4024000,9587020.000000,90859.000000,59095.808594,674504406.036682,5369386073.019531,0.125620,1700000000.000000,0.715939
2021-04-05,70.974998,73.603996,69.329002,72.055000,4859000,9587020.000000,90859.000000,59057.878906,690792729.025726,5365939819.542969,0.128737,1700000000.000000,0.711061
2021-04-06,72.119003,72.119003,67.698997,70.458000,5937000,9587020.000000,90859.000000,58192.359375,675482256.915436,5287299580.453125,0.127756,1700000000.000000,0.715644
2021-04-07,67.800003,69.556999,65.199997,65.620003,4522000,9587020.000000,90859.000000,56048.937500,629100278.731537,5092550412.312500,0.123533,1700000000.000000,0.729896
2021-04-08,67.070000,70.271004,66.438004,69.012001,4361000,9587020.000000,90859.000000,58323.953125,661619434.187469,5299256056.984375,0.124851,1700000000.000000,0.719845
2021-04-09,70.999001,72.000000,68.945999,71.099998,3447000,9587020.000000,90859.000000,58245.003906,681637107.371368,5292082809.917969,0.128803,1700000000.000000,0.713795
2021-04-12,73.518997,74.594002,70.485001,71.823997,4812000,9587020.000000,90859.000000,59893.453125,688578100.489044,5441859257.484375,0.126534,1700000000.000000,0.711721
2021-04-13,74.500000,86.999001,73.478996,84.853996,17022000,9587020.000000,90859.000000,63503.457031,813496959.386139,5769860602.402344,0.140991,1700000000.000000,0.676349
2021-04-14,88.098000,88.209999,73.000000,73.550003,15825000,9587020.000000,90859.000000,63109.695312,705125350.257263,5734083806.398438,0.122971,1700000000.000000,0.706824
2021-04-15,75.317001,75.494003,70.900002,74.014999,6863000,9587020.000000,90859.000000,63314.011719,709583279.448547,5752647790.753906,0.123349,1700000000.000000,0.705516
2021-04-16,70.709999,72.000000,68.500000,69.362000,7628000,9587020.000000,90859.000000,61572.789062,664974876.558838,5594442041.429688,0.118863,1700000000.000000,0.718824
2021-04-19,65.003998,66.500000,62.349998,63.751999,8799000,9745590.000000,90859.000000,55724.265625,621300842.973175,5063051050.421875,0.122713,1700000000.000000,0.732348
2021-04-20,63.900002,64.800003,61.400002,64.644997,5524000,9745590.000000,90859.000000,56473.031250,630003632.834702,5131083146.343750,0.122782,1700000000.000000,0.729613
2021-04-21,62.840000,66.545998,62.840000,65.045998,4179000,9745590.000000,90859.000000,53906.089844,633911623.941879,4897853417.113281,0.129426,1700000000.000000,0.728391
2021-04-22,64.200996,65.050003,59.400002,59.820000,7153000,9745590.000000,90859.000000,51762.273438,582981190.825882,4703068402.257812,0.123958,1700000000.000000,0.744640
2021-04-23,57.589001,61.840000,56.900002,61.304001,6621000,10597000.000000,90859.000000,51093.652344,649638497.055054,4642318158.300781,0.139938,1700000000.000000,0.723516
2021-04-26,63.675999,65.980003,62.799999,65.882004,4791000,10597000.000000,90859.000000,54021.753906,698151594.100952,4908362538.167969,0.142237,1700000000.000000,0.708879
2021-04-27,67.300003,68.500000,65.500000,67.698997,5113000,9745590.000000,90859.000000,55033.117188,659766673.022232,5000253994.539062,0.131947,1700000000.000000,0.720410
2021-04-28,67.360001,68.900002,66.550003,68.082001,2973000,9745590.000000,90859.000000,54824.703125,663499265.517883,4981317701.234375,0.133198,1700000000.000000,0.719272
2021-04-29,66.500000,67.500000,63.791000,65.500999,4397000,9745590.000000,90859.000000,53555.109375,638345885.236588,4865963682.703125,0.131186,1700000000.000000,0.727010
2021-04-30,64.702003,67.500000,64.632004,65.716003,5597000,9745590.000000,90859.000000,57750.175781,640441225.750122,5247123221.308594,0.122056,1700000000.000000,0.726359
2021-05-03,67.397003,67.397003,63.438999,63.562000,4645000,9745590.000000,90859.000000,57200.292969,619449194.256706,5197161418.847656,0.119190,1700000000.000000,0.732933
2021-05-04,61.951000,62.799999,59.889000,61.688000,5146000,9745590.000000,90859.000000,53333.539062,601185953.243294,4845832025.679688,0.124062,1700000000.000000,0.738750
2021-05-05,63.000000,65.198997,60.889999,62.345001,4975000,9745590.000000,90859.000000,57424.007812,607588820.446472,5217487925.835938,0.116452,1700000000.000000,0.736700
2021-05-06,61.287998,62.277000,58.701000,60.908001,3552000,9745590.000000,90859.000000,56396.515625,593584404.939766,5124131013.171875,0.115841,1700000000.000000,0.741198
2021-05-07,60.896999,63.180000,60.833000,62.046001,3634000,9745590.000000,90859.000000,57356.402344,604674891.118355,5211345360.550781,0.116030,1700000000.000000,0.737631
2021-05-10,61.585999,61.585999,56.646999,56.945999,5227000,9745590.000000,90859.000000,55859.796875,554972359.812469,5075365284.265625,0.109346,1700000000.000000,0.753890
2021-05-11,53.500000,58.499001,52.528000,57.695999,6630000,9745590.000000,90859.000000,56704.574219,562281552.312469,5152120908.941406,0.109136,1700000000.000000,0.751454
2021-05-12,55.627998,57.779999,53.863998,54.188000,4216000,9745590.000000,90859.000000,49150.535156,528094028.243294,4465768473.761719,0.118254,1700000000.000000,0.762984
2021-05-13,51.119999,54.297001,47.806999,48.807999,9374000,9745590.000000,90859.000000,49716.191406,475662743.633881,4517163434.980469,0.105301,1700000000.000000,0.781371
2021-05-14,50.125999,52.362000,49.200001,52.131001,5616000,9745590.000000,90859.000000,49880.535156,508047357.346001,4532095543.761719,0.112100,1700000000.000000,0.769911
2021-05-17,48.400002,49.951000,46.888000,48.935001,8046000,9745590.000000,90859.000000,43537.511719,476900460.033531,3955774777.253906,0.120558,1700000000.000000,0.780927
2021-05-18,48.890999,50.425999,47.056999,48.720001,5982000,9745590.000000,90859.000000,42909.402344,474805156.696472,3898705387.550781,0.121785,1700000000.000000,0.781679
2021-05-19,42.285000,45.848999,41.158001,45.486000,15054000,9745590.000000,90859.000000,37002.441406,443287907.334824,3362004823.730469,0.131852,1700000000.000000,0.793174
2021-05-20,47.765999,49.299999,45.728001,47.265999,8614000,9745590.000000,90859.000000,40782.738281,460635045.638351,3705478817.496094,0.124312,1700000000.000000,0.786806
2021-05-21,47.173000,48.766998,44.777000,45.051998,8530000,9745590.000000,90859.000000,37304.691406,439058302.537880,3389466956.480469,0.129536,1700000000.000000,0.794742
2021-05-24,46.500000,47.826000,44.724998,47.244999,7575000,9745590.000000,90859.000000,38705.980469,460430389.140587,3516786679.410156,0.130924,1700000000.000000,0.786880
2021-05-25,46.400002,47.987999,45.820999,46.966999,6722000,9745590.000000,90859.000000,38402.222656,457721116.310234,3489187548.324219,0.131183,1700000000.000000,0.787868
2021-05-26,47.734001,49.598999,47.653999,48.278999,5426000,9745590.000000,90859.000000,39294.199219,470507333.066940,3570231646.816406,0.131786,1700000000.000000,0.783227
2021-05-27,49.200001,50.206001,48.507000,49.384998,5039000,9745590.000000,90859.000000,38436.968750,481285945.792351,3492344543.656250,0.137812,1700000000.000000,0.779357
2021-05-28,48.200001,48.292000,46.764000,47.000000,4775000,9745590.000000,90859.000000,35697.605469,458042730.000000,3243448735.285156,0.141221,1700000000.000000,0.787751
2021-06-01,47.124001,48.466000,46.897999,47.776001,4325000,9745590.000000,90859.000000,36684.925781,465605317.357178,3333155671.558594,0.139689,1700000000.000000,0.785000
2021-06-02,48.299999,50.130001,47.872002,49.849998,3527000,9745590.000000,90859.000000,37575.179688,485817646.629410,3414043251.226562,0.142300,1700000000.000000,0.777741
2021-06-03,50.119999,50.198002,48.400002,48.863998,3955000,9745590.000000,90859.000000,39208.765625,476208494.294586,3562469235.921875,0.133674,1700000000.000000,0.781175
2021-06-04,48.169998,48.598999,47.400002,48.466999,3172000,9745590.000000,90859.000000,36894.406250,472339501.310234,3352188857.468750,0.140905,1700000000.000000,0.782566
2021-06-07,48.250000,48.855000,46.407001,46.980999,6104000,9745590.000000,90859.000000,33560.707031,457857553.975410,3049292280.152344,0.150152,1700000000.000000,0.787818
2021-06-08,45.799999,46.188999,42.792999,45.938000,10917000,9745590.000000,90859.000000,33472.632812,447692910.743294,3041289944.710938,0.147205,1700000000.000000,0.791547
2021-06-09,47.000000,51.567001,45.558998,51.299000,14822000,9745590.000000,90859.000000,37345.121094,499939019.328117,3393140357.457031,0.147338,1700000000.000000,0.772749
2021-06-10,51.238998,52.987000,49.591000,50.865002,9537000,9745590.000000,90859.000000,36702.597656,495709451.707649,3334761320.449219,0.148649,1700000000.000000,0.774237
2021-06-11,51.299999,52.097000,50.400002,51.644001,5004000,9745590.000000,90859.000000,37334.398438,503301259.774590,3392166107.632812,0.148372,1700000000.000000,0.771569
2021-06-14,54.400002,60.569000,54.400002,59.848999,15573000,9745590.000000,90859.000000,40218.476562,583263806.392822,3654210561.992188,0.159614,2200000000.000000,0.790439
2021-06-15,60.205002,63.582001,58.917000,63.054001,13100000,9745590.000000,105085.000000,40406.269531,614498440.187531,4246092833.691406,0.144721,2200000000.000000,0.781667
2021-06-16,61.665001,63.987999,60.883999,61.981998,10395000,9745590.000000,105085.000000,38347.062500,604051144.211998,4029701062.812500,0.149900,2200000000.000000,0.784579
2021-06-17,61.740002,64.199997,61.255001,63.081001,8848000,9745590.000000,105085.000000,38053.503906,614761575.281296,3998852457.988281,0.153734,2200000000.000000,0.781594
2021-06-18,61.599998,64.764999,61.551998,64.646004,15437000,9745590.000000,105085.000000,35787.246094,630013447.424240,3760702755.761719,0.167525,2200000000.000000,0.777381
2021-06-21,59.917000,61.400002,57.700001,58.367001,13781000,9745590.000000,105085.000000,31676.693359,568820857.180824,3328745321.669922,0.170881,2200000000.000000,0.794562
2021-06-22,53.500999,56.419998,51.301998,55.372002,25670000,9746590.000000,105085.000000,32505.660156,539688197.541885,3415857297.519531,0.157995,2200000000.000000,0.803011
2021-06-23,57.948002,58.655998,55.123001,55.299999,10558000,9746590.000000,105085.000000,33723.027344,538986419.563942,3543784328.417969,0.152093,2200000000.000000,0.803217
2021-06-24,57.000000,59.000000,56.099998,58.188000,7935000,9746590.000000,105085.000000,34662.437500,567134576.243019,3642502244.687500,0.155699,2200000000.000000,0.795046
2021-06-25,56.745998,57.120998,53.980999,55.005001,10047000,9746590.000000,105085.000000,31637.779297,536111193.360481,3324656037.412109,0.161253,2200000000.000000,0.804061
2021-06-28,57.033001,62.951000,56.587002,62.417000,17298000,9746590.000000,105085.000000,34434.335938,608352906.245346,3618532191.992188,0.168121,2200000000.000000,0.783377
2021-06-29,65.000000,69.299004,64.699997,66.899002,16136000,9746590.000000,105085.000000,35867.777344,652037144.636078,3769165382.167969,0.172992,2200000000.000000,0.771378
2021-06-30,64.500999,66.900002,63.743000,66.449997,8589000,9746590.000000,105085.000000,35040.835938,647660875.755768,3682266244.492188,0.175886,2200000000.000000,0.772564
2021-07-01,65.058998,65.723999,63.712002,65.085999,5874000,9746590.000000,105085.000000,33572.117188,634366542.462769,3527925934.648438,0.179813,2200000000.000000,0.776188
2021-07-02,65.897003,66.192001,63.425999,63.561001,5276000,9746590.000000,105085.000000,33897.046875,619503015.020943,3562071170.859375,0.173917,2200000000.000000,0.780279
2021-07-06,65.208000,65.351997,62.129002,63.429001,4862000,9746590.000000,105085.000000,34235.195312,618216465.438385,3597605499.414062,0.171841,2200000000.000000,0.780636
2021-07-07,64.500000,64.717003,62.320999,63.986000,4511000,9746590.000000,105085.000000,33855.328125,623645308.334885,3557687156.015625,0.175295,2200000000.000000,0.779135
2021-07-08,60.299999,62.527000,59.469002,61.844002,5180000,9746590.000000,105085.000000,32877.371094,602768129.211655,3454918541.386719,0.174467,2200000000.000000,0.784938
2021-07-09,62.189999,63.592999,61.520000,62.866001,3940000,9746590.000000,105085.000000,33798.011719,612729137.945366,3551664061.464844,0.172519,2200000000.000000,0.782158
2021-07-12,63.224998,63.242001,58.521000,58.868999,8263000,9746590.000000,105085.000000,33155.847656,573772001.653481,3484182250.957031,0.164679,2200000000.000000,0.793144
2021-07-13,58.556999,59.700001,57.294998,57.987999,7176000,9746590.000000,105085.000000,32702.025391,565185250.806961,3436492338.173828,0.164466,2200000000.000000,0.795607
2021-07-14,58.500000,59.043999,56.041000,56.042999,6275000,9746590.000000,105085.000000,32822.347656,546228136.231384,3449136403.457031,0.158367,2200000000.000000,0.801099
2021-07-15,54.700001,55.994999,52.507000,54.104000,7338000,9746590.000000,105085.000000,31780.730469,527329506.252327,3339678061.308594,0.157898,2200000000.000000,0.806650
2021-07-16,54.389999,54.638000,52.051998,52.308998,6091000,9746590.000000,105085.000000,31421.539062,509834357.868576,3301932432.382812,0.154405,2200000000.000000,0.811858
2021-07-19,50.765999,52.249001,49.200001,49.872002,7287000,9746590.000000,105085.000000,30817.832031,486081952.541885,3238491879.003906,0.150095,2200000000.000000,0.819037
2021-07-20,48.799000,50.588001,47.237999,50.178001,7345000,9746590.000000,105085.000000,29807.347656,489064406.702347,3132305128.457031,0.156136,2200000000.000000,0.818128
2021-07-21,54.000000,56.980999,52.827000,55.694000,10994000,9746590.000000,105085.000000,32110.693359,542826585.839539,3374352211.669922,0.160868,2200000000.000000,0.802092
2021-07-22,55.542000,56.806000,53.500999,55.594002,7112000,9746590.000000,105085.000000,32313.105469,541851941.711655,3395622688.183594,0.159574,2200000000.000000,0.802377
2021-07-23,55.841999,56.589001,53.339001,53.971001,5749000,9746590.000000,105085.000000,33581.550781,526033215.433731,3528917263.847656,0.149064,2200000000.000000,0.807033
2021-07-26,62.099998,69.500000,62.026001,68.250000,20169000,9746590.000000,105085.000000,37337.535156,665204767.500000,3923614881.894531,0.169539,2200000000.000000,0.767833
2021-07-27,66.375000,67.750999,62.227001,63.061001,9699000,9746590.000000,105085.000000,39406.941406,614629720.020943,4141078437.675781,0.148423,2200000000.000000,0.781630
2021-07-28,66.394997,67.699997,63.220001,64.665001,10825000,9746590.000000,105085.000000,39995.906250,630263251.273270,4202969808.281250,0.149957,2200000000.000000,0.777313
2021-07-29,64.193001,64.860001,61.937000,62.500999,5795000,9746590.000000,105085.000000,40008.421875,609171616.236038,4204285012.734375,0.144893,2200000000.000000,0.783149
2021-07-30,61.556999,63.548000,60.691002,62.601002,6326000,9746590.000000,105085.000000,42235.546875,610146297.544212,4438322443.359375,0.137472,2200000000.000000,0.782877
2021-08-02,62.258999,65.900002,61.508999,63.778999,12551000,9747470.000000,105085.000000,39201.945312,621683882.585678,4119536423.164062,0.150911,2200000000.000000,0.779676
2021-08-03,63.462002,63.462002,60.513000,62.506001,8444000,9747470.000000,105085.000000,38152.980469,609275364.876976,4009305952.558594,0.151965,2200000000.000000,0.783120
2021-08-04,63.028000,67.500000,63.000999,67.093002,10015000,9747470.000000,105085.000000,39747.503906,653987027.317657,4176866447.988281,0.156574,2200000000.000000,0.770851
2021-08-05,64.359001,72.968002,63.369999,71.561996,11665000,9747470.000000,105085.000000,40869.554688,697548413.633575,4294777154.335938,0.162418,2200000000.000000,0.759263
2021-08-06,72.000000,75.098999,70.129997,74.872002,13120000,9747470.000000,105085.000000,42816.500000,729812589.903336,4499371902.500000,0.162203,2200000000.000000,0.750901
2021-08-09,79.630997,79.800003,76.269997,76.773003,14213000,9747470.000000,105085.000000,46365.402344,748342539.892349,4872308305.292969,0.153591,2200000000.000000,0.746182
2021-08-10,76.663002,77.702003,74.417999,75.049004,7967000,9747470.000000,105085.000000,45585.031250,731537911.131363,4790303008.906250,0.152712,2200000000.000000,0.750459
2021-08-11,76.223999,77.087997,74.011002,74.749001,7283000,9747470.000000,105085.000000,45593.636719,728613640.384445,4791207314.589844,0.152073,2200000000.000000,0.751209
2021-08-12,72.472000,73.080002,71.239998,72.098999,7192000,9747470.000000,105085.000000,44428.289062,702782830.010986,4668746756.132812,0.150529,2200000000.000000,0.757893
2021-08-13,74.500000,75.389000,72.610001,72.800003,6574000,9747470.000000,105085.000000,47793.320312,709615845.746918,5022361065.039062,0.141291,2200000000.000000,0.756114
2021-08-16,74.000000,74.099998,69.221001,69.750999,6663000,9747470.000000,105085.000000,46004.484375,679895774.615555,4834381240.546875,0.140638,2200000000.000000,0.763917
2021-08-17,69.107002,70.000000,65.748001,66.369003,6615000,9747470.000000,105085.000000,44695.359375,646929868.556671,4696811839.921875,0.137738,2200000000.000000,0.772762
2021-08-18,65.912003,67.800003,65.267998,65.504997,5473000,9747470.000000,105085.000000,44801.187500,638507995.577774,4707932788.437500,0.135624,2200000000.000000,0.775055
2021-08-19,64.634003,67.860001,64.142998,67.625999,6727000,9747470.000000,105085.000000,46717.578125,659182400.865555,4909316697.265625,0.134272,2200000000.000000,0.769451
2021-08-20,68.616997,72.799004,68.301003,71.655998,9821000,9747470.000000,105085.000000,49339.175781,698464693.066788,5184807286.972656,0.134714,2200000000.000000,0.759023
2021-08-23,74.190002,74.778000,71.005997,71.850998,8138000,9747470.000000,105085.000000,49546.148438,700365446.742096,5206557008.554688,0.134516,2200000000.000000,0.758525
2021-08-24,71.792999,71.792999,69.122002,71.550003,8114000,9747470.000000,105085.000000,47706.117188,697431508.246918,5013197324.648438,0.139119,2200000000.000000,0.759293
2021-08-25,71.464996,73.510002,70.500000,72.670998,6649000,9747470.000000,105085.000000,48960.789062,708358369.167404,5145044518.632812,0.137678,2200000000.000000,0.756440
2021-08-26,71.199997,71.449997,69.154999,69.365997,5715000,9747470.000000,105085.000000,46942.218750,676142977.842712,4932923057.343750,0.137067,2200000000.000000,0.764913
2021-08-27,69.949997,72.109001,69.504997,70.720001,8109000,9747470.000000,105085.000000,49058.667969,689341090.298767,5155330123.496094,0.133714,2200000000.000000,0.761419
2021-08-30,70.259003,70.832001,69.397003,70.299004,5288000,9747470.000000,105085.000000,47054.984375,685237428.631363,4944773033.046875,0.138578,2200000000.000000,0.762502
2021-08-31,70.233002,70.500000,68.709000,69.430000,5307000,9805840.000000,105085.000000,47166.687500,680819474.192505,4956511355.937500,0.137359,2200000000.000000,0.763672
2021-09-01,70.000000,71.699997,69.100998,70.250000,8252000,9869470.000000,105085.000000,48847.027344,693330267.500000,5133089868.417969,0.135071,2200000000.000000,0.760369
2021-09-02,72.289001,73.265999,69.500000,69.570999,7344000,9747470.000000,105085.000000,49327.722656,678141227.040863,5183603735.332031,0.130824,2200000000.000000,0.764382
2021-09-03,71.610001,72.800003,70.349998,71.225998,7329000,9747470.000000,105085.000000,50025.375000,694273277.992096,5256916531.875000,0.132069,2200000000.000000,0.760122
2021-09-07,69.900002,70.199997,64.477997,64.801003,18067000,9747470.000000,105085.000000,46811.128906,631645827.862473,4919147481.113281,0.128406,2200000000.000000,0.776933
2021-09-08,64.809998,65.893997,63.063000,63.862000,8218000,9747470.000000,105085.000000,46091.390625,622492924.380493,4843513783.828125,0.128521,2200000000.000000,0.779453
2021-09-09,64.510002,65.382004,63.237999,64.061996,6504000,9747470.000000,105085.000000,46391.421875,624442388.633575,4875042567.734375,0.128090,2200000000.000000,0.778915
2021-09-10,63.814999,64.435997,61.202999,61.556999,6829000,9747470.000000,105085.000000,44883.910156,600025003.055801,4716625698.769531,0.127215,2200000000.000000,0.785707
2021-09-13,60.900002,64.273003,60.030998,64.269997,9331000,9747470.000000,105085.000000,44963.074219,626469864.178391,4724944654.277344,0.132588,2200000000.000000,0.778356
2021-09-14,64.500000,65.100998,61.292000,61.848000,5726000,9747470.000000,105085.000000,47092.492188,602861520.395432,4948714541.523438,0.121822,2200000000.000000,0.784912
2021-09-15,62.799999,64.237000,62.050999,63.299999,5649000,10303200.000000,105085.000000,48176.347656,652192552.139282,5062611493.457031,0.128825,2200000000.000000,0.771336
2021-09-16,63.212002,63.323002,61.147999,63.299999,5107000,10303200.000000,105085.000000,47783.359375,652192552.139282,5021314319.921875,0.129885,2200000000.000000,0.771336
2021-09-17,63.299999,63.452999,61.202999,61.429001,21566000,10303200.000000,105085.000000,47267.519531,632915281.604004,4967107289.941406,0.127421,2200000000.000000,0.776585
2021-09-20,57.442001,59.310001,56.828999,58.839001,7755000,10303200.000000,105085.000000,42843.800781,606229992.031860,4502240805.097656,0.134651,2200000000.000000,0.783970
2021-09-21,58.887001,59.422001,57.599998,58.102001,4633000,10303200.000000,105085.000000,40693.675781,598636538.662720,4276294919.472656,0.139990,2200000000.000000,0.786097
2021-09-22,58.935001,60.497002,58.480000,59.960999,3781000,10303200.000000,105085.000000,43574.507812,617790160.107422,4579027153.476562,0.134917,2200000000.000000,0.780754
2021-09-23,60.673000,61.776001,59.867001,61.657001,3976000,10303200.000000,105085.000000,44895.097656,635264417.807007,4717801337.207031,0.134653,2200000000.000000,0.775942
2021-09-24,58.000000,60.233002,57.500000,59.938999,4683000,10303200.000000,105085.000000,42839.750000,617563496.310425,4501815128.750000,0.137181,2200000000.000000,0.780816
2021-09-27,60.325001,60.599998,58.973000,59.474998,2756000,10303200.000000,105085.000000,42235.730469,612782804.278564,4438341736.308594,0.138066,2200000000.000000,0.782144
2021-09-28,58.525002,59.000000,57.158001,57.351002,3382000,10303200.000000,105085.000000,41034.542969,590898841.122437,4312114947.871094,0.137032,2200000000.000000,0.788277
2021-09-29,58.070999,58.646999,56.526001,56.632000,2928000,10303200.000000,105085.000000,41564.363281,583490822.085571,4367791115.410156,0.133589,2200000000.000000,0.790374
2021-09-30,58.212002,59.735001,57.439999,57.840000,3166000,10303200.000000,105085.000000,43790.894531,595937089.572144,4601766151.816406,0.129502,2200000000.000000,0.786856
2021-10-01,61.561001,61.561001,59.226002,61.245998,5112000,10303200.000000,105085.000000,48116.941406,631029770.535278,5056368787.675781,0.124799,2200000000.000000,0.777102
2021-10-04,61.147999,61.362999,58.278999,60.724998,4355000,10303200.000000,105085.000000,49112.902344,625661804.278564,5161029342.792969,0.121228,2200000000.000000,0.778579
2021-10-05,62.032001,65.250999,61.279999,65.100998,4490000,10303200.000000,105085.000000,51514.812500,670748601.818848,5413434071.562500,0.123904,2200000000.000000,0.766351
2021-10-06,67.000000,68.238998,65.000000,67.380997,7123000,10303200.000000,105085.000000,55361.449219,694239885.241699,5817657891.152344,0.119333,2200000000.000000,0.760130
2021-10-07,66.500000,69.384003,66.367996,69.278999,5029000,10303200.000000,105085.000000,53805.984375,713795385.882568,5654201868.046875,0.126242,2200000000.000000,0.755029
2021-10-08,69.917000,71.278999,69.049004,70.882004,6862000,10303200.000000,105085.000000,53967.847656,730311461.389160,5671211270.957031,0.128775,2200000000.000000,0.750773
2021-10-11,72.000000,75.198997,71.824997,73.180000,5771000,10303200.000000,105085.000000,57484.789062,753988179.144287,6040789058.632812,0.124816,2200000000.000000,0.744756
2021-10-12,72.844002,73.961998,70.194000,71.065002,4133000,10303200.000000,105085.000000,56041.058594,732196933.154297,5889074642.324219,0.124331,2200000000.000000,0.750291
2021-10-13,71.000000,72.740997,70.348999,72.629997,2897000,10303200.000000,105085.000000,57401.097656,748321387.701416,6031994347.207031,0.124059,2200000000.000000,0.746187
2021-10-14,73.866997,74.092003,71.853996,72.394997,2793000,10303200.000000,105085.000000,57321.523438,745900129.412842,6023632290.429688,0.123829,2200000000.000000,0.746801
2021-10-15,73.999001,76.197998,73.400002,74.985001,7323000,10303200.000000,105085.000000,61593.949219,772585458.288574,6472600153.652344,0.119362,2200000000.000000,0.740096
2021-10-18,74.800003,75.737999,73.807999,73.963997,5830000,10303200.000000,105085.000000,62026.078125,762065852.728271,6518010419.765625,0.116917,2200000000.000000,0.742725
2021-10-19,74.224998,75.070000,70.100998,72.724998,7486000,10303200.000000,105085.000000,64261.992188,749300204.278564,6752971449.023438,0.110959,2200000000.000000,0.745940
2021-10-20,73.500000,77.707001,73.156998,75.818001,7379000,10303200.000000,105085.000000,65992.835938,781168025.775146,6934857164.492188,0.112644,2200000000.000000,0.737966
2021-10-21,75.287003,75.953003,72.957001,73.542999,4653000,9882880.000000,105085.000000,62210.171875,726816636.601562,6537355911.484375,0.111179,2200000000.000000,0.751670
2021-10-22,73.142998,73.849998,70.699997,71.851997,3686000,10303200.000000,105085.000000,60692.265625,740305499.359131,6377846733.203125,0.116075,2200000000.000000,0.748222
2021-10-25,73.644997,75.549004,73.300003,74.601997,3807000,10303200.000000,105085.000000,63039.824219,768639299.359131,6624539928.027344,0.116029,2200000000.000000,0.741080
2021-10-26,74.031998,75.471001,73.246002,73.486000,3232000,10303200.000000,105085.000000,60363.792969,757140955.828857,6343329184.121094,0.119360,2200000000.000000,0.743962
2021-10-27,72.000000,72.882004,70.958000,71.501999,3647000,10459700.000000,105085.000000,58482.386719,747889457.908630,6145621608.339844,0.121695,2200000000.000000,0.746297
2021-10-28,72.893997,74.802002,70.800003,71.712997,6714000,10303200.000000,105085.000000,60622.136719,738873355.187988,6370477237.089844,0.115984,2200000000.000000,0.748586
2021-10-29,72.410004,73.718002,69.140999,71.505997,6983000,10303200.000000,105085.000000,62227.964844,736740585.241699,6539225685.605469,0.112665,2200000000.000000,0.749130
2021-11-01,72.099998,74.527000,71.119003,73.612000,4408000,10357600.000000,105085.000000,61004.406250,762443646.142578,6410648030.781250,0.118934,2200000000.000000,0.742630
2021-11-02,75.695999,84.099998,74.099998,79.414001,14874000,10357600.000000,105085.000000,63226.402344,822538461.572266,6644146490.292969,0.123799,2200000000.000000,0.727865
2021-11-03,78.158997,81.763000,77.817001,81.025002,6659000,10357600.000000,105085.000000,62970.046875,839224555.804443,6617207375.859375,0.126825,2200000000.000000,0.723869
2021-11-04,81.000000,82.874001,79.000000,80.000000,3766000,10357600.000000,105085.000000,61452.230469,828608000.000000,6457707638.808594,0.128313,2200000000.000000,0.726406
2021-11-05,80.387001,81.205002,77.910004,79.750999,6188000,10357600.000000,105085.000000,61125.675781,826028951.910400,6423391639.472656,0.128597,2200000000.000000,0.727025
2021-11-08,84.198997,87.319000,84.028000,86.000000,7178000,10357600.000000,105085.000000,67566.828125,890753600.000000,7100260133.515625,0.125454,2200000000.000000,0.711801
2021-11-09,88.449997,89.138000,83.500999,85.901001,5312000,10357600.000000,105085.000000,66971.828125,889728207.714844,7037734558.515625,0.126423,2200000000.000000,0.712037
2021-11-10,88.000000,88.000000,80.367996,81.634003,5572000,10357600.000000,105085.000000,64995.230469,845532346.215820,6830023793.808594,0.123796,2200000000.000000,0.722370
2021-11-11,81.233002,83.704002,80.699997,81.835999,2878000,10357600.000000,105085.000000,64949.960938,847624538.427734,6825266645.117188,0.124189,2200000000.000000,0.721874
2021-11-12,81.101997,81.258003,78.585999,81.172997,4630000,10357600.000000,105085.000000,64155.941406,840757428.765869,6741827102.675781,0.124708,2200000000.000000,0.723504
2021-11-15,81.996002,81.996002,78.134003,79.500000,3915000,10357600.000000,105085.000000,63557.871094,823429200.000000,6678978883.886719,0.123287,2200000000.000000,0.727651
2021-11-16,76.849998,78.000000,74.841003,75.202003,4937000,10357600.000000,105085.000000,60161.246094,778912271.234131,6322044545.761719,0.123206,2200000000.000000,0.738525
2021-11-17,76.360001,76.500000,73.699997,75.300003,3576000,10357600.000000,105085.000000,60368.011719,779927311.608887,6343772511.464844,0.122944,2200000000.000000,0.738273
2021-11-18,75.051003,75.051003,71.696999,72.736000,4989000,10357600.000000,105085.000000,56942.136719,753370394.232178,5983764437.089844,0.125902,2700000000.000000,0.781845
2021-11-19,73.512001,73.900002,71.800003,71.831001,4338000,10357600.000000,105085.000000,58119.578125,743996778.875732,6107495867.265625,0.121817,2700000000.000000,0.783973
2021-11-22,72.471001,72.581001,68.838997,69.001999,3991000,10357600.000000,105085.000000,56289.289062,714695103.820801,5915159941.132812,0.120824,2700000000.000000,0.790700
2021-11-23,69.427002,70.899002,68.072998,69.677002,3459000,10357600.000000,105085.000000,57569.074219,721686515.429688,6049646164.277344,0.119294,2700000000.000000,0.789085
2021-11-24,68.800003,70.399002,68.099998,70.089996,5555000,10357600.000000,105085.000000,56280.425781,725964146.069336,5914228543.222656,0.122749,2700000000.000000,0.788099
2021-11-26,68.128998,68.128998,65.500000,66.300003,3722000,10357600.000000,105085.000000,53569.765625,686708911.608887,5629378820.703125,0.121987,2700000000.000000,0.797234
2021-11-29,69.000000,70.452003,67.132004,69.547997,5870000,10357600.000000,105085.000000,57806.566406,720350328.765869,6074603030.800781,0.118584,2700000000.000000,0.789393
2021-11-30,69.824997,72.660004,69.000000,72.142998,6640000,10357600.000000,121044.000000,57005.425781,747228313.409424,6900164758.265625,0.108291,2700000000.000000,0.783238
2021-12-01,73.264000,74.399002,70.000000,70.546997,7637000,10928600.000000,121044.000000,57229.828125,770979912.182617,6927327315.562500,0.111295,2700000000.000000,0.777878
2021-12-02,69.152000,71.184998,66.706001,68.335999,4994000,10928600.000000,121044.000000,56477.816406,746816793.591309,6836300809.078125,0.109243,2700000000.000000,0.783331
2021-12-03,67.593002,68.389000,61.624001,63.098999,8091000,10928600.000000,121044.000000,53598.246094,689583720.727539,6487746100.171875,0.106290,2700000000.000000,0.796558
2021-12-06,59.492001,60.401001,56.573002,59.646999,6396000,10928600.000000,121044.000000,50582.625000,651858197.196198,6122723260.500000,0.106465,2700000000.000000,0.805523
2021-12-07,62.099998,64.719002,62.099998,62.817001,3965000,10928600.000000,121044.000000,50700.085938,686501880.874634,6136941202.218750,0.111864,2700000000.000000,0.797283
2021-12-08,62.367001,64.150002,61.200001,63.653999,2270000,10928600.000000,121044.000000,50504.796875,695649097.062683,6113302632.937500,0.113793,2700000000.000000,0.795135
2021-12-09,62.150002,62.528000,58.743999,59.188000,3761000,10928600.000000,121044.000000,47672.121094,646841973.798370,5770424225.671875,0.112096,2700000000.000000,0.806731
2021-12-10,61.361000,61.952999,58.134998,60.084000,3514000,10928600.000000,121044.000000,47243.304688,656633998.397827,5718518572.593750,0.114826,2700000000.000000,0.804377
2021-12-13,59.494999,59.499001,56.556000,57.164001,3758000,10928600.000000,121044.000000,46737.480469,624722506.408691,5657291585.859375,0.110428,2700000000.000000,0.812098
2021-12-14,56.500000,58.450001,55.653999,58.037998,3646000,11048400.000000,121044.000000,46612.632812,641227019.306946,5642179526.156250,0.113649,2700000000.000000,0.808086
2021-12-15,57.761002,60.299999,54.799999,59.859001,5289000,11048400.000000,121044.000000,48896.722656,661346188.412476,5918654897.203125,0.111739,2700000000.000000,0.803250
2021-12-16,59.571999,60.208000,55.966000,56.694000,4018000,11048400.000000,121044.000000,47665.425781,626377992.297363,5769613798.265625,0.108565,2700000000.000000,0.811694
2021-12-17,55.355000,58.084000,52.881001,57.158001,7456000,11048400.000000,121044.000000,46202.144531,631504457.652283,5592492382.640625,0.112920,2700000000.000000,0.810445
2021-12-20,55.282001,56.365002,54.299999,54.639000,3438000,11048400.000000,121044.000000,46880.277344,603673526.925659,5674576290.796875,0.106382,2700000000.000000,0.817272
2021-12-21,56.770000,57.476002,55.678001,56.750000,2827000,11048400.000000,121044.000000,48936.613281,626996700.000000,5923483418.015625,0.105849,2700000000.000000,0.811543
2021-12-22,56.835999,57.852001,56.200001,56.999001,2714000,11048400.000000,121044.000000,48628.511719,629747757.669067,5886189572.484375,0.106987,2700000000.000000,0.810872
2021-12-23,56.830002,60.000000,56.300999,59.721001,5451000,11048400.000000,121044.000000,50784.539062,659821503.817749,6147163746.281250,0.107338,2700000000.000000,0.803614
2021-12-27,60.000000,62.152000,59.840000,60.827999,3122000,11048400.000000,121044.000000,50640.417969,672052065.422058,6129718752.609375,0.109638,2700000000.000000,0.800699
2021-12-28,59.000000,59.022999,56.262001,56.797001,3453000,11048400.000000,121044.000000,47588.855469,627515984.577942,5760345421.359375,0.108937,2700000000.000000,0.811416
2021-12-29,56.695999,56.986000,55.124001,55.609001,2771000,11048400.000000,121044.000000,46444.710938,614390488.412476,5621853590.718750,0.109286,2700000000.000000,0.814629
2021-12-30,55.588001,57.544998,55.588001,56.234001,3164000,11048400.000000,121044.000000,47178.125000,621295738.412476,5710628962.500000,0.108796,2700000000.000000,0.812936
2021-12-31,56.689999,57.500000,54.333000,54.449001,3363000,11048400.000000,121044.000000,46306.445312,601574346.098328,5605117366.406250,0.107326,2700000000.000000,0.817792
2022-01-03,55.061001,56.132999,54.299999,55.826000,3458000,11216200.000000,121044.000000,46458.117188,626155583.596039,5623476336.843750,0.111347,2700000000.000000,0.811748
2022-01-04,56.014999,57.625999,53.501999,55.106998,3947000,11216200.000000,121044.000000,45897.574219,618091115.943146,5555625973.734375,0.111255,2700000000.000000,0.813721
2022-01-05,54.175999,55.250999,50.749001,50.910000,5470000,11216200.000000,121044.000000,43569.003906,571016740.288544,5273766508.828125,0.108275,2700000000.000000,0.825431
2022-01-06,50.000000,50.849998,47.782001,49.862000,4845000,11216200.000000,121044.000000,43160.929688,559262158.923340,5224371573.093750,0.107049,2700000000.000000,0.828408
2022-01-07,49.090000,50.000000,47.120998,48.294998,4258000,11216200.000000,121044.000000,41557.902344,541686358.462524,5030334731.296875,0.107684,2700000000.000000,0.832900
2022-01-10,46.368999,48.226002,44.825001,48.195000,5597000,11216200.000000,121044.000000,41821.261719,540564755.577087,5062212803.484375,0.106784,2700000000.000000,0.833188
2022-01-11,48.230000,51.307999,47.417000,50.655998,4742000,11216200.000000,121044.000000,42735.855469,568167807.347107,5172918889.359375,0.109835,2700000000.000000,0.826151
2022-01-12,52.400002,52.998001,51.071999,51.464001,3623000,11216200.000000,121044.000000,43949.101562,577230524.672699,5319775049.531250,0.108507,2700000000.000000,0.823866
2022-01-13,52.185001,52.769001,48.750999,48.959000,3251000,11216200.000000,121044.000000,42591.570312,549133931.692505,5155454036.906250,0.106515,2700000000.000000,0.830991
2022-01-14,48.417000,50.262001,48.183998,49.956001,2645000,11216200.000000,121044.000000,43099.699219,560316501.576233,5216959992.234375,0.107403,2700000000.000000,0.828140
2022-01-18,48.480000,48.956001,46.661999,46.827999,4083000,11216200.000000,121044.000000,42375.632812,525232203.673553,5129316098.156250,0.102398,2700000000.000000,0.837149
2022-01-19,48.278999,49.199001,45.846001,46.042000,4224000,11216200.000000,121044.000000,41744.328125,516416278.346252,5052900453.562500,0.102202,2700000000.000000,0.839444
2022-01-20,46.709000,49.087002,45.549999,45.752998,4393000,11216200.000000,121044.000000,40680.417969,513174780.116272,4924120512.609375,0.104217,2700000000.000000,0.840290
2022-01-21,42.284000,43.408001,36.598999,37.589001,15707000,11216200.000000,121044.000000,36457.316406,421605749.672699,4412939407.078125,0.095539,2700000000.000000,0.864939
2022-01-24,32.000000,37.299999,31.900999,37.044998,15052000,11216200.000000,121044.000000,36654.328125,415504108.462524,4436786493.562500,0.093650,2700000000.000000,0.866633
2022-01-25,36.999001,37.939999,35.500000,36.505001,8319000,11216200.000000,121044.000000,36954.003906,409447392.980194,4473060448.828125,0.091536,2700000000.000000,0.868321
2022-01-26,39.366001,39.366001,34.595001,35.365002,7892000,11216200.000000,121044.000000,36852.121094,396660931.826019,4460728145.671875,0.088923,2700000000.000000,0.871907
2022-01-27,36.000000,36.000000,31.759001,31.945000,8723000,11216200.000000,121044.000000,37138.234375,358301505.577087,4495360441.687500,0.079705,2700000000.000000,0.882843
2022-01-28,32.868999,34.209999,30.719000,33.895000,8143000,11216200.000000,121044.000000,37784.332031,380173104.134369,4573566686.390625,0.083124,2700000000.000000,0.876574
2022-01-31,33.787998,37.080002,33.294998,36.800999,7630000,11216200.000000,121044.000000,38483.125000,412767361.481476,4658151382.500000,0.088612,2700000000.000000,0.867395
2022-02-01,38.285999,39.095001,36.269001,37.299999,6406000,11216200.000000,121044.000000,38743.273438,418364251.442719,4689640789.968750,0.089210,2700000000.000000,0.865839
2022-02-02,36.674000,36.868999,33.604000,34.883999,7402000,11216200.000000,121044.000000,36952.984375,391265908.135223,4472937040.687500,0.087474,2700000000.000000,0.873429
2022-02-03,34.000000,35.685001,33.195999,34.008999,5536000,11286000.000000,121044.000000,37154.601562,383825561.256409,4497341591.531250,0.085345,2700000000.000000,0.875536
2022-02-04,34.076000,39.858002,33.973999,39.164001,9440000,11576400.000000,121044.000000,41500.875000,453378146.557617,5023431913.500000,0.090253,2700000000.000000,0.856225
2022-02-04,34.076000,39.858002,33.973999,39.164001,9440000,11286000.000000,121044.000000,41500.875000,442004920.532227,5023431913.500000,0.087989,2700000000.000000,0.859324
2022-02-07,40.451000,43.333000,40.400002,41.347000,10874000,11286000.000000,121044.000000,43840.285156,466642243.377686,5306603476.453125,0.087936,2700000000.000000,0.852638
2022-02-08,40.875000,42.673000,40.348000,42.542999,4889000,11286000.000000,121044.000000,44118.445312,480140289.733887,5340273094.406250,0.089909,2700000000.000000,0.849019
2022-02-09,43.000000,44.660000,42.220001,44.660000,3989000,11286000.000000,121044.000000,44338.796875,504032758.277893,5366945328.937500,0.093914,2700000000.000000,0.842688
2022-02-10,43.950001,46.304001,42.453999,43.147999,6236000,11286000.000000,121044.000000,43565.113281,486968314.567566,5273295572.015625,0.092346,2700000000.000000,0.847200
2022-02-11,43.011002,44.365002,40.549999,41.101002,4972000,11286000.000000,121044.000000,42407.937500,463865905.632019,5133226386.750000,0.090365,2700000000.000000,0.853386
2022-02-14,41.470001,42.949001,40.500000,40.949001,3424000,11286000.000000,121044.000000,42586.917969,462150428.810120,5154890898.609375,0.089653,2700000000.000000,0.853849
2022-02-15,43.101002,43.827999,42.450001,43.723999,3136000,11286000.000000,121044.000000,44575.203125,493469052.978516,5395560887.062500,0.091458,2700000000.000000,0.845476
2022-02-16,42.852001,43.750999,41.603001,43.498001,3304000,11286000.000000,121044.000000,43961.859375,490918440.399170,5321319306.187500,0.092255,2700000000.000000,0.846151
2022-02-17,42.022999,42.330002,40.188000,40.459999,3753000,11285400.000000,121044.000000,40538.011719,456607273.667908,4906883090.484375,0.093054,2700000000.000000,0.855349
2022-02-18,40.459000,40.745998,38.521999,39.597000,4694000,11285400.000000,121044.000000,40030.976562,446867985.177612,4845509527.031250,0.092223,2700000000.000000,0.857996
2022-02-22,37.581001,39.000000,36.804001,37.770000,4672000,11285400.000000,121044.000000,38286.027344,426249563.166046,4634293893.796875,0.091977,2700000000.000000,0.863655
2022-02-23,39.049999,39.320000,36.299999,36.502998,3656000,11285400.000000,121044.000000,37296.570312,411950937.602234,4514526056.906250,0.091250,2700000000.000000,0.867623
2022-02-24,34.023998,39.939999,33.683998,39.695999,7313000,11285400.000000,121044.000000,38332.609375,447985228.756714,4639932369.187500,0.096550,2700000000.000000,0.857691
2022-02-25,40.299999,41.200001,39.257999,40.500000,4070000,11285400.000000,121044.000000,39214.218750,457058700.000000,4746645894.375000,0.096291,2700000000.000000,0.855226
2022-02-28,40.157001,44.712002,40.157001,44.299999,5982000,11285400.000000,121044.000000,43193.234375,499943211.389923,5228281861.687500,0.095623,2700000000.000000,0.843765
2022-03-01,46.512001,47.305000,44.969002,46.473000,6571000,11285400.000000,121044.000000,44354.636719,524466389.378357,5368862646.984375,0.097687,2700000000.000000,0.837348
2022-03-02,45.481998,46.969002,45.092999,45.929001,4028000,11285400.000000,121044.000000,43924.117188,518327146.243286,5316750840.843750,0.097489,2700000000.000000,0.838945
2022-03-03,45.509998,46.014999,42.612000,42.869999,3182000,11285400.000000,121044.000000,42451.789062,483805085.945892,5138534355.281250,0.094152,2700000000.000000,0.848042
2022-03-04,42.500000,43.362000,40.706001,41.035999,3406000,11285400.000000,121044.000000,39137.605469,463107666.478729,4737372316.359375,0.097756,2700000000.000000,0.853591
2022-03-07,41.509998,42.500000,38.842999,38.890999,4722000,11285400.000000,121044.000000,38062.039062,438900478.312683,4607181456.281250,0.095264,2700000000.000000,0.860174
2022-03-08,39.498001,42.500000,39.361000,41.035999,4432000,11285400.000000,121044.000000,38737.269531,463107666.478729,4688914053.140625,0.098767,2700000000.000000,0.853591
2022-03-09,44.200001,45.445000,43.424000,43.674999,4581000,11285400.000000,121044.000000,41982.925781,492889836.389923,5081781268.265625,0.096992,2700000000.000000,0.845629
2022-03-10,41.500000,42.298000,40.646999,42.112999,2919000,11285400.000000,121044.000000,39437.460938,475262038.490295,4773668021.718750,0.099559,2700000000.000000,0.850324
2022-03-11,42.700001,42.917999,39.049000,39.082001,3539000,11285400.000000,121044.000000,38794.972656,441056011.065674,4695898670.203125,0.093924,2700000000.000000,0.859584
2022-03-14,38.994999,39.287998,36.390999,36.993000,4932000,11285400.000000,121044.000000,39666.753906,417480802.544403,4801422559.828125,0.086949,2700000000.000000,0.866084
2022-03-15,36.907001,39.615002,36.320000,39.613998,3780000,11922700.000000,121044.000000,39338.785156,472305818.879700,4761723910.453125,0.099188,2905000000.000000,0.860153
2022-03-16,40.016998,42.949001,39.875000,42.877998,5694000,11133900.000000,121044.000000,41143.929688,477399345.851898,4980225825.093750,0.095859,2905000000.000000,0.858858
2022-03-17,42.798000,44.209999,42.500000,43.409000,3397000,10286300.000000,121044.000000,40951.378906,446518000.780869,4956918708.328125,0.090080,2905000000.000000,0.866771
2022-03-18,43.582001,45.689999,43.192001,45.428001,7102000,10286300.000000,121044.000000,41801.156250,467286050.839996,5059779157.125000,0.092353,2905000000.000000,0.861433
2022-03-21,45.106998,45.450001,43.028999,43.647999,3502000,10286300.000000,121044.000000,41077.996094,448976410.157394,4972244959.171875,0.090297,2905000000.000000,0.866136
2022-03-22,45.015999,46.770000,44.882999,45.994999,4344000,10286300.000000,121044.000000,42358.808594,473118357.513046,5127279627.421875,0.092275,2905000000.000000,0.859946
2022-03-23,45.515999,47.030998,44.700001,45.069000,2536000,10286300.000000,121044.000000,42892.957031,463593257.211304,5191935090.890625,0.089291,2905000000.000000,0.862378
2022-03-24,45.966000,48.473999,45.099998,48.391998,4390000,10286300.000000,121044.000000,43960.933594,497774612.020874,5321207245.921875,0.093545,2905000000.000000,0.853715
2022-03-25,49.369999,49.393002,46.094002,47.242001,4124000,10286300.000000,121044.000000,44348.730469,485945390.564346,5368147730.859375,0.090524,2905000000.000000,0.856693
2022-03-28,49.604000,51.233002,48.799999,51.000000,4265000,10286300.000000,121044.000000,47128.003906,524601300.000000,5704562104.828125,0.091962,2905000000.000000,0.847037
2022-03-29,51.000000,52.279999,49.536999,52.000000,3639000,10286300.000000,121044.000000,47465.730469,534887600.000000,5745441878.859375,0.093098,2905000000.000000,0.844504
2022-03-30,50.619999,51.599998,49.703999,50.069000,2784000,10286300.000000,121044.000000,47062.664062,515024757.211304,5696653108.781250,0.090408,2905000000.000000,0.849409
2022-03-31,50.493000,50.654999,48.561001,48.632000,3330000,10286300.000000,129218.000000,45538.675781,500243341.286087,5884416607.101562,0.085012,2905000000.000000,0.853096
2022-04-01,48.956001,49.799999,47.880001,49.098000,2708000,10286300.000000,129218.000000,46281.644531,505036753.005219,5980421543.039062,0.084448,2905000000.000000,0.851897
2022-04-04,49.172001,50.330002,48.855000,50.125999,2667000,10286300.000000,129218.000000,46622.675781,515611068.149567,6024488919.101562,0.085586,2905000000.000000,0.849263
2022-04-05,50.856998,50.856998,47.122002,48.728001,4540000,10286300.000000,129218.000000,45555.992188,501230832.992172,5886654198.484375,0.085147,2905000000.000000,0.852849
2022-04-06,47.292000,47.685001,44.759998,45.511002,4307000,10286300.000000,129218.000000,43206.738281,468139815.623474,5583088307.226562,0.083850,2905000000.000000,0.861215
2022-04-07,45.549999,46.770000,44.599998,46.361000,3427000,10286300.000000,129218.000000,43503.847656,476883154.927826,5621480186.445312,0.084832,2905000000.000000,0.858989
2022-04-08,45.908001,47.060001,45.280998,45.324001,2749000,10286300.000000,129218.000000,42287.664062,466216274.698257,5464327374.828125,0.085320,2905000000.000000,0.861707
2022-04-11,44.122002,44.750999,42.502998,43.639000,3567000,10286300.000000,129218.000000,39521.902344,448883845.072174,5106941177.054688,0.087897,2905000000.000000,0.866160
2022-04-12,44.799999,47.606998,43.749001,44.345001,4923000,10286300.000000,129218.000000,40127.183594,456145986.056519,5185154409.617188,0.087972,2905000000.000000,0.864289
2022-04-13,44.125000,46.659000,44.125000,46.358002,2613000,10286300.000000,129218.000000,41166.730469,476852312.979126,5319482577.710938,0.089643,2905000000.000000,0.858997
2022-04-14,46.402000,46.974998,44.643002,44.918999,2565000,10286300.000000,129218.000000,39935.515625,462050296.515656,5160387458.031250,0.089538,2905000000.000000,0.862773
2022-04-18,44.779999,45.216000,43.131001,44.589001,2523000,10286300.000000,129218.000000,40826.214844,458655837.919998,5275481829.679688,0.086941,2905000000.000000,0.863644
2022-04-19,45.000000,47.117001,44.299999,47.113998,2848000,10286300.000000,129218.000000,41502.750000,484628721.876526,5362902349.500000,0.090367,2905000000.000000,0.857026
2022-04-20,47.660000,47.728001,44.645000,44.903000,2821000,10286300.000000,129218.000000,41374.378906,461885727.644348,5346314493.507812,0.086393,2905000000.000000,0.862815
2022-04-21,46.102001,47.187000,42.581001,42.785999,4163000,11297500.000000,129218.000000,40527.363281,483374827.070236,5236864828.476562,0.092302,2905000000.000000,0.857343
2022-04-22,42.492001,43.698002,40.799999,40.908001,3543000,11297500.000000,129218.000000,39740.320312,462158140.687943,5135164710.140625,0.089999,2905000000.000000,0.862745
2022-04-25,40.507999,42.799999,40.397999,42.799999,3293000,11297500.000000,129218.000000,40458.308594,483532991.380692,5227941719.867188,0.092490,2905000000.000000,0.857303
2022-04-26,42.599998,42.743999,39.034000,39.101002,3749000,11297500.000000,129218.000000,38117.460938,441743567.152023,4925462067.421875,0.089686,2905000000.000000,0.868008
2022-04-27,39.320000,40.596001,38.365002,38.577999,3073000,11297500.000000,129218.000000,39241.121094,435834945.001602,5070659185.492188,0.085952,2905000000.000000,0.869543
2022-04-28,39.299999,40.405998,36.965000,40.049000,4053000,11297500.000000,129218.000000,39773.828125,452453575.086594,5139494522.656250,0.088035,2905000000.000000,0.865239
2022-04-29,39.299999,41.000000,35.299999,35.417000,5480000,11297500.000000,129218.000000,38609.824219,400123555.431366,4989084265.898438,0.080200,2905000000.000000,0.878938
2022-05-02,35.601002,36.952999,34.370998,36.591000,5159000,11297500.000000,129218.000000,38529.328125,413386818.017960,4978682721.656250,0.083031,2905000000.000000,0.875425
2022-05-03,36.400002,36.894001,34.008999,34.340000,4752000,11297500.000000,129218.000000,37750.453125,387956151.723862,4878038051.906250,0.079531,2905000000.000000,0.882186
2022-05-04,35.000999,36.862000,32.525002,36.644001,8104000,12038100.000000,129218.000000,39698.371094,441124148.523331,5129744115.992188,0.085993,2905000000.000000,0.868169
2022-05-05,35.661999,35.734001,30.559999,31.452000,8594000,11297500.000000,129218.000000,36575.140625,355328966.207504,4726166521.281250,0.075183,2905000000.000000,0.891014
2022-05-06,30.906000,31.000000,28.254999,29.424000,12082000,11297500.000000,129218.000000,36040.921875,332417637.586594,4657135842.843750,0.071378,2905000000.000000,0.897320
2022-05-09,27.125000,27.125000,21.412001,21.905001,19280000,11297500.000000,129218.000000,30296.953125,247471745.257378,3914911688.906250,0.063213,2905000000.000000,0.921499
2022-05-10,23.959000,24.952000,20.837000,22.552000,17051000,11297500.000000,129218.000000,31022.906250,254781220.517159,4008717899.812500,0.063557,2905000000.000000,0.919367
2022-05-11,20.000000,21.775999,16.500000,16.820000,36188000,11297500.000000,129218.000000,28936.355469,190023946.552277,3739097980.960938,0.050821,2905000000.000000,0.938603
2022-05-12,15.319000,20.525999,13.409000,17.118000,46929000,11297500.000000,129218.000000,29047.751953,193390605.344772,3753492411.878906,0.051523,2905000000.000000,0.937584
2022-05-13,20.205999,22.000000,19.330000,20.457001,25234000,11297500.000000,129218.000000,29283.103516,231112965.774536,3783904070.082031,0.061078,2905000000.000000,0.926306
2022-05-16,20.000000,20.841000,19.301001,20.150999,10089000,11297500.000000,129218.000000,29862.917969,227655911.984444,3858826534.085938,0.058996,2905000000.000000,0.927328
2022-05-17,21.000000,22.596001,20.504000,22.487000,10171000,11469100.000000,129218.000000,30425.857422,257905646.099854,3931568444.339844,0.065599,2905000000.000000,0.918459
2022-05-18,21.688000,22.388000,19.554001,19.743999,9953000,11469100.000000,129218.000000,28720.271484,226445904.449844,3711176040.667969,0.061017,2905000000.000000,0.927686
2022-05-19,20.479000,22.032000,19.805000,21.077000,8015000,11297500.000000,129218.000000,30314.333984,238117403.707504,3917157608.792969,0.060788,2905000000.000000,0.924242
2022-05-20,21.452000,21.948999,18.900000,20.275000,9193000,11297500.000000,129218.000000,29200.740234,229056808.190346,3773261251.605469,0.060705,2905000000.000000,0.926914
2022-05-23,21.164000,21.500000,19.830000,20.437000,8985000,11297500.000000,129218.000000,29098.910156,230887010.602951,3760102972.570312,0.061404,2905000000.000000,0.926373
2022-05-24,20.059999,20.132999,18.440001,19.301001,8067000,11297500.000000,129218.000000,29655.585938,218053054.223061,3832035503.671875,0.056903,2905000000.000000,0.930180
2022-05-25,19.073000,20.343000,19.028999,19.812000,5391000,11297500.000000,129218.000000,29562.361328,223826073.102951,3819989206.097656,0.058593,2905000000.000000,0.928463
2022-05-26,18.021999,22.070999,17.610001,21.610001,9678000,11297500.000000,129218.000000,29267.224609,244138981.895447,3781852229.574219,0.064555,2905000000.000000,0.922474
2022-05-27,22.028000,23.386999,21.280001,21.938999,9706000,11297500.000000,129218.000000,28627.574219,247855843.191147,3699197885.398438,0.067003,2905000000.000000,0.921387
2022-05-31,23.517000,27.288000,22.851999,26.469000,15527000,11297500.000000,129218.000000,31792.310547,299033525.948524,4108138784.246094,0.072791,2905000000.000000,0.906670
2022-06-01,26.135000,26.700001,23.299999,23.813999,8710000,9364040.000000,129218.000000,29799.080078,222995240.844269,3850577529.535156,0.057912,2905000000.000000,0.928710
2022-06-02,23.282000,25.080000,23.181999,24.445999,5960000,11297500.000000,129218.000000,30467.488281,276178675.346375,3936947900.726562,0.070150,2905000000.000000,0.913184
2022-06-03,23.938000,23.938000,22.355000,22.722000,4992000,11297500.000000,129218.000000,29704.390625,256701796.379089,3838341947.781250,0.066878,2905000000.000000,0.918809
2022-06-06,24.395000,24.877001,23.236000,23.544001,5854000,11297500.000000,129218.000000,31370.671875,265988347.067833,4053655478.343750,0.065617,2905000000.000000,0.916118
2022-06-07,22.170000,24.249001,21.808001,24.000000,6667000,11297500.000000,129218.000000,31155.478516,271140000.000000,4025848622.832031,0.067350,2905000000.000000,0.914632
2022-06-08,23.688000,24.698999,23.219000,23.289000,3108000,11297500.000000,129218.000000,30214.355469,263107472.500801,3904238584.960938,0.067390,2905000000.000000,0.916951
2022-06-09,23.132999,23.353001,21.636000,21.775999,5243000,11297500.000000,129218.000000,30111.998047,246014349.484444,3891012163.621094,0.063226,2905000000.000000,0.921925
2022-06-10,21.188999,21.386000,19.780001,20.336000,7816000,11297500.000000,129218.000000,29083.804688,229745964.999199,3758151074.109375,0.061133,2905000000.000000,0.926710
2022-06-13,14.931000,16.798000,14.390000,15.215000,36775000,11297500.000000,129218.000000,22487.388672,171891464.223862,2905775389.402344,0.059155,2905000000.000000,0.944135
2022-06-14,14.901000,16.868000,14.530000,15.687000,18926000,15100000.000000,129218.000000,22206.792969,236873704.147339,2869517373.835938,0.082548,2905000000.000000,0.924608
2022-06-15,16.025000,17.688000,15.610000,17.134001,18770000,15100000.000000,129218.000000,22572.839844,258723411.750793,2916817218.929688,0.088701,2905000000.000000,0.918222
2022-06-16,16.087000,16.702999,15.446000,16.134001,11403000,11297500.000000,129218.000000,20381.650391,182273873.791695,2633676100.175781,0.069209,2905000000.000000,0.940960
2022-06-17,15.803000,16.856001,15.751000,16.760000,12302000,11297500.000000,129218.000000,20471.482422,189346102.585793,2645284015.589844,0.071579,2905000000.000000,0.938809
2022-06-21,17.094000,19.482000,16.997999,17.896000,11347000,11297500.000000,129218.000000,20710.597656,202180058.965683,2676182007.945312,0.075548,2905000000.000000,0.934931
2022-06-22,17.725000,18.700001,16.827999,17.091000,7494000,11297500.000000,129218.000000,19987.029297,193085568.017960,2582683951.683594,0.074762,2905000000.000000,0.937676
2022-06-23,17.700001,18.903000,16.893000,18.830999,6691000,11297500.000000,129218.000000,21085.876953,212743215.432167,2724674848.128906,0.078080,2905000000.000000,0.931764
2022-06-24,19.500000,20.799000,19.400000,20.544001,9965000,11297500.000000,129218.000000,21231.656250,232095847.067833,2743512157.312500,0.084598,2905000000.000000,0.926016
2022-06-27,20.250999,20.613001,18.499001,19.673000,7685000,11297500.000000,129218.000000,20735.478516,222255721.292496,2679397062.832031,0.082950,2905000000.000000,0.928929
2022-06-28,19.764000,20.370001,18.471001,18.612000,6332000,11297500.000000,129218.000000,20280.634766,210269064.483643,2620623063.144531,0.080236,2905000000.000000,0.932504
2022-06-29,18.030001,18.423000,17.250999,17.969000,7621000,11297500.000000,129218.000000,20104.023438,203004775.948524,2597801700.546875,0.078145,2905000000.000000,0.934683
2022-06-30,17.280001,17.542000,16.273001,16.430000,7792000,11297500.000000,129699.000000,19784.726562,185617928.447723,2566059250.429688,0.072336,2905000000.000000,0.939941
2022-07-01,16.797001,17.216999,16.139000,16.677000,7855000,11297500.000000,129699.000000,19269.367188,188408408.017159,2499217654.851562,0.075387,2905000000.000000,0.939094
2022-07-05,16.584000,18.839001,16.002001,18.768000,8087000,11297500.000000,129699.000000,20190.115234,212031476.035118,2618637755.783203,0.080970,2905000000.000000,0.931976
2022-07-06,18.576000,19.358999,18.316999,18.830000,6360000,11297500.000000,129699.000000,20548.246094,212731924.138069,2665086970.113281,0.079822,2905000000.000000,0.931767
2022-07-07,19.070000,22.052000,18.982000,21.951000,11958000,11260300.000000,129699.000000,21637.587891,247174847.705460,2806373511.826172,0.088076,2905000000.000000,0.921586
2022-07-08,21.312000,23.628000,20.667999,22.128000,11523000,11260300.000000,129699.000000,21731.117188,249167921.320915,2818504168.101562,0.088404,2905000000.000000,0.921004
2022-07-11,21.035000,21.330000,19.799999,20.090000,6955000,11260300.000000,129699.000000,19970.556641,226219428.718185,2590161225.732422,0.087338,2905000000.000000,0.927754
2022-07-12,19.652000,20.334999,18.815001,19.252001,5886000,11260300.000000,129699.000000,19323.914062,216783304.706383,2506292329.992188,0.086496,2905000000.000000,0.930558
2022-07-13,18.674999,20.327000,18.245001,19.555000,5641000,11260300.000000,129699.000000,20212.074219,220195169.936371,2621485814.097656,0.083996,2905000000.000000,0.929542
2022-07-14,19.329000,20.548000,18.688000,20.459000,7228000,11260300.000000,129699.000000,20569.919922,230374473.576355,2667898043.947266,0.086351,2905000000.000000,0.926524
2022-07-15,20.900000,21.419001,20.229000,21.398001,4887000,11260300.000000,129699.000000,20836.328125,240947907.475471,2702450921.484375,0.089159,2905000000.000000,0.923410
2022-07-18,23.011999,24.657000,22.424999,22.563000,10676000,11260300.000000,129699.000000,22485.689453,254066145.807266,2916371436.380859,0.087117,2905000000.000000,0.919576
2022-07-19,23.943001,26.879999,23.033001,26.716999,11810000,11260300.000000,129699.000000,23389.433594,300841424.447250,3033586147.675781,0.099170,2905000000.000000,0.906158
2022-07-20,27.850000,29.950001,27.150999,28.877001,16179000,11260300.000000,129699.000000,23231.732422,325163692.206383,3013132463.384766,0.107915,2905000000.000000,0.899335
2022-07-21,27.903999,29.049999,27.138000,28.971001,8100000,11260300.000000,129699.000000,23164.628906,326222158.860016,3004429204.511719,0.108580,2905000000.000000,0.899041
2022-07-22,29.406000,29.804001,27.392000,28.191999,6543000,11260300.000000,129699.000000,22714.978516,317450371.242714,2946109998.498047,0.107752,2905000000.000000,0.901488
2022-07-25,26.702000,27.559999,26.201000,26.586000,4826000,11260300.000000,129699.000000,21361.701172,299366340.782738,2770591280.291016,0.108051,2905000000.000000,0.906575
2022-07-26,24.882999,25.598000,23.568001,23.764000,6626000,11260300.000000,129699.000000,21239.753906,267589768.512726,2754774841.886719,0.097137,2905000000.000000,0.915656
2022-07-27,24.728001,26.815001,24.125000,26.240000,7089000,11260300.000000,129699.000000,22930.548828,295470269.422722,2974069252.458984,0.099349,2905000000.000000,0.907679
2022-07-28,26.000000,27.681999,25.556000,27.572001,5934000,11260300.000000,129699.000000,23843.886719,310468997.270012,3092528263.535156,0.100393,2905000000.000000,0.903445
2022-07-29,27.000000,28.797001,26.757000,28.606001,6157000,11871000.000000,129699.000000,23804.632812,339581836.687088,3087437071.148438,0.109988,2905000000.000000,0.895339
2022-08-01,27.653000,28.750000,27.146000,27.573999,5203000,11871000.000000,129699.000000,23314.199219,327330946.935654,3023828324.472656,0.108251,2905000000.000000,0.898732
2022-08-02,28.089001,29.524000,27.573999,27.826000,6061000,11871000.000000,129699.000000,22978.117188,330322448.535919,2980238821.101562,0.110838,2905000000.000000,0.897901
2022-08-03,28.375999,32.455002,28.341000,31.368000,12502000,11871000.000000,129699.000000,22846.507812,372369528.362274,2963169216.773438,0.125666,2905000000.000000,0.886382
2022-08-04,31.989000,33.223000,30.452999,30.931000,8922000,10021900.000000,129699.000000,22630.957031,309987386.453247,2935212495.996094,0.105610,2905000000.000000,0.903581
2022-08-05,30.874001,33.097000,30.544001,31.915001,6914000,11460600.000000,129699.000000,23289.314453,365765059.492493,3020600795.255859,0.121090,2905000000.000000,0.888171
2022-08-08,33.564999,35.194000,32.744999,33.000999,6203000,11460600.000000,129699.000000,23809.486328,378211254.304504,3088066567.271484,0.122475,2905000000.000000,0.884804
2022-08-09,32.000000,32.653000,31.424999,31.938000,3268000,11460600.000000,129699.000000,23164.318359,366028639.652252,3004388926.892578,0.121831,2905000000.000000,0.888100
2022-08-10,34.700001,34.700001,32.750000,33.580002,5381000,11460600.000000,129699.000000,23947.642578,384846968.984985,3105985294.740234,0.123905,2905000000.000000,0.883020
2022-08-11,35.500000,36.196999,33.006001,33.699001,6054000,11460600.000000,129699.000000,23957.529297,386210774.439240,3107267592.275391,0.124293,2905000000.000000,0.882654
2022-08-12,33.699001,35.330002,33.099998,35.284000,4255000,11460600.000000,129699.000000,24402.818359,404375814.946747,3165021138.392578,0.127764,2905000000.000000,0.877809
2022-08-15,34.646000,35.832001,34.500000,34.908001,3050000,11460600.000000,129699.000000,24136.972656,400066635.642242,3130541216.542969,0.127795,2905000000.000000,0.878954
2022-08-16,34.448002,35.027000,33.026001,34.264000,3379000,11460600.000000,129699.000000,23883.291016,392685997.700500,3097638961.435547,0.126769,2905000000.000000,0.880921
2022-08-17,33.500000,33.799999,32.014000,32.520000,3292000,11460600.000000,129699.000000,23335.998047,372698717.246246,3026655610.681641,0.123139,2905000000.000000,0.886293
2022-08-18,32.103001,32.799999,31.843000,32.438000,2444000,11460600.000000,129699.000000,23212.738281,371758939.652252,3010668942.339844,0.123481,2905000000.000000,0.886547
2022-08-19,29.941999,30.395000,28.176001,28.299999,7575000,11460600.000000,129699.000000,20877.552734,324334971.256256,2707797712.095703,0.119778,2905000000.000000,0.899566
2022-08-22,27.301001,27.969000,26.608000,26.809000,4507000,11460600.000000,129699.000000,21398.908203,307247225.574875,2775416995.037109,0.110703,2905000000.000000,0.904351
2022-08-23,27.190001,28.327000,25.882999,26.580000,5319000,11929400.000000,129699.000000,21528.087891,317083451.089859,2792171471.326172,0.113562,2905000000.000000,0.901591
2022-08-24,26.570000,27.671000,26.398001,27.441000,2485000,11300900.000000,129699.000000,21395.019531,310107996.727562,2774912638.183594,0.111754,2905000000.000000,0.903547
2022-08-25,27.785999,28.046000,26.719000,27.281000,2764000,11300900.000000,129699.000000,21600.904297,308299854.451942,2801615686.400391,0.110044,2905000000.000000,0.904055
2022-08-26,27.500000,27.500000,24.799999,24.920000,6049000,11300900.000000,129699.000000,20260.019531,281618428.862190,2627704273.183594,0.107173,2905000000.000000,0.911625
2022-08-29,24.136999,25.420000,24.111000,24.496000,4928000,11300900.000000,129699.000000,20297.994141,276826849.676323,2632629542.044922,0.105152,2905000000.000000,0.912998
2022-08-30,25.004000,25.299999,23.500999,24.023001,4949000,11300900.000000,129699.000000,19796.808594,271481528.804588,2567626277.800781,0.105732,2905000000.000000,0.914534
2022-08-31,24.827000,25.150000,22.271000,23.156000,9374000,11300900.000000,129699.000000,20049.763672,261683641.951942,2600434298.478516,0.100631,2905000000.000000,0.917364
2022-09-01,22.000999,22.855000,21.329000,22.091999,5681000,11300900.000000,129699.000000,20127.140625,249659472.108841,2610470011.921875,0.095638,2905000000.000000,0.920860
2022-09-02,22.610001,22.775000,21.565001,21.806000,4235000,11300900.000000,129699.000000,19969.771484,246427422.640991,2590059391.751953,0.095144,2905000000.000000,0.921805
2022-09-06,21.853001,22.000000,20.290001,20.424999,8007000,11300900.000000,129699.000000,18837.667969,230820873.878098,2443226697.878906,0.094474,2905000000.000000,0.926392
2022-09-07,20.399000,22.188000,20.378000,21.861000,5632000,11300900.000000,129699.000000,19290.324219,247048975.589752,2501935760.847656,0.098743,2905000000.000000,0.921623
2022-09-08,21.447001,23.469999,21.173000,23.450001,5286000,11300900.000000,129699.000000,19329.833984,265006113.621902,2507060137.939453,0.105704,2905000000.000000,0.916402
2022-09-09,24.941000,26.221001,24.514000,26.197001,9128000,11300900.000000,129699.000000,21381.152344,296049682.990456,2773114077.832031,0.106757,2905000000.000000,0.907515
2022-09-12,26.320999,26.799000,25.011999,26.298000,8998000,11300900.000000,129699.000000,22370.449219,297191071.993637,2901424893.222656,0.102429,2905000000.000000,0.907191
2022-09-13,24.184999,24.635000,22.952000,23.125000,8111000,11300900.000000,129699.000000,20296.707031,261333312.500000,2632462605.246094,0.099273,2905000000.000000,0.917465
2022-09-14,23.010000,23.125000,22.135000,22.599001,5403000,11306100.000000,129699.000000,20241.089844,255506564.423561,2625249111.644531,0.097327,2905000000.000000,0.919156
2022-09-15,22.290001,23.670000,21.605000,21.694000,8432000,11306100.000000,129699.000000,19701.210938,245274536.160278,2555227357.382812,0.095989,2905000000.000000,0.922142
2022-09-16,21.152000,21.504999,20.322001,20.634001,9951000,11306100.000000,129699.000000,19772.583984,233290076.198387,2564484370.189453,0.090970,2905000000.000000,0.925663
2022-09-19,19.927000,20.709000,19.632000,20.620001,8184000,11306100.000000,129699.000000,19544.128906,233131791.488457,2534853975.011719,0.091971,2905000000.000000,0.925710
2022-09-20,20.000000,20.150000,19.341999,19.660000,7615000,11313800.000000,129699.000000,18890.789062,222429306.273651,2450116450.617188,0.090783,2905000000.000000,0.928878
2022-09-21,19.830999,20.833000,19.403999,19.591999,6621000,11306100.000000,129699.000000,18547.400391,221509100.503922,2405579283.263672,0.092081,2905000000.000000,0.929151
2022-09-22,19.688999,19.843000,18.622999,19.232000,7610000,11306100.000000,129699.000000,19413.550781,217438919.167900,2517918122.777344,0.086357,2905000000.000000,0.930362
2022-09-23,18.870001,19.191999,18.349001,19.145000,5995000,11306100.000000,129699.000000,19297.638672,216455289.675522,2502884438.103516,0.086482,2905000000.000000,0.930656
2022-09-26,19.181999,20.549999,19.150000,20.018000,5852000,11306100.000000,129699.000000,19222.671875,226325505.832100,2493161319.515625,0.090779,2905000000.000000,0.927722
2022-09-27,21.284000,21.922001,20.100000,20.607000,6754000,11306100.000000,129699.000000,19110.546875,232984806.667900,2478618819.140625,0.093998,2905000000.000000,0.925753
2022-09-28,20.760000,22.186001,20.750000,22.047001,4656000,11306100.000000,129699.000000,19426.720703,249265596.706009,2519626248.474609,0.098930,2905000000.000000,0.920975
2022-09-29,21.424999,21.631001,20.555000,21.181999,3967000,11306100.000000,129699.000000,19573.050781,239485801.229095,2538605113.277344,0.094338,2905000000.000000,0.923839
2022-09-30,20.851000,22.604000,20.711000,21.226000,4006000,11306100.000000,129699.000000,19431.789062,239983276.702309,2520283609.617188,0.095221,2905000000.000000,0.923693
2022-10-03,21.389999,22.841999,21.214001,22.452000,4335000,11306100.000000,129699.000000,19623.580078,253844553.404617,2545158712.552734,0.099736,2905000000.000000,0.919640
2022-10-04,23.584000,24.912001,23.500000,24.874001,6507000,10688700.000000,129699.000000,20336.843750,265870729.671478,2637668297.531250,0.100798,2905000000.000000,0.916152
2022-10-05,24.094000,24.575001,23.243999,24.219000,5251000,10688700.000000,129699.000000,20160.716797,258869623.832130,2614824807.837891,0.099001,2905000000.000000,0.918179
2022-10-06,24.219000,24.917000,23.625000,24.167000,2700000,10688700.000000,129699.000000,19955.443359,258313810.942841,2588201048.267578,0.099804,2905000000.000000,0.918341
2022-10-07,23.400000,23.600000,21.766001,22.030001,3726000,11306100.000000,129699.000000,19546.849609,249073390.763283,2535206847.486328,0.098246,2905000000.000000,0.921031
2022-10-10,21.962000,23.186001,21.525999,22.065001,3709000,11306100.000000,129699.000000,19141.484375,249469102.538109,2482631381.953125,0.100486,2905000000.000000,0.920916
2022-10-11,22.121000,22.726000,21.221001,21.636999,3473000,11306100.000000,129699.000000,19051.417969,244630075.866508,2470949859.128906,0.099002,2905000000.000000,0.922331
2022-10-12,21.818001,21.886999,20.551001,21.837999,2681000,11306100.000000,129699.000000,19157.445312,246902604.381752,2484701499.585938,0.099369,2905000000.000000,0.921666
2022-10-13,20.148001,22.299999,19.813000,22.054001,5920000,11306100.000000,129699.000000,19382.904297,249344739.060974,2513943304.400391,0.099185,2905000000.000000,0.920952
2022-10-14,22.334000,22.879000,20.743000,20.931000,3888000,11306100.000000,129699.000000,19185.656250,236647976.339722,2488360429.968750,0.095102,2905000000.000000,0.924674
2022-10-17,22.000000,22.627001,21.881001,22.113001,3344000,11306100.000000,129699.000000,19550.757812,250011799.133492,2535713737.523438,0.098596,2905000000.000000,0.920757
2022-10-18,23.020000,23.531000,21.964001,23.500000,6103000,11306100.000000,129699.000000,19334.416016,265693350.000000,2507654422.810547,0.105953,2905000000.000000,0.916203
2022-10-19,22.808001,23.448999,22.396000,22.608000,2712000,11306100.000000,129699.000000,19139.535156,255608306.557274,2482378570.230469,0.102969,2905000000.000000,0.919127
2022-10-20,22.823000,23.489000,21.922001,22.101000,2675000,11306100.000000,129699.000000,19053.740234,249876114.202309,2471251054.658203,0.101113,2905000000.000000,0.920797
2022-10-21,21.855000,23.443001,21.649000,23.261999,3626000,11565500.000000,129699.000000,19172.468750,269036650.940895,2486650024.406250,0.108192,2905000000.000000,0.915238
2022-10-24,23.299999,24.493999,22.636000,23.760000,3513000,11565500.000000,129699.000000,19345.572266,274796282.647133,2509101377.279297,0.109520,2905000000.000000,0.913581
2022-10-25,24.000000,27.000000,24.000000,26.868999,6402000,11565500.000000,129699.000000,20095.857422,310753413.499832,2606412611.759766,0.119226,2905000000.000000,0.903365
2022-10-26,26.955000,29.000000,26.688000,27.271999,6650000,11565500.000000,129699.000000,20770.441406,315414308.588028,2693905479.949219,0.117084,2905000000.000000,0.902058
2022-10-27,27.673000,27.900000,26.500000,27.056000,2473000,11565500.000000,129699.000000,20285.835938,312916165.176392,2631052635.257812,0.118932,2905000000.000000,0.902758
2022-10-28,26.919001,28.093000,26.461000,27.999001,4325000,11565500.000000,129699.000000,20595.351562,323822440.853119,2671196502.304688,0.121227,2905000000.000000,0.899709
2022-10-31,27.889999,28.388000,26.045000,26.750999,3519000,11565500.000000,129699.000000,20495.773438,309388684.146881,2658281319.070312,0.116387,2905000000.000000,0.903749
2022-11-01,27.594999,27.844999,25.719000,25.719999,3111000,11565500.000000,129699.000000,20485.273438,297464652.058601,2656919479.570312,0.111958,2905000000.000000,0.907114
2022-11-02,25.889000,27.879000,24.551001,24.823000,6411000,11565500.000000,129699.000000,20159.503906,287090405.970573,2614667497.136719,0.109800,2905000000.000000,0.910062
2022-11-03,24.201000,26.139999,24.136000,24.844000,2616000,11565500.000000,129699.000000,20209.988281,287333280.411720,2621215270.089844,0.109618,2905000000.000000,0.909993
2022-11-04,26.112000,27.735001,25.063000,27.709999,6713000,11565500.000000,129699.000000,21147.230469,320479994.411469,2742774644.566406,0.116845,2905000000.000000,0.900641
2022-11-07,27.141001,27.379999,26.000000,26.664000,3758000,11565500.000000,129699.000000,20602.816406,308382486.882210,2672164685.074219,0.115405,2905000000.000000,0.904032
2022-11-08,24.799999,26.664000,19.351000,21.184000,31238000,11565500.000000,129699.000000,18541.271484,245003552.176476,2404784370.251953,0.101882,2905000000.000000,0.922221
2022-11-09,19.500000,20.906000,16.850000,17.035999,27419000,11565500.000000,129699.000000,15880.780273,197029849.882126,2059721320.684570,0.095658,2905000000.000000,0.936484
2022-11-10,18.900000,19.837999,17.292999,17.500000,19092000,11565500.000000,129699.000000,17586.771484,202396250.000000,2280986674.751953,0.088732,2905000000.000000,0.934866
2022-11-11,16.252001,17.809999,15.530000,17.518000,16441000,11565500.000000,129699.000000,17034.292969,202604424.941063,2209330763.753906,0.091704,2905000000.000000,0.934804
2022-11-14,17.131001,17.910000,16.434999,16.590000,7970000,11565500.000000,129699.000000,16618.199219,191871646.764755,2155363820.472656,0.089021,2905000000.000000,0.938043
2022-11-15,17.400000,17.747000,16.513000,17.153000,7028000,11565500.000000,129699.000000,16884.613281,198383020.088196,2189917457.964844,0.090589,2905000000.000000,0.936075
2022-11-16,16.353001,17.048000,16.000000,16.944000,6819000,11565500.000000,129699.000000,16669.439453,195965834.823608,2162009627.630859,0.090641,2905000000.000000,0.936805
2022-11-17,16.565001,17.549999,16.212999,17.388000,4997000,11565500.000000,129699.000000,16687.517578,201100919.647217,2164354342.365234,0.092915,2905000000.000000,0.935256
2022-11-18,17.700001,17.715000,16.212999,17.011999,8230000,11565500.000000,129699.000000,16697.777344,196752275.940895,2165685023.707031,0.090850,2905000000.000000,0.936567
2022-11-21,16.500000,17.065001,15.234000,15.722000,9077000,11565500.000000,129699.000000,15787.284180,181832792.411804,2047594970.821289,0.088803,2905000000.000000,0.941094
2022-11-22,16.000000,16.799999,15.556000,16.708000,5856000,11565500.000000,129699.000000,16189.769531,193236376.117706,2099796918.433594,0.092026,2905000000.000000,0.937630
2022-11-23,16.844999,17.672001,16.621000,17.639000,4798000,11565500.000000,129699.000000,16610.707031,204003853.794098,2154392091.246094,0.094692,2905000000.000000,0.934383
2022-11-25,17.202999,18.299999,17.202000,18.299999,2634000,11565500.000000,129699.000000,16521.841797,211648641.176224,2142866359.212891,0.098769,2905000000.000000,0.932091
2022-11-28,17.872000,18.143000,16.916000,17.667000,6597000,11565500.000000,129699.000000,16217.322266,204327686.382294,2103370480.529297,0.097143,2905000000.000000,0.934286
2022-11-29,18.020000,18.250999,17.563999,18.200001,5440000,11565500.000000,129699.000000,16444.982422,210492108.823776,2132897775.134766,0.098688,2905000000.000000,0.932437
2022-11-30,18.920000,19.832001,18.100000,19.809000,6612000,11565500.000000,129699.000000,17168.566406,229100989.676476,2226745894.324219,0.102886,2905000000.000000,0.926901
2022-12-01,19.719000,20.653000,19.600000,19.898001,4236000,11565500.000000,129699.000000,16967.132812,230130327.294350,2200620158.648438,0.104575,2905000000.000000,0.926596
2022-12-02,19.568001,21.149000,19.534000,20.694000,5932000,11565500.000000,129699.000000,17088.660156,239336459.823608,2216382133.605469,0.107985,2905000000.000000,0.923883
2022-12-05,20.850000,21.073000,18.725000,19.566999,7714000,11565500.000000,129699.000000,16974.826172,226302131.970406,2201617979.666016,0.102789,2905000000.000000,0.927729
2022-12-06,19.459999,19.784000,18.739000,19.552000,3850000,11565500.000000,129699.000000,17089.503906,226128656.529427,2216491567.136719,0.102021,2905000000.000000,0.927780
2022-12-07,19.261000,19.896999,19.028000,19.349001,2965000,11565500.000000,129699.000000,16848.126953,223780870.265007,2185185217.693359,0.102408,2905000000.000000,0.928477
2022-12-08,19.450001,20.327000,19.023001,20.257000,3169000,11565500.000000,129699.000000,17233.474609,234282333.147049,2235164423.361328,0.104817,2905000000.000000,0.925371
2022-12-09,20.101000,20.348000,19.642000,20.325001,4064000,11565500.000000,129699.000000,17133.152344,235068796.323776,2222152725.832031,0.105784,2905000000.000000,0.925139
2022-12-12,19.900000,20.049000,19.479000,19.615999,4077000,11565500.000000,129699.000000,17206.437500,226868838.999748,2231657737.312500,0.101659,2905000000.000000,0.927561
2022-12-13,20.645000,21.184000,19.552000,20.181000,4384000,11565500.000000,129699.000000,17781.318359,233403352.676392,2306219209.892578,0.101206,2905000000.000000,0.925630
2022-12-14,20.299999,21.378000,20.191000,20.273001,5291000,11565500.000000,129699.000000,17815.650391,234467389.794350,2310672040.013672,0.101472,2905000000.000000,0.925316
2022-12-15,19.750000,19.900999,18.600000,18.799999,4405000,11565500.000000,129699.000000,17364.865234,217431391.176224,2252205656.033203,0.096542,2905000000.000000,0.930365
2022-12-16,18.375999,18.563999,17.233000,17.375000,7227000,11565500.000000,129699.000000,16647.484375,200950562.500000,2159162075.953125,0.093069,2905000000.000000,0.935301
2022-12-19,17.231001,17.884001,16.837999,17.021000,3684000,11565500.000000,129699.000000,16439.679688,196856374.441147,2132210015.789062,0.092325,2905000000.000000,0.936536
2022-12-20,17.037001,17.542999,16.799999,16.885000,3057000,11565500.000000,129699.000000,16906.304688,195283470.147133,2192730811.664062,0.089059,2905000000.000000,0.937011
2022-12-21,16.900999,17.207001,16.664000,16.882000,2184000,11565500.000000,129699.000000,16817.535156,195248770.647049,2181217492.230469,0.089514,2905000000.000000,0.937022
2022-12-22,16.830000,16.830000,16.091999,16.622999,4330000,11565500.000000,129699.000000,16830.341797,192253297.146797,2182878500.712891,0.088073,2905000000.000000,0.937928
2022-12-23,16.554001,16.759001,16.054001,16.267000,2858000,11565500.000000,129699.000000,16796.953125,188135990.794182,2178548023.359375,0.086358,2905000000.000000,0.939176
2022-12-27,16.000000,16.007000,14.568000,14.774000,7128000,11565500.000000,129699.000000,16717.173828,170868698.941231,2168200728.333984,0.078807,2905000000.000000,0.944449
2022-12-28,14.700000,15.109000,13.791000,13.809000,6920000,11565500.000000,129699.000000,16552.572266,159707989.676476,2146852070.279297,0.074392,2905000000.000000,0.947888
2022-12-29,13.890000,14.300000,13.377000,13.663000,7157000,11565500.000000,129699.000000,16642.341797,158019427.735329,2158495088.712891,0.073208,2905000000.000000,0.948411
2022-12-30,13.382000,14.209000,13.256000,14.157000,7034000,11536300.000000,129699.000000,16602.585938,163319394.347191,2153338793.507812,0.075845,2905000000.000000,0.946772
2023-01-03,14.567000,14.652000,13.938000,14.502000,6283000,11536300.000000,132500.000000,16679.857422,167299420.927715,2210081108.398438,0.075698,2905000000.000000,0.945546
2023-01-04,14.680000,16.570000,14.590000,16.506001,10101000,11536300.000000,132500.000000,16863.238281,190418173.785019,2234379072.265625,0.085222,2905000000.000000,0.938484
2023-01-05,16.054001,16.054001,14.977000,15.656000,4091000,11536300.000000,132500.000000,16836.736328,180612314.384270,2230867563.476562,0.080961,2905000000.000000,0.941466
2023-01-06,15.261000,16.188999,14.710000,16.045000,4929000,11536300.000000,132500.000000,16951.968750,185099934.380150,2246135859.375000,0.082408,2905000000.000000,0.940099
2023-01-09,17.000000,18.187000,16.540001,17.500999,7146000,11536300.000000,132500.000000,17196.554688,201896779.962921,2278543496.093750,0.088608,2905000000.000000,0.935017
2023-01-10,17.434999,19.097000,17.000000,19.000000,6524000,11536300.000000,132500.000000,17446.292969,219189700.000000,2311633818.359375,0.094820,2905000000.000000,0.929841
2023-01-11,18.900000,19.645000,18.410999,19.476000,6659000,11536300.000000,132500.000000,17934.896484,224680976.863670,2376373784.179688,0.094548,2905000000.000000,0.928210
2023-01-12,20.365000,21.343000,18.931000,21.017000,9960000,11536300.000000,132500.000000,18869.587891,242458419.388390,2500220395.507812,0.096975,2905000000.000000,0.922967
2023-01-13,20.600000,22.216999,20.270000,21.697001,8457000,11536300.000000,132500.000000,19909.574219,250303106.908989,2638018583.984375,0.094883,2905000000.000000,0.920672
2023-01-17,23.200001,23.966999,22.275000,23.591999,10863000,11536300.000000,132500.000000,21161.519531,272164378.686142,2803901337.890625,0.097066,2905000000.000000,0.914337
2023-01-18,23.700001,24.202999,20.962000,22.118999,11378000,11536300.000000,132500.000000,20688.781250,255171413.714981,2741263515.625000,0.093085,2905000000.000000,0.919254
2023-01-19,21.677000,22.787001,21.448999,22.145000,4942000,11536300.000000,132500.000000,21086.792969,255471368.780899,2794000068.359375,0.091436,2905000000.000000,0.919167
2023-01-20,22.419001,24.187000,21.903000,24.003000,7299000,11536300.000000,132500.000000,22676.552734,276905811.892509,3004643237.304688,0.092159,2905000000.000000,0.912975
2023-01-23,24.094999,25.049999,23.577000,25.021999,7276000,11536300.000000,132500.000000,22934.431641,288661291.206741,3038812192.382812,0.094991,2905000000.000000,0.909614
2023-01-24,24.700001,25.101999,24.184999,24.750000,3157000,11536300.000000,132500.000000,22636.468750,285523425.000000,2999332109.375000,0.095196,2905000000.000000,0.910509
2023-01-25,24.040001,24.752001,23.215000,24.584000,3746000,11536300.000000,132500.000000,23117.859375,283608394.975281,3063116367.187500,0.092588,2905000000.000000,0.911056
2023-01-26,25.302999,25.499001,23.698999,24.532000,4123000,11536300.000000,132500.000000,23032.777344,283008506.847191,3051842998.046875,0.092734,2905000000.000000,0.911227
2023-01-27,24.000000,26.209999,24.000000,25.836000,6292000,11536300.000000,132500.000000,23078.728516,298051851.904869,3057931528.320312,0.097468,2905000000.000000,0.906948
2023-01-30,25.235001,25.885000,23.941999,24.569000,5340000,11536300.000000,132500.000000,22840.138672,283435357.516479,3026318374.023438,0.093657,2905000000.000000,0.911105
2023-01-31,24.900000,25.775999,24.799999,25.173000,3788000,11536300.000000,132500.000000,23139.283203,290403283.772659,3065955024.414062,0.094719,2905000000.000000,0.909118
2023-02-01,25.100000,27.360001,24.424999,26.792000,6554000,11536300.000000,132500.000000,23723.769531,309080547.487640,3143399462.890625,0.098327,2905000000.000000,0.903835
2023-02-02,27.500000,30.290001,27.486000,29.212999,10415000,11536300.000000,132500.000000,23471.871094,337009924.330711,3110022919.921875,0.108363,2905000000.000000,0.896049
2023-02-03,27.910999,30.340000,27.837999,28.476000,6303000,11536300.000000,132500.000000,23449.322266,328507676.863670,3107035200.195312,0.105730,2905000000.000000,0.898405
2023-02-06,27.431000,28.622999,27.115999,28.205000,4206000,11536300.000000,132500.000000,22760.109375,325381340.619850,3015714492.187500,0.107895,2905000000.000000,0.899275
2023-02-07,27.975000,28.733000,27.038000,28.386999,5013000,11549000.000000,132500.000000,23264.291016,327841452.955246,3082518559.570312,0.106355,2905000000.000000,0.898590
2023-02-08,28.243000,29.041000,27.166000,27.596001,3156000,11549000.000000,132500.000000,22939.398438,318706211.753845,3039470292.968750,0.104856,2905000000.000000,0.901137
2023-02-09,27.601000,27.761000,24.558001,24.903999,7268000,11549000.000000,132500.000000,21819.039062,287616288.246155,2891022675.781250,0.099486,2905000000.000000,0.909912
2023-02-10,24.600000,25.259001,24.101000,24.337000,4362000,11549000.000000,132500.000000,21651.183594,281068011.766434,2868781826.171875,0.097975,2905000000.000000,0.911782
2023-02-13,23.903000,25.065001,23.653999,24.924999,2892000,11549000.000000,132500.000000,21808.101562,287858816.188812,2889573457.031250,0.099620,2905000000.000000,0.909843
2023-02-14,25.101999,27.677999,24.400000,27.114000,6728000,11549000.000000,132500.000000,22220.804688,313139589.700699,2944256621.093750,0.106356,2905000000.000000,0.902695
2023-02-15,27.558001,29.973000,27.209000,29.840000,7082000,11549000.000000,132500.000000,24307.841797,344622161.762238,3220789038.085938,0.106999,2905000000.000000,0.893950
2023-02-16,29.600000,31.500000,28.284000,28.403000,9707000,11549000.000000,132500.000000,23623.474609,328026245.590210,3130110385.742188,0.104797,2905000000.000000,0.898539
2023-02-17,28.329000,29.740999,27.385000,29.405001,5529000,11549000.000000,132500.000000,24565.601562,339598352.930069,3254942207.031250,0.104333,2905000000.000000,0.895334
2023-02-21,28.624001,29.073999,26.754000,26.992001,5715000,11549000.000000,132500.000000,24436.353516,311730614.696503,3237816840.820312,0.096278,2905000000.000000,0.903091
2023-02-22,26.638000,27.348000,26.243999,26.858000,4214000,11549000.000000,132500.000000,24188.843750,310183039.709091,3205021796.875000,0.096780,2905000000.000000,0.903526
2023-02-23,27.094999,27.559000,26.159000,26.575001,3015000,11549000.000000,132500.000000,23947.492188,306914683.811188,3173042714.843750,0.096726,2905000000.000000,0.904445
2023-02-24,26.142000,26.205000,24.886999,25.580000,5035000,11549000.000000,132500.000000,23198.126953,295423419.118881,3073751821.289062,0.096112,2905000000.000000,0.907692
2023-02-27,26.358999,26.971001,25.583000,25.865000,3493000,11549000.000000,132500.000000,23522.871094,298714882.356644,3116780419.921875,0.095841,2905000000.000000,0.906760
2023-02-28,25.979000,26.975000,25.604000,26.226999,4006000,11549000.000000,132500.000000,23147.353516,302895614.717484,3067024340.820312,0.098759,2905000000.000000,0.905578
2023-03-01,26.388000,26.855000,25.334000,25.791000,3452000,11549000.000000,132500.000000,23646.550781,297860263.229370,3133167978.515625,0.095067,2905000000.000000,0.907002
2023-03-02,24.899000,25.386999,24.167000,25.289000,4927000,11549000.000000,132500.000000,23475.466797,292062655.889511,3110499350.585938,0.093896,2905000000.000000,0.908647
2023-03-03,24.020000,25.233999,23.684999,24.691000,7604000,11549000.000000,132500.000000,22362.679688,285156358.823776,2963055058.593750,0.096237,2905000000.000000,0.910614
2023-03-06,24.934999,25.204000,23.705000,23.745001,4768000,11549000.000000,132500.000000,22429.757812,274231014.692307,2971942910.156250,0.092273,2905000000.000000,0.913743
2023-03-07,23.600000,24.100000,23.093000,23.143999,4936000,11549000.000000,132500.000000,22219.769531,267290045.602798,2944119462.890625,0.090788,2905000000.000000,0.915742
2023-03-08,23.040001,23.493999,22.700001,23.271999,4701000,11848700.000000,132500.000000,21718.080078,275742938.806534,2877645610.351562,0.095822,2905000000.000000,0.913309
2023-03-09,23.035000,23.143000,21.011000,21.082001,8242000,11548800.000000,132500.000000,20363.021484,243471810.058594,2698100346.679688,0.090238,2905000000.000000,0.922670
2023-03-10,20.575001,20.757999,18.830000,19.201000,13303000,11548800.000000,132500.000000,20187.244141,221748511.267090,2674809848.632812,0.082903,2905000000.000000,0.929080
2023-03-13,20.202000,22.962000,19.635000,22.316000,15330000,11548800.000000,132500.000000,24197.533203,257723020.623779,3206173149.414062,0.080383,2905000000.000000,0.918512
2023-03-14,23.908001,24.441000,22.209000,22.947001,11304000,11548800.000000,132500.000000,24746.074219,265010319.415283,3278854833.984375,0.080824,2905000000.000000,0.916401
2023-03-15,22.700001,23.497999,21.653000,22.754999,6895000,11548800.000000,132500.000000,24375.960938,262792934.307861,3229814824.218750,0.081365,2905000000.000000,0.917042
2023-03-16,22.518000,24.511000,22.327000,24.108000,7668000,11548800.000000,132500.000000,25052.789062,278418468.109131,3319494550.781250,0.083874,2905000000.000000,0.912541
2023-03-17,25.552999,27.400000,24.900999,26.766001,20224000,11548800.000000,132500.000000,27423.929688,309115189.434814,3633670683.593750,0.085070,2905000000.000000,0.903826
2023-03-20,28.042999,28.173000,25.837000,26.396000,12524000,11548800.000000,132500.000000,27767.236328,304842123.742676,3679158813.476562,0.082856,2905000000.000000,0.905029
2023-03-21,26.899000,27.893000,26.065001,27.337999,8811000,11548800.000000,132500.000000,28175.816406,315721086.822510,3733295673.828125,0.084569,2905000000.000000,0.901972
2023-03-22,27.600000,27.809000,24.601000,24.686001,11130000,11548800.000000,132500.000000,27307.437500,285093686.315918,3618235468.750000,0.078794,2905000000.000000,0.910632
2023-03-23,24.900999,27.100000,24.804001,26.333000,11250000,11548800.000000,132500.000000,28333.972656,304114552.514648,3754251376.953125,0.081005,2905000000.000000,0.905234
2023-03-24,25.914000,26.348000,24.731001,25.667000,6565000,10826400.000000,132500.000000,27493.285156,277881206.817627,3642860283.203125,0.076281,2905000000.000000,0.912695
2023-03-27,25.986000,26.021000,23.072001,23.896000,11331000,10826400.000000,132500.000000,27139.888672,258707653.408813,3596035249.023438,0.071942,2905000000.000000,0.918226
2023-03-28,23.677000,24.854000,23.250000,24.826000,6721000,12897900.000000,132500.000000,27268.130859,320203268.155289,3613027338.867188,0.088625,2905000000.000000,0.900718
2023-03-29,25.780001,28.542000,25.545000,28.403000,10109000,12897900.000000,132500.000000,28348.441406,366339052.125549,3756168486.328125,0.097530,2905000000.000000,0.888016
2023-03-30,28.790001,28.850000,27.457001,27.923000,7081000,14756200.000000,132500.000000,28033.562500,412037377.553558,3714447031.250000,0.110928,2905000000.000000,0.875782
2023-03-31,28.346001,29.540001,28.000000,29.232000,10380000,14756200.000000,140000.000000,28478.484375,431353243.578720,3986987812.500000,0.108190,2905000000.000000,0.870711
2023-04-03,29.099001,30.100000,28.816000,29.739000,7654000,14756200.000000,140000.000000,27790.220703,438834636.528397,3890630898.437500,0.112793,2905000000.000000,0.868763
2023-04-04,29.958000,30.136000,28.573999,29.898001,6235000,14756200.000000,140000.000000,28168.089844,441180878.182602,3943532578.125000,0.111875,2905000000.000000,0.868154
2023-04-05,30.344999,30.700001,28.351000,29.084000,8122000,14756200.000000,140000.000000,28177.984375,429169315.396118,3944917812.500000,0.108790,2905000000.000000,0.871281
2023-04-06,28.650999,29.548000,27.837000,29.010000,4260000,13258900.000000,140000.000000,28044.140625,384640692.034721,3926179687.500000,0.097968,2905000000.000000,0.883075
2023-04-10,29.000000,31.294001,28.500000,31.278000,10026000,13258900.000000,140000.000000,29652.980469,414711872.581482,4151417265.625000,0.099896,2905000000.000000,0.875076
2023-04-11,32.191002,33.782001,31.809999,33.235001,14267000,13258900.000000,140000.000000,30235.058594,440659549.592590,4232908203.125000,0.104103,2905000000.000000,0.868289
2023-04-12,33.424999,33.575001,31.834000,32.283001,8812000,13258900.000000,140000.000000,30139.052734,428037081.243515,4219467382.812500,0.101443,2905000000.000000,0.871577
2023-04-13,33.042000,34.500000,32.700001,34.071999,11132000,13258900.000000,140000.000000,30399.066406,451757222.187042,4255869296.875000,0.106149,2905000000.000000,0.865419
2023-04-14,34.285000,34.763000,32.460999,33.375000,8721000,13258900.000000,140000.000000,30485.699219,442515787.500000,4267997890.625000,0.103682,2905000000.000000,0.867808
2023-04-17,32.173000,32.247002,31.219999,31.302999,7702000,13258900.000000,140000.000000,29445.044922,415043340.023613,4122306289.062500,0.100682,2905000000.000000,0.874989
2023-04-18,32.500000,33.400002,32.400002,32.985001,10001000,13258900.000000,140000.000000,30397.552734,437344824.592590,4255657382.812500,0.102768,2905000000.000000,0.869150
2023-04-19,31.988001,32.199001,31.290001,31.472000,6235000,13258900.000000,140000.000000,28822.679688,417284102.418518,4035175156.250000,0.103412,2905000000.000000,0.874398
2023-04-20,31.027000,31.290001,29.226999,29.471001,8256000,13258900.000000,140000.000000,28245.988281,390753050.801849,3954438359.375000,0.098814,2905000000.000000,0.881437
2023-04-21,29.733999,30.049999,28.774000,29.101999,6576000,13258900.000000,140000.000000,27276.910156,385860498.291206,3818767421.875000,0.101043,2905000000.000000,0.882748
2023-04-24,29.103001,29.795000,28.299999,28.533001,5675000,13258900.000000,140000.000000,27525.339844,378316206.243515,3853547578.125000,0.098173,2905000000.000000,0.884776
2023-04-25,28.236000,29.688999,28.014999,29.091000,5700000,12685700.000000,140000.000000,28307.597656,369039693.667221,3963063671.875000,0.093120,2905000000.000000,0.887283
2023-04-26,31.049999,32.164001,29.629999,29.945999,10820000,12938700.000000,140000.000000,28422.701172,387462299.143982,3979178164.062500,0.097372,2905000000.000000,0.882318
2023-04-27,30.650999,31.888000,29.601000,31.864000,10165000,12938700.000000,140000.000000,29473.787109,412278740.946007,4126330195.312500,0.099914,2905000000.000000,0.875718
2023-04-28,31.304001,32.897999,30.809000,32.838001,7607000,12938700.000000,140000.000000,29340.261719,424881046.789169,4107636640.625000,0.103437,2905000000.000000,0.872404
2023-05-01,32.000000,32.335999,30.424000,30.747000,9055000,12938700.000000,140000.000000,28091.568359,397826205.543709,3932819570.312500,0.101155,2905000000.000000,0.879550
2023-05-02,31.014000,33.292999,30.513000,32.800999,13733000,12938700.000000,140000.000000,28680.537109,424402281.721115,4015275195.312500,0.105697,2905000000.000000,0.872529
2023-05-03,32.049000,32.188999,30.167999,30.424999,11930000,12958700.000000,140000.000000,29006.308594,394268437.613297,4060883203.125000,0.097089,2905000000.000000,0.880498
2023-05-04,31.115000,32.118999,30.750000,31.224001,7151000,13970600.000000,140000.000000,28847.710938,436218027.403641,4038679531.250000,0.108010,2905000000.000000,0.869443
2023-05-05,31.299999,32.872002,31.200001,32.672001,9082000,12958700.000000,140000.000000,29534.384766,423386657.868576,4134813867.187500,0.102396,2905000000.000000,0.872795
2023-05-08,31.115000,31.174999,29.400000,29.466999,10430000,12958700.000000,140000.000000,27694.273438,381854000.640488,3877198281.250000,0.098487,2905000000.000000,0.883824
2023-05-09,29.750999,31.000000,28.962999,30.343000,7219000,12958700.000000,140000.000000,27658.775391,393205839.438820,3872228554.687500,0.101545,2905000000.000000,0.880782
2023-05-10,31.323999,32.564999,30.500000,31.511000,12952000,12958700.000000,140000.000000,27621.755859,408341591.547585,3867045820.312500,0.105595,2905000000.000000,0.876758
2023-05-11,31.135000,31.135000,28.476000,28.737000,15422000,12478300.000000,140000.000000,27000.789062,358588901.007080,3780110468.750000,0.094862,2905000000.000000,0.890124
2023-05-12,28.490000,28.659000,26.650999,27.100000,10851000,14209600.000000,140000.000000,26804.990234,385080165.420532,3752698632.812500,0.102614,2905000000.000000,0.882957
2023-05-15,28.000000,28.688000,27.600000,28.250000,6507000,15067900.000000,140000.000000,27192.693359,425668175.000000,3806977070.312500,0.111813,2905000000.000000,0.872197
2023-05-16,27.750000,28.299999,27.237000,27.344000,4641000,15067900.000000,140000.000000,27036.650391,412016655.530739,3785131054.687500,0.108851,2905000000.000000,0.875787
2023-05-17,27.149000,29.105000,26.926001,29.056999,6113000,12958700.000000,140000.000000,27398.802734,376540935.617828,3835832382.812500,0.098164,2905000000.000000,0.885255
2023-05-18,28.900000,29.721001,28.000999,28.757999,6696000,12958700.000000,140000.000000,26832.208984,372666287.086105,3756509257.812500,0.099205,2905000000.000000,0.886301
2023-05-19,29.090000,29.195999,28.257999,28.827999,3732000,12958700.000000,140000.000000,26890.128906,373573392.131424,3764618046.875000,0.099233,2905000000.000000,0.886056
2023-05-22,28.778000,29.705999,28.601999,29.412001,5910000,12958700.000000,140000.000000,26851.277344,381141292.902565,3759178828.125000,0.101390,2905000000.000000,0.884016
2023-05-23,29.919001,30.120001,28.826000,28.933001,6433000,12958700.000000,140000.000000,27225.726562,374934074.416161,3811601718.750000,0.098367,2905000000.000000,0.885689
2023-05-24,28.200001,28.695000,27.663000,28.443001,8064000,12958700.000000,140000.000000,26334.818359,368584314.382172,3686874570.312500,0.099972,2905000000.000000,0.887407
2023-05-25,28.791000,28.884001,27.285000,28.099001,8783000,12958700.000000,140000.000000,26476.207031,364126523.361778,3706668984.375000,0.098236,2905000000.000000,0.888617
2023-05-26,27.980000,29.489000,27.920000,28.510000,6550000,12958700.000000,140000.000000,26719.291016,369452539.966011,3740700742.187500,0.098766,2905000000.000000,0.887171
2023-05-30,30.010000,31.364000,29.674999,29.927000,9466000,12958700.000000,140000.000000,27702.349609,387815015.493202,3878328945.312500,0.099995,2905000000.000000,0.882224
2023-05-31,29.400999,30.277000,28.900000,30.163000,6234000,12958700.000000,140000.000000,27219.658203,390873269.484138,3810752148.437500,0.102571,2905000000.000000,0.881405
2023-06-01,29.850000,30.773001,29.563999,29.993999,5489000,12958700.000000,140000.000000,26819.972656,388683241.077042,3754796171.875000,0.103516,2905000000.000000,0.881991
2023-06-02,30.527000,30.600000,29.063999,30.212999,7265000,12958700.000000,140000.000000,27249.589844,391521194.597435,3814942578.125000,0.102628,2905000000.000000,0.881232
2023-06-05,29.447001,29.695999,27.120001,27.636000,14040000,12958700.000000,140000.000000,25760.097656,358126629.047585,3606413671.875000,0.099303,2905000000.000000,0.890250
2023-06-06,27.000000,30.457001,26.655001,29.882000,18779000,12958700.000000,140000.000000,27238.783203,387231873.004532,3813429648.437500,0.101544,2905000000.000000,0.882380
2023-06-07,29.882000,30.226999,28.799999,29.080999,6755000,12958700.000000,140000.000000,26345.998047,376851946.592903,3688439726.562500,0.102171,2905000000.000000,0.885171
2023-06-08,28.969000,29.724001,28.357000,29.093000,4846000,12958700.000000,140000.000000,26508.216797,377007464.438820,3711150351.562500,0.101588,2905000000.000000,0.885129
2023-06-09,29.350000,29.576000,28.051001,28.233000,5673000,12958700.000000,140000.000000,26480.375000,365862974.529457,3707252500.000000,0.098688,2905000000.000000,0.888145
2023-06-12,27.913000,28.166000,27.500000,27.770000,3695000,12958700.000000,140000.000000,25902.500000,359863104.932022,3626350000.000000,0.099236,2905000000.000000,0.889777
2023-06-13,28.430000,28.488001,27.495001,28.382000,4436000,13174700.000000,140000.000000,25918.728516,373924334.997940,3628621992.187500,0.103049,2905000000.000000,0.885961
2023-06-14,28.410999,28.615000,27.673000,28.288000,3997000,13174700.000000,140000.000000,25124.675781,372685915.007210,3517454609.375000,0.105953,2905000000.000000,0.886296
2023-06-15,27.415001,28.138000,26.600000,27.792000,7857000,12958700.000000,140000.000000,25576.394531,360148188.027191,3580695234.375000,0.100581,2905000000.000000,0.889699
2023-06-16,28.499001,29.799999,28.096001,29.339001,14233000,12958700.000000,140000.000000,26327.462891,380195308.395767,3685844804.687500,0.103150,2905000000.000000,0.884270
2023-06-20,30.000000,31.518000,28.969000,31.340000,18899000,12958700.000000,140000.000000,28327.488281,406125659.977341,3965848359.375000,0.102406,2905000000.000000,0.877345
2023-06-21,32.400002,33.799999,32.030998,33.131001,19270000,12958700.000000,140000.000000,30027.296875,429334696.422958,4203821562.500000,0.102130,2905000000.000000,0.871238
2023-06-22,33.249001,33.744999,31.313000,32.723000,11344000,12958700.000000,140000.000000,29912.281250,424047534.563446,4187719375.000000,0.101260,2905000000.000000,0.872622
2023-06-23,32.700001,33.700001,31.730000,32.910999,15619000,12958700.000000,140000.000000,30695.468750,426483766.604233,4297365625.000000,0.099243,2905000000.000000,0.871984
2023-06-26,32.400002,32.860001,30.108000,30.573999,11273000,12958700.000000,140000.000000,30271.130859,396199286.088371,4237958320.312500,0.093488,2905000000.000000,0.879983
2023-06-27,31.230000,32.799000,31.153000,32.487999,8773000,12958700.000000,140000.000000,30688.164062,421002232.154083,4296342968.750000,0.097991,2905000000.000000,0.873421
2023-06-28,31.990999,33.280998,31.844999,32.561001,6591000,12958700.000000,140000.000000,30086.246094,421948241.377640,4212074453.125000,0.100176,2905000000.000000,0.873173
2023-06-29,33.563999,34.078999,32.849998,34.026001,8574000,12958700.000000,140000.000000,30445.351562,440932738.854980,4262349218.750000,0.103448,2905000000.000000,0.868218
2023-06-30,34.997002,35.275002,32.226002,34.242001,15255000,12958700.000000,152333.000000,30477.251953,443731812.913895,4642691221.775391,0.095576,2905000000.000000,0.867493
2023-07-03,34.700001,37.827000,34.598999,37.784000,11065000,12958700.000000,152333.000000,31156.439453,489631525.941086,4746153891.212891,0.103164,2905000000.000000,0.855763
2023-07-05,36.701000,38.299000,35.910000,37.811001,11849000,12958700.000000,152333.000000,30514.166016,489981416.377640,4648314451.658203,0.105411,2905000000.000000,0.855675
2023-07-06,38.058998,38.500999,36.200001,37.654999,8904000,14037800.000000,152333.000000,29909.337891,528593341.864014,4556179168.892578,0.116017,2905000000.000000,0.846052
2023-07-07,37.359001,39.200001,37.359001,38.074001,9418000,14037800.000000,152333.000000,30342.265625,534475215.621185,4622128349.453125,0.115634,2905000000.000000,0.844606
2023-07-10,38.117001,40.800999,37.005001,40.771000,9976000,14037800.000000,152333.000000,30414.470703,572335142.514801,4633127565.619141,0.123531,2905000000.000000,0.835410
2023-07-11,40.099998,41.500000,39.692001,41.230000,12039000,14037800.000000,152333.000000,30620.951172,578778487.574005,4664581354.865234,0.124079,2905000000.000000,0.833865
2023-07-12,41.799999,42.098000,40.523998,41.348999,9236000,14195900.000000,152333.000000,30391.646484,586986255.236816,4629650683.904297,0.126788,2905000000.000000,0.831905
2023-07-13,41.799999,46.699001,41.278000,46.182999,20783000,14037800.000000,152333.000000,31476.048828,648307698.550415,4794840946.134766,0.135209,2905000000.000000,0.817548
2023-07-14,45.546001,47.508999,44.717999,45.886002,17244000,14037800.000000,152333.000000,30334.068359,644138513.076782,4620879635.388672,0.139397,2905000000.000000,0.818508
2023-07-17,45.720001,46.700001,44.435001,44.987999,8613000,14037800.000000,152333.000000,30145.888672,631532531.834412,4592213659.052734,0.137522,2905000000.000000,0.821426
2023-07-18,44.948002,45.400002,43.500000,44.580002,7825000,14037800.000000,152333.000000,29856.562500,625805149.703979,4548139735.312500,0.137596,2905000000.000000,0.822759
2023-07-19,45.176998,46.160000,44.675999,45.310001,5502000,13910400.000000,152333.000000,29913.923828,630280243.103027,4556877758.509766,0.138314,2905000000.000000,0.821717
2023-07-20,45.521000,46.131001,43.520000,44.083000,6317000,14037800.000000,152333.000000,29792.015625,618828339.970398,4538307116.203125,0.136357,2905000000.000000,0.824387
2023-07-21,44.191002,44.588001,42.654999,43.665001,5633000,14037800.000000,152333.000000,29908.744141,612960549.851990,4556088721.173828,0.134537,2905000000.000000,0.825763
2023-07-24,42.764000,43.187000,41.292999,43.094002,6550000,14037800.000000,152333.000000,29176.916016,604944978.047180,4444607147.408203,0.136108,2905000000.000000,0.827648
2023-07-25,43.094002,44.242001,43.021000,43.681999,4479000,14037800.000000,152333.000000,29227.390625,613199168.461609,4452296096.078125,0.137727,2905000000.000000,0.825707
2023-07-26,43.681999,44.792999,43.627998,44.346001,5300000,14037800.000000,152333.000000,29354.972656,622520288.224792,4471731049.644531,0.139212,2905000000.000000,0.823525
2023-07-27,45.099998,45.245998,42.417000,42.615002,5655000,14037800.000000,152333.000000,29210.689453,598220870.561981,4449751956.462891,0.134439,2905000000.000000,0.829237
2023-07-28,43.400002,43.874001,42.484001,43.460999,4639000,14037800.000000,152333.000000,29319.246094,610096805.236816,4466288715.199219,0.136600,2905000000.000000,0.826435
2023-07-31,44.000000,44.284000,43.220001,43.787998,4863000,14037800.000000,152333.000000,29230.111328,614687161.124420,4452710548.947266,0.138048,2905000000.000000,0.825357
2023-08-01,43.000000,43.799999,42.088001,43.498001,6644000,14037800.000000,152333.000000,29675.732422,610616239.822388,4520593347.021484,0.135074,2905000000.000000,0.826313
2023-08-02,43.498001,43.700001,40.118000,40.733002,10556000,14037800.000000,152333.000000,29151.958984,571801731.390381,4440805367.966797,0.128761,2905000000.000000,0.835538
2023-08-03,40.000999,40.237000,38.762001,38.991001,6521000,14037800.000000,152333.000000,29178.679688,547347875.650787,4444875812.835938,0.123141,2905000000.000000,0.841456
2023-08-04,39.000999,39.576000,37.445000,37.696999,5512000,14037800.000000,152333.000000,29074.091797,529182926.893616,4428943625.693359,0.119483,2905000000.000000,0.845907
2023-08-07,37.103001,37.355999,35.770000,37.082001,6963000,14037800.000000,152333.000000,29180.578125,520549709.881592,4445165007.515625,0.117105,2905000000.000000,0.848039
2023-08-08,38.000000,39.599998,37.472000,38.948002,7719000,14037800.000000,152333.000000,29765.492188,546744260.532379,4534266721.398438,0.120581,2905000000.000000,0.841603
2023-08-09,39.597000,39.650002,37.599998,37.784000,5121000,14037800.000000,152333.000000,29561.494141,530404240.769196,4503191086.923828,0.117784,2905000000.000000,0.845606
2023-08-10,38.032001,39.006001,37.201000,37.800999,4114000,14037800.000000,152333.000000,29429.591797,530642859.378815,4483098007.193359,0.118365,2905000000.000000,0.845548
2023-08-11,37.800999,38.799999,37.209999,38.431000,3343000,14037800.000000,152333.000000,29397.714844,539486688.372803,4478242095.292969,0.120468,2905000000.000000,0.843377
2023-08-14,38.157001,39.259998,37.528000,38.882999,3822000,14037800.000000,152333.000000,29408.443359,545831769.260406,4479876402.263672,0.121841,2905000000.000000,0.841826
2023-08-15,38.903999,39.269001,37.583000,37.615002,4184000,14037800.000000,152333.000000,29170.347656,528031870.561981,4443606569.519531,0.118830,2905000000.000000,0.846191
2023-08-16,37.346001,37.728001,36.625999,36.966999,3136000,14037800.000000,152333.000000,28701.779297,518935339.319611,4372228145.630859,0.118689,2905000000.000000,0.848439
2023-08-17,36.160000,36.558998,34.536999,34.679001,8061000,14037800.000000,152333.000000,26664.550781,486816878.195190,4061891014.160156,0.119850,2905000000.000000,0.856473
2023-08-18,33.148998,33.858002,32.229000,32.862000,11012000,14037800.000000,152333.000000,26049.556641,461310176.745605,3968207111.736328,0.116252,2905000000.000000,0.862963
2023-08-21,33.028999,33.698002,32.501999,33.525002,4172000,14037800.000000,152333.000000,26124.140625,470617266.419983,3979568713.828125,0.118258,2905000000.000000,0.860583
2023-08-22,34.147999,34.522999,32.799999,32.951000,3817000,14086600.000000,152333.000000,26031.656250,464167559.609222,3965480291.531250,0.117052,2905000000.000000,0.862231
2023-08-23,33.000000,35.051998,32.750000,34.639999,5206000,14332000.000000,152333.000000,26431.640625,496460471.252441,4026411111.328125,0.123301,2905000000.000000,0.854045
2023-08-24,34.891998,34.950001,33.244999,33.655998,5075000,13633200.000000,152333.000000,26162.373047,458838955.068970,3985392773.349609,0.115130,2905000000.000000,0.863597
2023-08-24,34.891998,34.950001,33.244999,33.655998,5075000,14086600.000000,152333.000000,26162.373047,474098584.666443,3985392773.349609,0.118959,2905000000.000000,0.859697
2023-08-25,33.967999,34.500000,32.903000,33.605000,3664000,14086600.000000,152333.000000,26047.667969,473380186.551666,3967919404.683594,0.119302,2905000000.000000,0.859880
2023-08-28,33.936001,35.037998,33.855000,34.437000,3533000,14086600.000000,152333.000000,26106.150391,485100248.069000,3976828207.455078,0.121982,2905000000.000000,0.856907
2023-08-29,34.223000,38.799000,34.193001,38.152000,15282000,14086600.000000,152333.000000,27727.392578,537431969.218445,4223796893.603516,0.127239,2905000000.000000,0.843880
2023-08-30,37.509998,37.731998,36.759998,37.167999,6051000,14086600.000000,152333.000000,27297.265625,523570738.482666,4158274364.453125,0.125911,2905000000.000000,0.847292
2023-08-31,37.509998,37.567001,35.424000,35.752998,6051000,14086600.000000,152333.000000,25931.472656,503638186.585999,3950219024.144531,0.127496,2905000000.000000,0.852247
2023-09-01,35.754002,36.094002,34.662998,35.147999,4067000,14086600.000000,152333.000000,25800.724609,495115800.034332,3930301781.919922,0.125974,2905000000.000000,0.854383
2023-09-05,35.147999,35.396999,34.458000,34.924999,3007000,14086600.000000,152333.000000,25779.982422,491974494.252777,3927142062.271484,0.125275,2905000000.000000,0.855173
2023-09-06,34.950001,35.900002,34.526001,35.070000,5724000,14086600.000000,152333.000000,25753.236328,494017057.701111,3923067749.572266,0.125926,2905000000.000000,0.854659
2023-09-07,34.650002,35.681999,33.784000,35.306999,4927000,14086600.000000,152333.000000,26240.195312,497355575.022888,3997247672.539062,0.124425,2905000000.000000,0.853820
2023-09-08,35.242001,35.627998,34.700001,35.627998,4593000,14086600.000000,152333.000000,25905.654297,501877361.585999,3946286036.005859,0.127177,2905000000.000000,0.852687
2023-09-11,35.500000,35.660999,33.599998,34.268002,7537000,14086600.000000,152333.000000,25162.654297,482719630.724335,3833102617.005859,0.125934,2905000000.000000,0.857509
2023-09-12,35.500000,36.759998,34.529999,34.776001,7655000,14086600.000000,152333.000000,25833.343750,489875615.356445,3935270753.468750,0.124483,2905000000.000000,0.855701
2023-09-13,34.730000,35.256001,34.060001,34.183998,4786000,14086600.000000,152333.000000,26228.324219,481536307.746887,3995439313.214844,0.120521,2905000000.000000,0.857809
2023-09-14,35.000000,36.199001,34.604000,34.639999,6699000,14086600.000000,152333.000000,26539.673828,487959815.402222,4042868133.259766,0.120696,2905000000.000000,0.856185
2023-09-15,34.639999,34.639999,33.636002,34.077999,4988000,14086600.000000,152333.000000,26608.693359,480043142.333221,4053382085.513672,0.118430,2905000000.000000,0.858187
2023-09-18,35.125000,35.632999,33.898998,34.062000,5781000,14086600.000000,152333.000000,26754.281250,479817773.069000,4075559925.656250,0.117731,2905000000.000000,0.858244
2023-09-19,34.410999,35.020000,33.349998,33.925999,5573000,14086600.000000,152333.000000,27211.117188,477901973.114777,4145151114.523438,0.115292,2905000000.000000,0.858730
2023-09-20,34.349998,34.433998,33.304001,33.347000,3826000,14086600.000000,152333.000000,27132.007812,469745851.919556,4133100146.101562,0.113655,2905000000.000000,0.860806
2023-09-21,32.580002,32.866001,32.159000,32.605999,3656000,14086600.000000,152333.000000,26567.632812,459307665.413666,4047127209.226562,0.113490,2905000000.000000,0.863476
2023-09-22,32.474998,32.813999,32.056999,32.280998,2825000,14086600.000000,152333.000000,26579.568359,454729509.666443,4048945386.888672,0.112308,2905000000.000000,0.864653
2023-09-25,31.950001,32.761002,31.563999,32.759998,3851000,14086600.000000,152333.000000,26298.480469,461476992.356110,4006126425.246094,0.115193,2905000000.000000,0.862920
2023-09-26,32.400002,32.900002,31.716999,31.730000,3857000,14086600.000000,152333.000000,26217.250000,446967811.551666,3993752344.250000,0.111917,2905000000.000000,0.866655
2023-09-27,32.262001,32.689999,31.010000,31.563000,3876000,14086600.000000,152333.000000,26352.716797,444615351.931000,4014388407.818359,0.110755,2905000000.000000,0.867264
2023-09-28,31.980000,33.755001,31.565001,32.891998,6432000,14086600.000000,152333.000000,27021.546875,463336423.126221,4116273300.109375,0.112562,2905000000.000000,0.862444
2023-09-29,33.271999,33.448002,32.490002,32.827999,3920000,14086600.000000,152333.000000,26911.720703,462434892.333221,4099543149.869141,0.112802,2905000000.000000,0.862674
2023-10-02,34.657001,35.284000,32.751999,32.949001,8535000,14086600.000000,158245.000000,27530.785156,464139401.885223,4356609097.050781,0.106537,2905000000.000000,0.862238
2023-10-03,32.389999,32.599998,31.100000,31.132999,6453000,14086600.000000,158245.000000,27429.978516,438558109.632111,4340656950.205078,0.101035,2905000000.000000,0.868835
2023-10-04,31.485001,32.393002,30.711000,32.040001,4938000,14086600.000000,158245.000000,27799.394531,451334676.896667,4399115187.597656,0.102597,2905000000.000000,0.865528
2023-10-05,32.379002,32.799999,31.518000,32.341999,4105000,14086600.000000,158245.000000,27415.912109,455588803.873444,4338431011.748047,0.105012,2905000000.000000,0.864432
2023-10-06,32.000000,34.178001,31.917000,34.063000,4732000,14086600.000000,158245.000000,27946.597656,479831851.931000,4422409346.113281,0.108500,2905000000.000000,0.858241
2023-10-09,33.153000,34.424000,33.143002,34.044998,3807000,14086600.000000,158245.000000,27583.677734,479578271.206665,4364979083.076172,0.109870,2905000000.000000,0.858305
2023-10-10,34.124001,34.646999,33.701000,34.046001,3866000,14086600.000000,158245.000000,27391.019531,479592403.804779,4334491885.722656,0.110646,2905000000.000000,0.858301
2023-10-11,33.860001,34.027000,33.035000,33.460999,3063000,14086600.000000,158245.000000,26873.320312,471351701.965332,4252568572.851562,0.110839,2905000000.000000,0.860396
2023-10-12,33.500000,33.500000,32.085999,32.360001,4451000,14086600.000000,158245.000000,26756.798828,455842384.597778,4234129630.556641,0.107659,2905000000.000000,0.864367
2023-10-13,32.762001,32.762001,31.424999,31.822001,3966000,14086600.000000,158245.000000,26862.375000,448263792.293167,4250836531.875000,0.105453,2905000000.000000,0.866320
2023-10-16,33.799999,35.299999,32.105000,32.580002,12584000,14086600.000000,158245.000000,28519.466797,458941453.793335,4513063023.271484,0.101692,2905000000.000000,0.863570
2023-10-17,32.133999,34.091000,32.133999,33.541000,6151000,14086600.000000,158245.000000,28415.748047,472478655.758667,4496650049.677734,0.105073,2905000000.000000,0.860109
2023-10-18,33.589001,33.826000,32.646000,32.914001,3687000,14086600.000000,158245.000000,28328.341797,463646373.034668,4482818447.646484,0.103427,2905000000.000000,0.862364
2023-10-19,33.071999,34.877998,32.813999,34.235001,5356000,14086600.000000,158245.000000,28719.806641,482254759.597778,4544765801.845703,0.106112,2905000000.000000,0.857627
2023-10-20,35.365002,36.200001,34.421001,34.804001,8764000,13543100.000000,158245.000000,29682.949219,471354063.972473,4697178299.121094,0.100348,2905000000.000000,0.860396
2023-10-20,35.365002,36.200001,34.421001,34.804001,8764000,14086600.000000,158245.000000,29682.949219,490270038.436890,4697178299.121094,0.104375,2905000000.000000,0.855602
2023-10-23,35.535000,38.389999,34.609001,37.749001,12815000,14086600.000000,158245.000000,33086.234375,531755071.138000,5235731158.671875,0.101563,2905000000.000000,0.845274
2023-10-24,40.839001,43.898998,40.126999,42.487000,22467000,14086600.000000,158245.000000,33901.527344,598497367.321777,5364747194.511719,0.111561,2905000000.000000,0.829171
2023-10-25,43.479000,44.949001,42.511002,43.321999,12601000,14086600.000000,158245.000000,34502.820312,610259665.425110,5459898800.351562,0.111771,2905000000.000000,0.826397
2023-10-25,43.479000,44.949001,42.511002,43.321999,12601000,12515800.000000,158245.000000,34502.820312,542209470.030212,5459898800.351562,0.099308,2905000000.000000,0.842711
2023-10-26,42.000000,43.000000,40.623001,41.345001,10069000,12515800.000000,158245.000000,34156.648438,517465766.278076,5405118831.992188,0.095736,2905000000.000000,0.848803
2023-10-27,42.000000,42.146000,39.820000,40.675999,7336000,12515800.000000,158245.000000,33909.800781,509092664.376068,5366056424.628906,0.094873,2905000000.000000,0.850885
2023-10-30,42.299999,43.465000,41.000000,42.021999,8258000,12515800.000000,158245.000000,34502.363281,525938939.579010,5459826477.441406,0.096329,2905000000.000000,0.846707
2023-10-31,41.650002,42.376999,41.005001,42.339001,6154000,12515800.000000,158245.000000,34667.781250,529906464.984894,5486003043.906250,0.096592,2905000000.000000,0.845729
2023-11-01,42.962002,43.000000,41.236000,42.667000,7522000,12515800.000000,158245.000000,35437.253906,534011636.308289,5607768244.394531,0.095227,2905000000.000000,0.844719
2023-11-02,44.048000,45.404999,42.400002,45.362999,11843000,14086600.000000,158245.000000,34938.242188,639010421.183777,5528802134.960938,0.115578,2905000000.000000,0.819693
2023-11-03,44.498001,46.418999,44.139999,45.395000,9453000,14518200.000000,158245.000000,34732.324219,659053695.645905,5496216645.996094,0.119910,2905000000.000000,0.815083
2023-11-06,46.102001,47.299000,45.101002,45.963001,7827000,14518200.000000,158245.000000,35037.371094,667300044.765472,5544488788.730469,0.120354,2905000000.000000,0.813202
2023-11-07,45.400002,47.487000,44.900002,47.355000,7248000,14518200.000000,158245.000000,35443.562500,687509354.354095,5608766547.812500,0.122578,2905000000.000000,0.808627
2023-11-08,46.908001,47.860001,45.848999,47.450001,7894000,14091400.000000,158245.000000,35655.277344,668636940.750885,5642269363.261719,0.118505,2905000000.000000,0.812897
2023-11-09,49.828999,53.521000,48.589001,49.407001,21139000,14518200.000000,158245.000000,36693.125000,717300729.109955,5806503565.625000,0.123534,2905000000.000000,0.801976
2023-11-10,50.400002,51.332001,49.453999,50.917999,9458000,14518200.000000,158245.000000,37313.968750,739237696.966553,5904748984.843750,0.125194,2905000000.000000,0.797149
2023-11-13,50.200001,50.689999,48.676998,50.487999,9251000,14518200.000000,158245.000000,36502.355469,732994866.535950,5776315241.152344,0.126897,2905000000.000000,0.798517
2023-11-14,50.669998,50.699001,46.000000,48.000000,16619000,14518200.000000,158245.000000,35537.640625,696873600.000000,5623653940.703125,0.123918,2905000000.000000,0.806525
2023-11-15,48.633999,50.928001,48.067001,50.595001,14502000,14518200.000000,158245.000000,37880.582031,734548346.722412,5994412703.535156,0.122539,2905000000.000000,0.798176
2023-11-16,49.400002,50.277000,48.297001,48.908001,11464000,14518200.000000,158245.000000,36154.769531,710056139.334869,5721311504.472656,0.124107,2905000000.000000,0.803584
2023-11-17,49.264999,49.591000,48.339001,48.622002,7497000,14518200.000000,158245.000000,36596.683594,705903944.325256,5791242195.292969,0.121892,2905000000.000000,0.804508
2023-11-20,49.201000,51.251999,49.201000,50.853001,10592000,14518200.000000,158245.000000,37476.957031,738294033.904266,5930541065.410156,0.124490,2905000000.000000,0.797355
2023-11-21,49.799000,50.313999,48.452999,49.304001,7956000,14518200.000000,158245.000000,35813.812500,715805345.205688,5667356759.062500,0.126303,2905000000.000000,0.802308
2023-11-22,49.400002,50.944000,48.108002,50.787998,7331000,14518200.000000,158245.000000,37432.339844,737350315.459442,5923480618.574219,0.124479,2905000000.000000,0.797562
2023-11-24,51.000000,52.679001,50.553001,52.023998,9074000,14518200.000000,158245.000000,37720.281250,755294811.545563,5969045906.406250,0.126535,2905000000.000000,0.793652
2023-11-27,50.575001,51.480000,49.529999,49.537998,10555000,14518200.000000,158245.000000,37254.167969,719202565.459442,5895285810.214844,0.121996,2905000000.000000,0.801556
2023-11-28,50.512001,51.527000,49.825001,50.587002,8877000,14518200.000000,158245.000000,37831.085938,734432209.540558,5986580194.179688,0.122680,2905000000.000000,0.798201
2023-11-29,50.798000,51.349998,49.700001,50.709999,6569000,14518200.000000,158245.000000,37858.492188,736217908.708191,5990917096.210938,0.122889,2905000000.000000,0.797810
2023-11-30,49.799999,50.499001,48.730999,49.830002,7405000,14518200.000000,158245.000000,37712.746094,723441932.583618,5967853505.605469,0.121223,2905000000.000000,0.800619
2023-12-01,50.353001,52.980000,50.337002,52.768002,14041000,15636900.000000,158245.000000,38688.750000,825127963.537216,6122301243.750000,0.134774,2905000000.000000,0.778794
2023-12-04,56.700001,57.777000,55.000000,56.321999,17530000,15636900.000000,158245.000000,41980.097656,880701459.848785,6643140553.613281,0.132573,2905000000.000000,0.767361
2023-12-05,56.599998,58.990002,56.338001,57.750000,14468000,15636900.000000,158245.000000,44080.648438,903030975.000000,6975542211.992188,0.129457,2905000000.000000,0.762861
2023-12-06,58.512001,58.654999,56.613998,56.889000,9566000,15636900.000000,158245.000000,43746.445312,889567603.145599,6922656238.476562,0.128501,2905000000.000000,0.765568
2023-12-06,58.512001,58.654999,56.613998,56.889000,9566000,15233400.000000,158245.000000,43746.445312,866612891.670227,6922656238.476562,0.125185,2905000000.000000,0.770228
2023-12-07,55.720001,57.806000,55.209999,57.109001,5736000,15233400.000000,158245.000000,43292.664062,869964258.265686,6850847624.570312,0.126986,2905000000.000000,0.769544
2023-12-08,57.348000,59.938999,57.280998,59.938999,9531000,15233400.000000,158245.000000,44166.601562,913074750.048065,6989143864.257812,0.130642,2905000000.000000,0.760855
2023-12-11,57.410999,57.787998,54.618000,55.580002,13411000,15233400.000000,158245.000000,41243.832031,846672399.893188,6526630199.785156,0.129726,2905000000.000000,0.774321
2023-12-12,56.000000,56.696999,54.901001,55.832001,7119000,15233400.000000,158245.000000,41450.222656,850511199.957275,6559290484.238281,0.129665,2905000000.000000,0.773530
2023-12-13,55.758999,58.599998,55.229000,58.599998,9700000,15233400.000000,158245.000000,42890.742188,892677216.755676,6787245497.460938,0.131523,2905000000.000000,0.764941
2023-12-14,58.799999,59.000000,57.564999,58.237000,9167000,15233400.000000,158245.000000,43023.972656,887147508.361816,6808328552.988281,0.130303,2905000000.000000,0.766057
2023-12-15,57.500000,57.522999,56.465000,57.041000,9880000,15734400.000000,158245.000000,41929.757812,897505916.162109,6635174525.039062,0.135265,2905000000.000000,0.763970
2023-12-18,56.110001,57.900002,55.900002,57.189999,8503000,15734400.000000,158245.000000,42623.539062,899850314.392090,6744961938.945312,0.133411,2905000000.000000,0.763499
2023-12-19,58.349998,59.041000,56.451000,57.130001,8738000,15734400.000000,158245.000000,42270.527344,898906288.806152,6689099599.511719,0.134384,2905000000.000000,0.763689
2023-12-20,58.977001,59.957001,57.209999,57.347000,13785000,15734400.000000,158245.000000,43652.250000,902320638.720703,6907750301.250000,0.130624,2905000000.000000,0.763004
2023-12-21,58.810001,59.132000,57.439999,58.195000,7159000,15734400.000000,158245.000000,43869.152344,915663403.198242,6942074012.636719,0.131901,2905000000.000000,0.760339
2023-12-22,58.195999,62.257999,57.869999,61.924000,12620000,15636900.000000,158245.000000,43997.902344,968299392.259598,6962448056.386719,0.139075,2905000000.000000,0.750007
2023-12-26,60.949001,61.555000,59.648998,60.389000,12047000,15636900.000000,158245.000000,42520.402344,944296753.145599,6728641068.886719,0.140340,2905000000.000000,0.754683
2023-12-27,61.380001,67.382004,61.201000,67.070999,21273000,15636900.000000,158245.000000,43442.855469,1048782506.538391,6874614663.652344,0.152559,2905000000.000000,0.734739
2023-12-28,65.469002,68.934998,65.351997,66.788002,15808000,16713800.000000,158245.000000,42627.855469,1116281308.064270,6745644988.652344,0.165482,2905000000.000000,0.722407
2023-12-29,67.483002,68.000000,61.716999,63.161999,15818000,16713800.000000,158245.000000,42099.402344,1055677014.687347,6662019923.886719,0.158462,2905000000.000000,0.733460
2024-01-02,69.249001,72.777000,68.000000,68.514999,22074000,16713800.000000,189150.000000,44957.968750,1145145996.798706,8503799789.062500,0.134663,2905000000.000000,0.717258
2024-01-03,64.321999,65.855003,62.529999,63.105999,18806000,16713800.000000,189150.000000,42848.175781,1054741045.967865,8104732449.023438,0.130139,2905000000.000000,0.733634
2024-01-04,63.860001,66.800003,62.845001,65.581001,11193000,16713800.000000,189150.000000,44179.921875,1096107739.222717,8356632222.656250,0.131166,2905000000.000000,0.726049
2024-01-05,64.871002,65.403000,63.002998,63.108002,9323000,16713800.000000,189150.000000,44162.691406,1054774518.963623,8353373079.492188,0.126269,2905000000.000000,0.733628
2024-01-05,64.871002,65.403000,63.002998,63.108002,9323000,16098300.000000,189150.000000,44162.691406,1015931543.911743,8353373079.492188,0.121619,2905000000.000000,0.740895
2024-01-08,64.000000,64.688004,58.652000,59.800999,25143000,16098300.000000,189150.000000,46970.503906,962694417.174911,8884470813.867188,0.108357,2905000000.000000,0.751093
2024-01-09,60.000000,60.278000,57.125000,57.729000,14346000,16098300.000000,189150.000000,46139.730469,929338762.173843,8727330018.164062,0.106486,2905000000.000000,0.757627
2024-01-10,56.667999,58.700001,55.383999,56.567001,16409000,16098300.000000,189150.000000,46627.777344,910632557.716370,8819644084.570312,0.103250,2905000000.000000,0.761342
2024-01-11,59.898998,61.099998,53.029999,53.618000,25704000,16098300.000000,189150.000000,46368.585938,863158649.891281,8770618030.078125,0.098415,2905000000.000000,0.770934
2024-01-12,52.501999,52.589001,48.099998,48.553001,27403000,16098300.000000,189150.000000,42853.167969,781620782.498932,8105676721.289062,0.096429,2905000000.000000,0.787984
2024-01-16,47.900002,48.948002,46.700001,48.214001,16453000,16713800.000000,189150.000000,43154.945312,805839164.931488,8162757905.859375,0.098721,2905000000.000000,0.782842
2024-01-16,47.900002,48.948002,46.700001,48.214001,16453000,16714200.000000,189150.000000,43154.945312,805858450.531769,8162757905.859375,0.098724,2905000000.000000,0.782838
2024-01-17,47.423000,49.910000,47.423000,49.900002,9766000,16714200.000000,189150.000000,42742.652344,834038605.503845,8084772690.820312,0.103162,2905000000.000000,0.776938
2024-01-18,50.000000,52.200001,47.785000,48.660000,16605000,16714200.000000,189150.000000,41262.058594,813312969.449615,7804718383.007812,0.104208,2905000000.000000,0.781268
2024-01-19,48.450001,48.720001,46.500000,48.099998,11772000,16714200.000000,189150.000000,41618.406250,803952994.496155,7872121542.187500,0.102127,2905000000.000000,0.783240
2024-01-22,46.799999,48.396000,45.539001,47.019001,11431000,16714200.000000,189150.000000,39507.367188,785884986.632538,7472818503.515625,0.105166,2905000000.000000,0.787074
2024-01-23,45.000000,45.981998,43.874001,45.019001,11716000,17098100.000000,189150.000000,39845.550781,769739381.119156,7536785930.273438,0.102131,2905000000.000000,0.790532
2024-01-24,46.000000,46.200001,44.505001,45.098999,8233000,16713800.000000,189150.000000,40077.074219,753775649.877930,7580578588.476562,0.099435,2905000000.000000,0.793981
2024-01-25,45.231998,46.400002,44.589001,45.778000,6608000,16713800.000000,189150.000000,39933.808594,765124334.359741,7553479895.507812,0.101294,2905000000.000000,0.791526
2024-01-26,47.000000,50.095001,46.474998,49.450001,14660000,16713800.000000,189150.000000,41816.871094,826497422.751617,7909661167.382812,0.104492,2905000000.000000,0.778508
2024-01-29,50.000000,52.497002,49.021000,51.381001,13649000,16713800.000000,189150.000000,43288.246094,858771766.471100,8187971748.632812,0.104882,2905000000.000000,0.771832
2024-01-30,51.698002,52.580002,50.764000,51.951000,7388000,16085700.000000,189150.000000,42952.609375,835668204.136276,8124486063.281250,0.102858,2905000000.000000,0.776599
2024-01-30,51.698002,52.580002,50.764000,51.951000,7388000,16713800.000000,189150.000000,42952.609375,868298627.370453,8124486063.281250,0.106874,2905000000.000000,0.769883
2024-01-31,50.799999,52.789001,49.943001,50.120998,9380000,16530400.000000,189150.000000,42582.605469,828520151.663208,8054499824.414062,0.102864,2905000000.000000,0.778086
2024-02-01,50.180000,51.506001,49.596001,50.348000,6281000,16713800.000000,189150.000000,43075.773438,841506395.259094,8147782545.703125,0.103280,2905000000.000000,0.775389
2024-02-02,49.724998,50.900002,49.099998,50.009998,6098000,16654100.000000,189150.000000,43185.859375,832871513.046646,8168605300.781250,0.101960,2905000000.000000,0.777180
2024-02-02,49.724998,50.900002,49.099998,50.009998,6098000,16713800.000000,189150.000000,43185.859375,835857109.946442,8168605300.781250,0.102326,2905000000.000000,0.776560
2024-02-05,50.200001,50.348000,48.200001,49.060001,8599000,16713800.000000,189150.000000,42658.667969,819979050.952911,8068887046.289062,0.101622,2905000000.000000,0.779870
2024-02-06,49.330002,50.918999,49.312000,49.799999,6899000,16713800.000000,189150.000000,43084.671875,832347227.248383,8149465685.156250,0.102135,2905000000.000000,0.777289
2024-02-07,49.946999,50.862999,46.749001,50.800999,10997000,16713800.000000,189150.000000,44318.222656,849077731.867218,8382791815.429688,0.101288,2905000000.000000,0.773825
2024-02-08,53.000000,58.846001,52.505001,58.780998,22631000,16535600.000000,189150.000000,45301.566406,971979074.331665,8568791285.742188,0.113432,2905000000.000000,0.749295
2024-02-09,62.740002,64.889999,61.411999,64.632004,24685000,16868000.000000,189150.000000,47147.199219,1090212639.831543,8917892732.226562,0.122250,2905000000.000000,0.727120
2024-02-09,62.740002,64.889999,61.411999,64.632004,24685000,14904000.000000,189150.000000,47147.199219,963275384.399414,8917892732.226562,0.108016,2905000000.000000,0.750981
2024-02-12,65.198997,72.527000,65.016998,71.751999,23100000,14904000.000000,189150.000000,49958.222656,1069391791.625977,9449597815.429688,0.113168,2905000000.000000,0.730929
2024-02-13,67.500000,70.122002,65.555000,68.601997,13915000,16868000.000000,189150.000000,49742.441406,1157178491.729736,9408782791.992188,0.122989,2905000000.000000,0.715134
2024-02-14,74.599998,77.484001,73.417000,76.987999,20705000,16868000.000000,189150.000000,51826.695312,1298633566.497803,9803019418.359375,0.132473,2905000000.000000,0.691069
2024-02-15,79.244003,80.678001,70.750999,71.800003,23828000,16868000.000000,189150.000000,51938.554688,1211122451.477051,9824177619.140625,0.123280,2905000000.000000,0.705761
2024-02-16,73.500000,74.000000,68.938004,69.956001,13407000,16868000.000000,189150.000000,52160.203125,1180017829.620361,9866102421.093750,0.119603,2905000000.000000,0.711135
2024-02-20,71.079002,72.197998,67.027000,70.498001,9680000,16868000.000000,189150.000000,52284.875000,1189160282.531738,9889684106.250000,0.120242,2905000000.000000,0.709547
2024-02-21,68.430000,68.538002,66.426003,67.279999,6942000,16968100.000000,189150.000000,51839.179688,1141613747.286987,9805380837.890625,0.116427,2905000000.000000,0.717884
2024-02-22,68.370003,72.324997,67.999001,71.315002,10425000,16968100.000000,189150.000000,51304.972656,1210080092.926025,9704335577.929688,0.124695,2905000000.000000,0.705940
2024-02-23,69.901001,70.429001,67.806000,68.744003,7393000,16968100.000000,189150.000000,50731.949219,1166455122.325134,9595948194.726562,0.121557,2905000000.000000,0.713504
2024-02-26,68.793999,80.995003,68.793999,79.648003,22695000,16968100.000000,189150.000000,54522.402344,1351475273.332977,10312912403.320312,0.131047,2905000000.000000,0.682490
2024-02-27,86.610001,89.000000,84.176003,87.180000,22748000,16968100.000000,189150.000000,57085.371094,1479278963.178253,10797697942.382812,0.136999,2905000000.000000,0.662595
2024-02-28,95.199997,100.888000,91.550003,96.294998,48388000,16968100.000000,189150.000000,62504.789062,1633943158.430481,11822780851.171875,0.138203,2905000000.000000,0.640017
2024-02-29,99.900002,104.000000,96.043999,102.283997,35206000,16968100.000000,189150.000000,61198.382812,1735565082.403564,11575674108.984375,0.149932,2905000000.000000,0.626001
2024-03-01,99.599998,108.000000,99.199997,107.939003,26964000,16968100.000000,189150.000000,62440.632812,1831519796.646881,11810645696.484375,0.155074,2905000000.000000,0.613320
2024-03-04,120.000000,135.990997,119.000999,133.401001,54250000,16967200.000000,189150.000000,68330.414062,2263441463.769531,12924697819.921875,0.175125,2905000000.000000,0.562065
2024-03-05,124.418999,133.779007,103.505997,105.100998,57366000,16968100.000000,189150.000000,63801.199219,1783364242.887878,12067996832.226562,0.147776,2905000000.000000,0.619619
2024-03-05,124.418999,133.779007,103.505997,105.100998,57366000,15004100.000000,189150.000000,63801.199219,1576945882.963562,12067996832.226562,0.130672,2905000000.000000,0.648156
2024-03-06,114.000000,128.554993,113.110001,124.621002,36940000,15004100.000000,189150.000000,66106.804688,1869825979.067993,12504102106.640625,0.149537,2905000000.000000,0.608399
2024-03-07,128.498001,132.104004,122.500000,130.001999,21677000,15004100.000000,189150.000000,66925.484375,1950562991.716003,12658955369.531250,0.154086,2905000000.000000,0.598283
2024-03-08,132.804001,145.173004,128.365997,142.559006,37418000,16968100.000000,189150.000000,68300.093750,2418955465.251160,12918962732.812500,0.187241,3705000000.000000,0.605001
2024-03-11,155.000000,165.705994,147.735001,148.423004,41024000,16968100.000000,205000.000000,72123.906250,2518456376.724243,14785400781.250000,0.170334,3705000000.000000,0.595328
2024-03-12,154.399994,159.496994,143.800003,159.335007,35489000,16968100.000000,205000.000000,71481.289062,2703612327.421570,14653664257.812500,0.184501,3705000000.000000,0.578128
2024-03-12,154.399994,159.496994,143.800003,159.335007,35489000,16263600.000000,205000.000000,71481.289062,2591360815.191650,14653664257.812500,0.176840,3705000000.000000,0.588435
2024-03-13,166.000000,177.399994,162.000000,176.615005,37759000,16263600.000000,205000.000000,73083.500000,2872395803.338623,14982117500.000000,0.191722,3705000000.000000,0.563293
2024-03-14,170.800995,174.600006,155.076996,167.684998,49868000,16263600.000000,205000.000000,71396.593750,2727161726.293945,14636301718.750000,0.186329,3705000000.000000,0.576012
2024-03-15,160.001007,181.500000,157.000000,178.235992,44750000,16263600.000000,205000.000000,69403.773438,2898758886.511230,14227773554.687500,0.203739,3705000000.000000,0.561044
2024-03-18,171.845001,173.490005,144.501007,150.276001,45111000,16263600.000000,205000.000000,67548.593750,2444028769.482422,13847461718.750000,0.176497,3705000000.000000,0.602534
2024-03-19,132.606995,145.000000,123.012001,141.750000,44644000,16263600.000000,205000.000000,61912.773438,2305365300.000000,12692118554.687500,0.181638,3705000000.000000,0.616435
2024-03-20,142.300995,155.000000,136.300995,154.651993,33314000,16968100.000000,205000.000000,67913.671875,2624150478.993225,13922302734.375000,0.188485,3705000000.000000,0.585387
2024-03-21,159.412003,170.436005,158.102005,159.929001,31590000,16968100.000000,205000.000000,65491.390625,2713691279.399109,13425735078.125000,0.202126,3705000000.000000,0.577220
2024-03-22,152.000000,159.449005,149.000000,152.300003,20836000,16968100.000000,205000.000000,63778.761719,2584241681.782532,13074646152.343750,0.197653,3705000000.000000,0.589101
2024-03-22,152.000000,159.449005,149.000000,152.300003,20836000,16431600.000000,205000.000000,63778.761719,2502532730.145264,13074646152.343750,0.191403,3705000000.000000,0.596855
2024-03-25,160.500000,187.365005,159.442001,185.600006,38840000,16431600.000000,205000.000000,69958.812500,3049705060.290527,14341556562.500000,0.212648,3705000000.000000,0.548507
2024-03-26,188.242996,190.949997,179.199997,187.699005,23939000,16780600.000000,205000.000000,69987.835938,3149701925.433350,14347506367.187500,0.219530,3705000000.000000,0.540505
2024-03-27,195.300003,199.998993,184.199997,191.916000,26226000,16968100.000000,205000.000000,69455.343750,3256449885.813904,14238345468.750000,0.228710,3705000000.000000,0.532217
2024-03-28,194.300003,198.899994,164.552002,170.455994,45559000,19101700.000000,205000.000000,70744.953125,3255999253.948975,14502715390.625000,0.224510,3705000000.000000,0.532251
2024-03-28,194.300003,198.899994,164.552002,170.455994,45559000,16968100.000000,205000.000000,70744.953125,2892314345.892334,14502715390.625000,0.199433,3705000000.000000,0.561592
2024-04-01,164.501007,169.018997,158.656006,163.673996,19930000,16968100.000000,214246.000000,69702.148438,2777236731.047058,14933406494.140625,0.185975,3705000000.000000,0.571562
2024-04-02,149.199997,159.229004,146.294006,157.882996,18546000,16968100.000000,214246.000000,65446.972656,2678974457.733154,14021752103.710938,0.191058,3705000000.000000,0.580359
2024-04-03,158.001007,169.949005,156.832001,160.610992,19772000,16968100.000000,214246.000000,65980.812500,2725263380.679321,14136125154.875000,0.192787,3705000000.000000,0.576182
2024-04-04,169.298004,173.972000,161.009995,161.542007,20171000,16968100.000000,214246.000000,68508.843750,2741060936.549377,14677745738.062500,0.186749,3705000000.000000,0.574770
2024-04-04,169.298004,173.972000,161.009995,161.542007,20171000,16657400.000000,214246.000000,68508.843750,2690869834.835815,14677745738.062500,0.183330,3705000000.000000,0.579280
2024-04-05,157.000000,167.425003,143.199997,143.899994,22740000,16968100.000000,214246.000000,67837.640625,2441709486.434937,14533943153.343750,0.168000,3705000000.000000,0.602762
2024-04-08,160.210007,162.378006,149.119995,151.298996,20574000,16968100.000000,214246.000000,71631.359375,2567256493.547058,15346732220.656250,0.167284,3705000000.000000,0.590697
2024-04-09,147.809998,148.016998,137.500000,144.102005,16659000,16968100.000000,214246.000000,69139.015625,2445137231.123352,14812757541.593750,0.165070,3705000000.000000,0.602426
2024-04-09,147.809998,148.016998,137.500000,144.102005,16659000,16118100.000000,214246.000000,69139.015625,2322650526.869202,14812757541.593750,0.156801,3705000000.000000,0.614667
2024-04-10,138.750000,156.600006,137.376999,156.600006,19392000,16968100.000000,214246.000000,70587.882812,2657204563.565063,15123171541.046875,0.175704,3705000000.000000,0.582345
2024-04-11,154.300003,157.837006,151.009003,155.181000,14386000,16968100.000000,214246.000000,70060.609375,2633126721.957397,15010205316.156250,0.175422,3705000000.000000,0.584558
2024-04-12,153.500000,153.781998,143.300003,147.957993,12906000,16968100.000000,214246.000000,67195.867188,2510566013.450623,14396445761.453125,0.174388,3705000000.000000,0.596084
2024-04-15,147.000000,148.996994,132.104996,133.587997,16125000,16968100.000000,214246.000000,63426.210938,2266734499.302673,13588811988.515625,0.166809,3705000000.000000,0.620423
2024-04-16,130.602005,132.850006,121.514999,125.403000,17292000,18802200.000000,214246.000000,63811.863281,2357852284.304810,13671436460.554688,0.172466,3705000000.000000,0.611099
2024-04-16,130.602005,132.850006,121.514999,125.403000,17292000,17637200.000000,214246.000000,63811.863281,2211757789.447021,13671436460.554688,0.161779,3705000000.000000,0.626188
2024-04-17,125.800003,126.421997,113.198997,118.805000,20374000,17637200.000000,214246.000000,61276.691406,2095387551.382446,13128286027.023438,0.159609,3705000000.000000,0.638750
2024-04-17,125.800003,126.421997,113.198997,118.805000,20374000,18755800.000000,214246.000000,61276.691406,2228282824.723816,13128286027.023438,0.169731,3705000000.000000,0.624444
2024-04-18,119.199997,128.787994,116.843002,120.816002,17697000,18755800.000000,214246.000000,63512.753906,2266000768.287659,13607353473.398438,0.166528,3705000000.000000,0.620499
2024-04-19,123.699997,125.864998,116.624001,117.411003,14747000,18755800.000000,214246.000000,63843.570312,2202137292.182922,13678229565.171875,0.160996,3705000000.000000,0.627207
2024-04-22,120.900002,134.789993,120.800003,132.401001,19411000,18755800.000000,214246.000000,66837.679688,2483286694.116211,14319705522.328125,0.173417,3705000000.000000,0.598712
2024-04-23,131.100006,139.445007,129.889008,133.863998,10478000,18755800.000000,214246.000000,66407.273438,2510726381.436157,14227492704.890625,0.176470,3705000000.000000,0.596069
2024-04-24,132.701004,134.500000,126.000000,126.567001,9512000,18755800.000000,214246.000000,64276.898438,2373865363.784790,13771068382.640625,0.172381,3705000000.000000,0.609489
2024-04-25,122.599998,126.772003,120.113998,124.041000,7734000,17637200.000000,214246.000000,64481.707031,2187735931.658936,13814947804.617188,0.158360,3705000000.000000,0.628740
2024-04-25,122.599998,126.772003,120.113998,124.041000,7734000,18644700.000000,214246.000000,64481.707031,2312707239.527893,13814947804.617188,0.167406,3705000000.000000,0.615683
2024-04-26,122.500000,128.597000,120.401001,128.238007,8815000,18644700.000000,214246.000000,63755.320312,2390959161.502075,13659322355.671875,0.175042,3705000000.000000,0.607780
2024-04-29,125.000000,130.841995,122.842003,129.296997,10131000,18644700.000000,214246.000000,63841.121094,2410703721.276855,13677704829.851562,0.176251,3705000000.000000,0.605817
2024-04-30,119.901001,121.542000,106.317001,106.502998,24936000,17647000.000000,214246.000000,60636.855469,1879458411.918640,12991203736.757812,0.144672,3705000000.000000,0.663448
2024-04-30,119.901001,121.542000,106.317001,106.502998,24936000,17492700.000000,214246.000000,60636.855469,1863024999.272919,12991203736.757812,0.143407,3705000000.000000,0.665406
2024-05-01,101.553001,110.932999,101.000000,102.827003,19249000,17647000.000000,214246.000000,58254.011719,1814588130.393982,12480688994.695312,0.145392,3705000000.000000,0.671246
2024-05-02,105.500000,114.230003,104.176003,112.942001,15402000,17647000.000000,214246.000000,59123.433594,1993087497.695923,12666959153.726562,0.157345,3705000000.000000,0.650218
2024-05-03,120.100998,124.199997,117.281998,122.301003,15610000,17737400.000000,214246.000000,62889.835938,2169301801.786804,13473895790.265625,0.161000,3705000000.000000,0.630713
2024-05-06,127.385002,133.899994,126.010002,126.880997,13870000,17108000.000000,214246.000000,63161.949219,2170680091.613770,13532194972.320312,0.160409,3705000000.000000,0.630565
2024-05-07,127.820000,131.899994,125.129997,125.745003,9968000,17737400.000000,214246.000000,62334.816406,2230389411.717224,13354985075.773438,0.167008,3705000000.000000,0.624222
2024-05-08,119.838997,125.989998,119.000000,123.311996,8590000,17737400.000000,214246.000000,61187.941406,2187234206.008911,13109271694.523438,0.166846,3705000000.000000,0.628794
2024-05-09,123.000000,130.300003,120.098999,126.363998,10534000,17737400.000000,214246.000000,63049.960938,2241368785.452271,13508201931.015625,0.165927,3705000000.000000,0.623069
2024-05-10,128.998993,130.199005,117.852997,118.047997,14038000,17324800.000000,214246.000000,60792.777344,2045157930.126953,13024609374.789062,0.157023,3705000000.000000,0.644330
2024-05-10,128.998993,130.199005,117.852997,118.047997,14038000,17737400.000000,214246.000000,60792.777344,2093864533.491516,13024609374.789062,0.160762,3705000000.000000,0.638918
2024-05-13,121.793999,126.415001,120.300003,124.596001,8757000,17737400.000000,214246.000000,62901.449219,2210009102.308655,13476383889.320312,0.163991,3705000000.000000,0.626373
2024-05-14,122.648003,129.869003,122.648003,129.763000,9268000,17737400.000000,214246.000000,61552.789062,2301658244.860840,13187438845.484375,0.174534,3705000000.000000,0.616816
2024-05-15,137.960007,152.033997,135.108994,150.347000,20586000,17031100.000000,214246.000000,66267.492188,2560574793.778992,14197545131.203125,0.180353,3705000000.000000,0.591326
2024-05-16,149.410004,151.889999,143.544998,143.998001,13656000,17737400.000000,214246.000000,65231.582031,2554150144.686890,13975605523.867188,0.182758,3705000000.000000,0.591933
2024-05-17,150.098007,158.500000,146.899994,158.449997,16529000,17737400.000000,214246.000000,67051.875000,2810490975.869751,14365596011.250000,0.195640,3705000000.000000,0.568645
2024-05-17,150.098007,158.500000,146.899994,158.449997,16529000,18519500.000000,214246.000000,67051.875000,2934414718.482971,14365596011.250000,0.204267,3705000000.000000,0.558031
2024-05-20,159.699997,172.895996,155.141998,172.723999,16717000,18519500.000000,214246.000000,71448.195312,3198762099.914551,15307490052.921875,0.208967,3705000000.000000,0.536664
2024-05-21,173.000000,174.000000,164.500000,165.542007,12978000,17737400.000000,214246.000000,70136.531250,2936284802.877808,15026471274.187500,0.195407,3705000000.000000,0.557874
2024-05-21,173.000000,174.000000,164.500000,165.542007,12978000,18507000.000000,214246.000000,70136.531250,3063685931.808472,15026471274.187500,0.203886,3705000000.000000,0.547374
2024-05-22,166.300003,171.800003,162.014999,164.699997,10339000,17737400.000000,214246.000000,69122.335938,2921349725.869751,14809183985.265625,0.197266,3705000000.000000,0.559131
2024-05-23,166.921005,167.000000,153.033005,154.406998,11588000,17828100.000000,214246.000000,67929.562500,2752783395.350647,14553637047.375000,0.189147,3705000000.000000,0.573726
2024-05-23,166.921005,167.000000,153.033005,154.406998,11588000,17737400.000000,214246.000000,67929.562500,2738778680.661011,14553637047.375000,0.188185,3705000000.000000,0.574973
2024-05-24,154.000000,168.500000,152.800003,168.483994,12069000,17737400.000000,214246.000000,68526.101562,2988467986.843872,14681443155.359375,0.203554,3705000000.000000,0.553525
2024-05-24,154.000000,168.500000,152.800003,168.483994,12069000,18919800.000000,214246.000000,68526.101562,3187683460.794067,14681443155.359375,0.217123,3705000000.000000,0.537526
2024-05-28,165.000000,169.154999,161.001999,167.535004,10799000,18919800.000000,214246.000000,68296.218750,3169728762.286377,14632191682.312500,0.216627,3705000000.000000,0.538930
2024-05-29,165.000000,165.906998,161.117996,161.869995,7344000,17737400.000000,214246.000000,67578.093750,2871152851.391602,14478336273.562500,0.198307,3705000000.000000,0.563399
2024-05-30,165.300003,171.498993,153.195999,154.100006,14708000,17737400.000000,214246.000000,68364.992188,2733333448.260498,14646926116.203125,0.186615,3705000000.000000,0.575459
2024-05-31,159.699997,161.481995,144.199997,152.449005,22154000,17737400.000000,214246.000000,67491.414062,2704048983.538818,14459765497.234375,0.187005,3705000000.000000,0.578089
2024-05-31,159.699997,161.481995,144.199997,152.449005,22154000,18616800.000000,214246.000000,67491.414062,2838112638.647461,14459765497.234375,0.196277,3705000000.000000,0.566244
2024-06-03,160.100006,165.600006,156.042007,162.740997,11222000,18616800.000000,214246.000000,68804.781250,3029716598.803711,14741149163.687500,0.205528,3705000000.000000,0.550135
2024-06-04,161.742004,169.699997,161.500000,163.876999,13230000,17737400.000000,214246.000000,70567.765625,2906751880.313110,15118861514.093750,0.192260,3705000000.000000,0.560366
2024-06-05,167.500000,171.783997,163.623993,169.468994,10956000,17737400.000000,214246.000000,71082.820312,3005939336.669922,15229209920.671875,0.197380,3705000000.000000,0.552084
2024-06-06,169.858994,173.470001,164.705002,165.662994,11623000,17737400.000000,214246.000000,70757.164062,2938430796.600342,15159439371.734375,0.193835,3705000000.000000,0.557694
2024-06-07,167.102005,171.770004,158.500000,159.619995,12627000,18144900.000000,214246.000000,69342.585938,2896288849.401855,14856371666.765625,0.194953,3705000000.000000,0.561254
2024-06-07,167.102005,171.770004,158.500000,159.619995,12627000,17737400.000000,214246.000000,69342.585938,2831243701.391602,14856371666.765625,0.190574,3705000000.000000,0.566839
2024-06-10,157.501007,164.776001,156.029007,159.992004,7239000,17737400.000000,214246.000000,69512.281250,2837842178.747559,14892728208.687500,0.190552,3705000000.000000,0.566268
2024-06-11,154.199997,156.414993,148.660004,155.548996,11412000,17737400.000000,214246.000000,67332.031250,2759034761.148071,14425618367.187500,0.191259,3705000000.000000,0.573171
2024-06-12,162.000000,169.270996,159.177002,160.367004,13681000,18289200.000000,214246.000000,68241.187500,2932984216.772461,14620401457.125000,0.200609,3705000000.000000,0.558151
2024-06-12,162.000000,169.270996,159.177002,160.367004,13681000,17737400.000000,214246.000000,68241.187500,2844493703.747559,14620401457.125000,0.194556,3705000000.000000,0.565693
2024-06-13,156.330002,157.376007,144.100998,148.388000,21108000,17204500.000000,214246.000000,66756.398438,2552941354.400635,14302291339.640625,0.178499,3705000000.000000,0.592048
2024-06-13,156.330002,157.376007,144.100998,148.388000,21108000,17737400.000000,214246.000000,66756.398438,2632017319.860840,14302291339.640625,0.184028,3705000000.000000,0.584660
2024-06-14,150.500000,153.800003,146.151001,149.554001,13790000,17737400.000000,214400.000000,66011.093750,2652699134.756470,14152778500.000000,0.187433,4505000000.000000,0.629392
2024-06-17,149.979996,156.901001,142.117004,150.725998,12076000,17737400.000000,214400.000000,66490.296875,2673487315.591431,14255519650.000000,0.187541,4505000000.000000,0.627570
2024-06-18,145.792999,151.095001,144.600006,146.942993,8934000,17737400.000000,214400.000000,65140.746094,2606386646.948242,13966175962.500000,0.186621,4505000000.000000,0.633491
2024-06-20,148.210999,150.559006,142.205994,146.539993,9098000,17737400.000000,214400.000000,64828.656250,2599238476.913452,13899263900.000000,0.187005,4505000000.000000,0.634128
2024-06-21,142.000000,149.104996,140.901993,148.376007,11353000,17737400.000000,214400.000000,64096.199219,2631804587.982178,13742225112.500000,0.191512,4505000000.000000,0.631235
2024-06-21,142.000000,149.104996,140.901993,148.376007,11353000,17786200.000000,214400.000000,64096.199219,2639045337.127686,13742225112.500000,0.192039,4505000000.000000,0.630595
2024-06-24,139.800003,144.889999,132.554001,137.214996,16081000,17786200.000000,214400.000000,60277.414062,2440533367.864990,12923477575.000000,0.188845,4505000000.000000,0.648618
2024-06-25,141.376999,149.899994,139.339005,149.574005,13537000,17786200.000000,214400.000000,61804.640625,2660353169.989014,13250914950.000000,0.200768,4505000000.000000,0.628720
2024-06-26,147.229004,150.501999,144.500000,145.772995,7502000,17737400.000000,214400.000000,60811.277344,2585633921.426392,13037937862.500000,0.198316,4505000000.000000,0.635345
2024-06-27,148.500000,153.899994,146.350006,152.539993,9308000,17737400.000000,214400.000000,61604.800781,2705662876.913452,13208069287.500000,0.204849,4505000000.000000,0.624769
2024-06-28,151.641998,151.899994,136.701996,137.748001,34113000,17737400.000000,214400.000000,60320.136719,2443291394.686890,12932637312.500000,0.188924,4505000000.000000,0.648361
2024-06-28,151.641998,151.899994,136.701996,137.748001,34113000,16962800.000000,214400.000000,60320.136719,2336591793.035889,12932637312.500000,0.180674,4505000000.000000,0.658472
2024-07-01,141.000000,143.595001,136.307999,136.597000,14129000,16962800.000000,214400.000000,62851.980469,2317067593.670654,13475464612.500000,0.171947,4505000000.000000,0.660357
2024-07-02,136.550995,138.440994,130.656998,132.018997,9229000,17737400.000000,214400.000000,62029.015625,2341673760.800171,13299020950.000000,0.176079,4505000000.000000,0.657984
2024-07-03,129.800003,132.800003,127.347000,130.209000,6659000,17737400.000000,214400.000000,60173.921875,2309569110.104370,12901288850.000000,0.179018,4505000000.000000,0.661084
2024-07-03,129.800003,132.800003,127.347000,130.209000,6659000,18352500.000000,214400.000000,60173.921875,2389660665.779114,12901288850.000000,0.185227,4505000000.000000,0.653404
2024-07-05,121.550003,129.917007,120.232002,128.171997,15029000,18352500.000000,214400.000000,56662.375000,2352276576.232910,12148413200.000000,0.193628,4505000000.000000,0.656966
2024-07-08,131.453003,132.500000,125.877998,129.057999,8736000,18352500.000000,214400.000000,56705.097656,2368536920.356750,12157572937.500000,0.194820,4505000000.000000,0.655412
2024-07-09,131.388000,132.000000,127.808998,130.177002,8903000,17737400.000000,214400.000000,58009.226562,2309001554.443359,12437178175.000000,0.185653,4505000000.000000,0.661139
2024-07-10,131.970001,134.500000,129.600006,130.572006,6387000,17737400.000000,214400.000000,57742.496094,2316007903.225708,12379991162.500000,0.187077,4505000000.000000,0.660460
2024-07-10,131.970001,134.500000,129.600006,130.572006,6387000,17683800.000000,214400.000000,57742.496094,2309009243.692017,12379991162.500000,0.186511,4505000000.000000,0.661138
2024-07-10,131.970001,134.500000,129.600006,130.572006,6387000,17585000.000000,214400.000000,57742.496094,2296108729.476929,12379991162.500000,0.185469,4505000000.000000,0.662392
2024-07-11,139.600006,143.199997,132.923996,135.856003,13513000,17737400.000000,214400.000000,57344.914062,2409732264.199829,12294749575.000000,0.195997,4505000000.000000,0.651508
2024-07-12,133.919998,143.539993,132.419006,139.675995,10641000,17737400.000000,214400.000000,57899.464844,2477488991.461182,12413645262.500000,0.199578,4505000000.000000,0.645185
2024-07-15,152.399994,163.899994,149.242996,161.128006,24671000,17737400.000000,214400.000000,64870.152344,2857991893.295288,13908160662.500000,0.205490,4505000000.000000,0.611844
2024-07-16,161.500000,167.578003,157.639999,166.429993,15810000,17737400.000000,214400.000000,65097.148438,2952035352.087402,13956828625.000000,0.211512,4505000000.000000,0.604127
2024-07-17,161.100006,167.408005,153.000000,159.000000,17212000,17737400.000000,214400.000000,64118.792969,2820246600.000000,13747069212.500000,0.205153,4505000000.000000,0.614996
2024-07-18,163.389999,163.699997,151.625000,155.516006,10236000,17737400.000000,214400.000000,63974.066406,2758449613.156128,13716039837.500000,0.201111,4505000000.000000,0.620229
2024-07-18,163.389999,163.699997,151.625000,155.516006,10236000,18568400.000000,214400.000000,63974.066406,2887683414.532471,13716039837.500000,0.210533,4505000000.000000,0.609386
2024-07-19,157.339996,178.500000,156.500000,177.850006,20458000,18568400.000000,214400.000000,66710.156250,3302390053.332520,14302657500.000000,0.230893,4505000000.000000,0.577017
2024-07-22,178.401993,181.065994,173.613007,180.009003,15391000,18568400.000000,214400.000000,67585.250000,3342479165.466309,14490277600.000000,0.230670,4505000000.000000,0.574070
2024-07-23,176.399002,179.800003,171.501999,172.177002,10747000,18568400.000000,214400.000000,65927.671875,3197051443.066406,14134892850.000000,0.226182,4505000000.000000,0.584909
2024-07-24,175.000000,176.951996,166.701996,167.268997,13774000,18544300.000000,214400.000000,65372.132812,3101886464.634705,14015785275.000000,0.221314,4505000000.000000,0.592227
2024-07-24,175.000000,176.951996,166.701996,167.268997,13774000,17737400.000000,214400.000000,65372.132812,2966917110.800171,14015785275.000000,0.211684,4505000000.000000,0.602924
2024-07-25,161.649994,167.785995,150.766006,160.647003,14772000,17737400.000000,214400.000000,65777.226562,2849460154.095459,14102637375.000000,0.202052,4505000000.000000,0.612553
2024-07-26,170.000000,177.697006,168.600998,175.270996,14138000,17737400.000000,214400.000000,67912.062500,3108851766.113281,14560346200.000000,0.213515,4505000000.000000,0.591685
2024-07-29,181.998993,183.699997,167.126999,168.485001,12802000,17737400.000000,214400.000000,66819.914062,2988485849.826050,14326189575.000000,0.208603,4505000000.000000,0.601189
2024-07-30,168.798996,169.500000,159.248993,160.406998,9155000,17737400.000000,214400.000000,66201.015625,2845203080.661011,14193497750.000000,0.200458,4505000000.000000,0.612908
2024-07-31,164.602997,168.500000,160.854996,161.444000,7534000,17737400.000000,214400.000000,64619.250000,2863596809.930420,13854367200.000000,0.206693,4505000000.000000,0.611378
2024-08-01,161.500000,163.436005,148.201996,151.181000,11930000,17737400.000000,214400.000000,65357.500000,2681557865.069580,14012648000.000000,0.191367,4505000000.000000,0.626865
2024-08-02,148.580994,159.139999,141.710007,144.798996,14126000,19067000.000000,214400.000000,61415.066406,2760882456.192017,13167390237.500000,0.209676,4505000000.000000,0.620021
2024-08-05,105.165001,135.427002,102.402000,130.899994,22678000,19067000.000000,214400.000000,53991.457031,2495870183.624268,11575768387.500000,0.215612,4505000000.000000,0.643491
2024-08-06,132.600006,139.494003,126.218002,136.921005,12260000,19067000.000000,214400.000000,56034.316406,2610672807.083130,12013757437.500000,0.217307,4505000000.000000,0.633109
2024-08-07,140.878006,142.158005,124.013000,124.684998,10934000,19432100.000000,214400.000000,55027.460938,2422891341.058350,11797887625.000000,0.205367,4505000000.000000,0.650270
2024-08-08,130.229996,136.759995,128.059998,135.990005,10378300,194320992.000000,214400.000000,61710.136719,26425712769.517090,13230653312.500000,1.997310,4505000000.000000,0.145648
2024-08-09,135.889999,136.690002,129.550003,135.369995,7330400,194320992.000000,214400.000000,60880.113281,26305231738.207031,13052696287.500000,2.015310,4505000000.000000,0.146218
2024-08-12,133.490005,139.210007,129.220001,131.460007,6932300,200100000.000000,214400.000000,59354.515625,26305147343.444824,12725608150.000000,2.067103,4505000000.000000,0.146218
2024-08-13,132.279999,140.000000,130.259995,135.380005,8123100,194320992.000000,214400.000000,60609.566406,26307176845.792969,12994691037.500000,2.024456,4505000000.000000,0.146208
2024-08-14,136.369995,137.399994,129.330002,130.369995,8535900,194320992.000000,214400.000000,58737.269531,25333626778.207031,12593270587.500000,2.011680,4505000000.000000,0.150979
2024-08-15,132.699997,139.000000,130.729996,131.929993,10856900,194320992.000000,214400.000000,57560.097656,25636767051.310547,12340884937.500000,2.077385,4505000000.000000,0.149460
2024-08-16,133.250000,136.320007,126.589996,133.039993,11360400,194320992.000000,214400.000000,58894.105469,25852463471.034668,12626896212.500000,2.047412,4505000000.000000,0.148398
2024-08-19,133.699997,137.440002,131.160004,135.350006,6595700,194320992.000000,214400.000000,59493.453125,26301347453.241211,12755396350.000000,2.061978,4505000000.000000,0.146236
2024-08-20,139.740005,141.360001,130.630005,133.690002,11274600,194320992.000000,214400.000000,59012.792969,25978773894.896484,12652342812.500000,2.053278,4505000000.000000,0.147784
2024-08-20,139.740005,141.360001,130.630005,133.690002,11274600,191004000.000000,214400.000000,59012.792969,25535325226.318359,12652342812.500000,2.018229,4505000000.000000,0.149965
2024-08-21,134.339996,142.580002,132.869995,141.419998,11774500,191004000.000000,214400.000000,61175.191406,27011785330.261230,13115961037.500000,2.059459,4505000000.000000,0.142940
2024-08-22,141.389999,141.779999,133.690002,133.809998,7963400,191004000.000000,214400.000000,60381.914062,25558244773.681641,12945882375.000000,1.974237,4505000000.000000,0.149851
2024-08-23,137.399994,151.809998,135.509995,150.009995,17791300,191004000.000000,214400.000000,64094.355469,28652508990.783691,13741829812.500000,2.085058,4505000000.000000,0.135867
2024-08-26,148.119995,152.350006,146.600006,146.899994,10418800,191004000.000000,214400.000000,62880.660156,28058486434.204102,13481613537.500000,2.081241,4505000000.000000,0.138345
2024-08-27,144.479996,145.240005,138.190002,140.009995,10943100,198435008.000000,214400.000000,59504.132812,27782884380.043945,12757686075.000000,2.177737,4505000000.000000,0.139526
2024-08-27,144.479996,145.240005,138.190002,140.009995,10943100,194320992.000000,214400.000000,59504.132812,27206881022.482910,12757686075.000000,2.132587,4505000000.000000,0.142060
2024-08-28,138.160004,138.399994,130.729996,132.089996,8860100,194320992.000000,214400.000000,59027.625000,25667859121.655273,12655522800.000000,2.028194,4505000000.000000,0.149306
2024-08-29,137.000000,139.429993,131.000000,132.559998,8431400,205972000.000000,214400.000000,59388.179688,27303647817.138672,12732825725.000000,2.144351,4505000000.000000,0.141628
2024-08-29,137.000000,139.429993,131.000000,132.559998,8431400,194320992.000000,214400.000000,59388.179688,25759190225.103516,12732825725.000000,2.023054,4505000000.000000,0.148856
2024-08-30,134.000000,135.250000,128.300003,132.419998,7803000,194526000.000000,214400.000000,59119.476562,25759132563.812256,12675215775.000000,2.032244,4505000000.000000,0.148856
2024-09-03,132.000000,132.729996,122.190002,122.320000,8258800,194526000.000000,214400.000000,57431.023438,23794420260.635376,12313211425.000000,1.932430,4505000000.000000,0.159191
2024-09-04,120.250000,125.980003,117.940002,124.849998,8191100,210366000.000000,214400.000000,57971.539062,26264194779.006958,12429097975.000000,2.113122,4505000000.000000,0.146413
2024-09-04,120.250000,125.980003,117.940002,124.849998,8191100,194320992.000000,214400.000000,57971.539062,24260975554.689697,12429097975.000000,1.951950,4505000000.000000,0.156609
2024-09-05,122.349998,126.830002,119.430000,119.570000,6066600,190383008.000000,214400.000000,56160.488281,22764096208.459717,12040808687.500000,1.890579,4505000000.000000,0.165205
2024-09-05,122.349998,126.830002,119.430000,119.570000,6066600,194320992.000000,214400.000000,56160.488281,23234960954.137939,12040808687.500000,1.929684,4505000000.000000,0.162401
2024-09-06,122.930000,124.690002,113.690002,114.300003,8795500,202919008.000000,214400.000000,53948.753906,23193643233.659668,11566612837.500000,2.005223,4505000000.000000,0.162643
2024-09-06,122.930000,124.690002,113.690002,114.300003,8795500,194320992.000000,214400.000000,53948.753906,22210889978.620605,11566612837.500000,1.920259,4505000000.000000,0.168626
2024-09-09,118.930000,125.230003,117.500000,124.820000,9771200,194320992.000000,214400.000000,57019.535156,24255146162.137939,12224988337.500000,1.984063,4505000000.000000,0.156640
2024-09-10,123.000000,129.820007,121.550003,129.639999,7738000,194320992.000000,214400.000000,57648.710938,25191773284.275879,12359883625.000000,2.038189,4505000000.000000,0.151700
2024-09-11,124.809998,131.000000,121.300003,129.279999,8731200,187096000.000000,214400.000000,57343.171875,24187770651.611328,12294376050.000000,1.967385,4505000000.000000,0.157008
2024-09-11,124.809998,131.000000,121.300003,129.279999,8731200,194320992.000000,214400.000000,57343.171875,25121817608.551758,12294376050.000000,2.043358,4505000000.000000,0.152058
2024-09-12,129.000000,134.100006,127.269997,130.770004,6031600,194862000.000000,214400.000000,58127.011719,25482104572.540283,12462431312.500000,2.044714,4505000000.000000,0.150231
2024-09-12,129.000000,134.100006,127.269997,130.770004,6031600,194320992.000000,214400.000000,58127.011719,25411356954.068848,12462431312.500000,2.039037,4505000000.000000,0.150587
2024-09-13,131.100006,143.000000,129.839996,141.470001,12239100,194320992.000000,244100.000000,60571.300781,27490590975.448242,14785454520.703125,1.859300,4505000000.000000,0.140801
2024-09-16,137.020004,137.880005,132.669998,134.529999,8765900,213080992.000000,244100.000000,58192.507812,28665785593.651367,14204791157.031250,2.018036,4505000000.000000,0.135812
2024-09-17,138.369995,140.160004,128.820007,131.270004,21043400,202628000.000000,244100.000000,60308.539062,26598978425.720215,14721314385.156250,1.806834,5515000000.000000,0.171732
2024-09-18,130.440002,139.490005,128.509995,132.669998,16345600,202628000.000000,244100.000000,61649.679688,26882656388.977051,15048686811.718750,1.786379,5515000000.000000,0.170228
2024-09-18,130.440002,139.490005,128.509995,132.669998,16345600,207660000.000000,244100.000000,61649.679688,27550251819.763184,15048686811.718750,1.830741,5515000000.000000,0.166791
2024-09-19,140.449997,148.960007,139.619995,144.660004,20177300,207660000.000000,244100.000000,62940.457031,30040096360.473633,15363765561.328125,1.955256,5515000000.000000,0.155111
2024-09-20,144.389999,148.029999,141.639999,144.779999,12332300,202628000.000000,244100.000000,63192.976562,29336481592.651367,15425405578.906250,1.901829,5515000000.000000,0.158243
2024-09-20,144.389999,148.029999,141.639999,144.779999,12332300,185264992.000000,244100.000000,63192.976562,26822665315.606445,15425405578.906250,1.738863,5515000000.000000,0.170544
2024-09-23,147.479996,151.589996,145.009995,149.970001,10090300,185264992.000000,244100.000000,63329.800781,27784191076.393555,15458804370.703125,1.797305,5515000000.000000,0.165620
2024-09-24,150.160004,154.330002,146.710007,153.880005,9365200,185264992.000000,244100.000000,64301.968750,28508577873.574219,15696110571.875000,1.816283,5515000000.000000,0.162093
2024-09-25,152.300003,157.880005,151.500000,151.940002,7839400,185264992.000000,244100.000000,63143.144531,28149163336.787109,15413241580.078125,1.826297,5515000000.000000,0.163824
2024-09-26,157.630005,167.509995,156.380005,165.979996,17068500,185264992.000000,244100.000000,65181.019531,30750282580.622559,15910686867.578125,1.932681,5515000000.000000,0.152074
2024-09-27,170.479996,179.600006,168.309998,176.220001,17321200,185264992.000000,244100.000000,65790.664062,32647397116.393555,16059501097.656250,2.032902,5515000000.000000,0.144514
2024-09-30,168.630005,175.509995,167.309998,168.600006,13338100,185264992.000000,252220.000000,63329.500000,31235678781.967773,15972966490.000000,1.955534,5515000000.000000,0.150065
2024-10-01,168.520004,169.429993,157.020004,162.690002,14103300,185264992.000000,252220.000000,60837.007812,30140762000.787109,15344310110.468750,1.964296,5515000000.000000,0.154673
2024-10-02,160.509995,173.880005,159.160004,164.639999,12557500,185264992.000000,252220.000000,60632.785156,30502028169.803223,15292801072.109375,1.994535,5515000000.000000,0.153122
2024-10-03,163.389999,165.860001,157.820007,163.410004,8814200,185264992.000000,252220.000000,60759.402344,30274153021.180664,15324736459.140625,1.975509,5515000000.000000,0.154097
2024-10-04,166.720001,176.550003,163.970001,176.509995,14030100,202628000.000000,252220.000000,62067.476562,35765867166.931152,15654658938.593750,2.284679,5515000000.000000,0.133597
2024-10-04,166.720001,176.550003,163.970001,176.509995,14030100,204040992.000000,252220.000000,62067.476562,36015274377.089355,15654658938.593750,2.300611,5515000000.000000,0.132795
2024-10-07,179.710007,191.990005,178.800003,186.089996,19826000,204040992.000000,252220.000000,62236.660156,37969987454.059570,15697330424.609375,2.418882,5515000000.000000,0.126825
2024-10-08,186.100006,198.490005,184.449997,192.199997,20984800,204040992.000000,252220.000000,62131.968750,39216678039.716309,15670925158.125000,2.502512,5515000000.000000,0.123291
2024-10-09,189.770004,198.389999,185.250000,188.910004,13445300,204040992.000000,252220.000000,60582.101562,38545384545.940430,15280017656.093750,2.522601,5515000000.000000,0.125169
2024-10-10,191.889999,192.199997,178.000000,183.339996,15937500,204040992.000000,252220.000000,60274.500000,37408874726.059570,15202434390.000000,2.460716,5515000000.000000,0.128483
2024-10-11,188.500000,212.809998,187.410004,212.589996,29933800,204040992.000000,252220.000000,62445.089844,43377073742.059570,15749900560.390625,2.754117,5515000000.000000,0.112799
2024-10-14,224.479996,227.149994,201.429993,201.669998,31736600,213611008.000000,252220.000000,66046.125000,43078931592.226562,16658153647.500000,2.586057,5515000000.000000,0.113492
2024-10-15,206.729996,211.160004,189.699997,194.309998,23114600,202628000.000000,252220.000000,67041.109375,39372646185.302734,16909108606.562500,2.328487,5515000000.000000,0.122862
2024-10-16,199.899994,200.619995,191.960007,194.089996,12434600,202618000.000000,252220.000000,67612.718750,39326126877.990723,17053279923.125000,2.306074,5515000000.000000,0.122990
2024-10-17,192.800003,198.880005,185.809998,193.419998,11414300,202628000.000000,252220.000000,67399.835938,39192307388.977051,16999586620.156250,2.305486,5515000000.000000,0.123358
2024-10-18,197.589996,218.649994,197.100006,215.860001,22814800,202628000.000000,252220.000000,68418.789062,43739280203.674316,17256586977.343750,2.534643,5515000000.000000,0.111970
2024-10-18,197.589996,218.649994,197.100006,215.860001,22814800,201928992.000000,252220.000000,68418.789062,43588392336.367676,17256586977.343750,2.525899,5515000000.000000,0.112314
2024-10-21,214.490005,223.149994,208.449997,219.050003,18028600,201928992.000000,252220.000000,67367.851562,44232546313.838379,16991519521.093750,2.603213,5515000000.000000,0.110860
2024-10-22,216.210007,221.399994,212.080002,219.699997,13758100,201928992.000000,252220.000000,67361.406250,44363798926.161621,16989893884.375000,2.611188,5515000000.000000,0.110568
2024-10-23,215.080002,222.850006,204.910004,213.949997,17025500,201928992.000000,252220.000000,66432.195312,43202707222.161621,16755528301.718750,2.578415,5515000000.000000,0.113203
2024-10-24,220.089996,236.289993,218.250000,235.889999,23221500,201928992.000000,252220.000000,68161.054688,47633029799.632324,17191581213.281250,2.770718,5515000000.000000,0.103767
2024-10-25,236.389999,245.570007,227.750000,234.339996,25093200,183782000.000000,252220.000000,66642.414062,43067473206.970215,16808549674.843750,2.562236,5515000000.000000,0.113518
2024-10-25,236.389999,245.570007,227.750000,234.339996,25093200,184998000.000000,252220.000000,66642.414062,43352430642.517090,16808549674.843750,2.579189,5515000000.000000,0.112856
2024-10-28,244.639999,259.500000,242.770004,255.339996,23182000,184998000.000000,252220.000000,69907.757812,47237388642.517090,17632134675.468750,2.679051,5515000000.000000,0.104545
2024-10-29,264.250000,267.890015,251.240005,258.239990,25958500,202628000.000000,252220.000000,72720.492188,52326652741.210938,18341562539.531250,2.852900,5515000000.000000,0.095347
2024-10-29,264.250000,267.890015,251.240005,258.239990,25958500,200275008.000000,252220.000000,72720.492188,51719016110.109375,18341562539.531250,2.819772,5515000000.000000,0.096359
2024-10-30,246.500000,255.800003,239.000000,247.309998,20593300,202628000.000000,252220.000000,72339.539062,50111930185.302734,18245478542.343750,2.746540,5515000000.000000,0.099143
2024-10-30,246.500000,255.800003,239.000000,247.309998,20593300,211664992.000000,252220.000000,72339.539062,52346868654.759766,18245478542.343750,2.869032,5515000000.000000,0.095313
2024-10-31,251.119995,252.880005,237.000000,244.500000,21954100,202640000.000000,252220.000000,70215.187500,49545480000.000000,17709674591.250000,2.797651,5515000000.000000,0.100163
2024-11-01,245.330002,255.750000,225.929993,229.710007,26258900,204968992.000000,252220.000000,69482.468750,47083428528.454590,17524868268.125000,2.686664,5515000000.000000,0.104851
2024-11-01,245.330002,255.750000,225.929993,229.710007,26258900,202644000.000000,252220.000000,69482.468750,46549354600.524902,17524868268.125000,2.656189,5515000000.000000,0.105927
2024-11-04,226.970001,231.679993,220.820007,222.990005,13438800,202644000.000000,252220.000000,67811.507812,45187586673.156738,17103418500.468750,2.642021,5515000000.000000,0.108772
2024-11-05,233.339996,243.460007,225.429993,227.800003,17993900,202644000.000000,252220.000000,69359.562500,46162303818.420410,17493868853.750000,2.638770,5515000000.000000,0.106720
2024-11-06,260.000000,261.200012,242.690002,257.809998,26270400,202644000.000000,252220.000000,75639.078125,52243649145.263672,19077688284.687500,2.738469,5515000000.000000,0.095484
2024-11-06,260.000000,261.200012,242.690002,257.809998,26270400,198374000.000000,252220.000000,75639.078125,51142800455.688477,19077688284.687500,2.680765,5515000000.000000,0.097339
2024-11-07,256.799988,280.799988,252.699997,270.809998,23931700,202644000.000000,252220.000000,75904.859375,54878021145.263672,19144723631.562500,2.866483,5515000000.000000,0.091318
2024-11-07,256.799988,280.799988,252.699997,270.809998,23931700,183004000.000000,252220.000000,75904.859375,49559312793.212891,19144723631.562500,2.588667,5515000000.000000,0.100137
2024-11-08,275.579987,279.380005,262.600006,270.420013,18764200,183004000.000000,252220.000000,76545.476562,49487944137.329102,19306300098.593750,2.563305,5515000000.000000,0.100267
2024-11-11,297.000000,351.730011,293.299988,340.000000,47315700,183004000.000000,280000.000000,88701.484375,62221360000.000000,24836415625.000000,2.505247,5515000000.000000,0.081419
2024-11-12,334.769989,360.890015,325.500000,356.589996,39705800,183004000.000000,280000.000000,87955.812500,65257395689.819336,24627627500.000000,2.649764,5515000000.000000,0.077926
2024-11-13,366.980011,383.399994,321.700012,328.380005,46238500,210794000.000000,280000.000000,90584.164062,69220534749.267578,25363565937.500000,2.729133,5515000000.000000,0.073794
2024-11-14,341.769989,348.000000,318.619995,327.670013,26605700,210794000.000000,280000.000000,87250.429688,69070872810.485840,24430120312.500000,2.827283,5515000000.000000,0.073942
2024-11-15,336.600006,349.940002,324.100006,340.649994,25842000,210794000.000000,280000.000000,91066.007812,71806974813.415527,25498482187.500000,2.816127,5515000000.000000,0.071325
2024-11-18,345.420013,388.489990,339.380005,384.790009,32612800,210794000.000000,280000.000000,90542.640625,81111425061.218262,25351939375.000000,3.199417,5515000000.000000,0.063664
2024-11-19,389.500000,449.000000,381.000000,430.540009,50954500,205035008.000000,280000.000000,92343.789062,88275774096.328125,25856260937.500000,3.414097,5515000000.000000,0.058801
2024-11-20,463.399994,504.829987,457.299988,473.829987,70212600,224675008.000000,280000.000000,94339.492188,106457756023.763672,26415057812.500000,4.030192,8515000000.000000,0.074061
2024-11-21,535.630005,543.000000,371.839996,397.279999,100444000,224675008.000000,280000.000000,98504.726562,89258886903.978516,27581323437.500000,3.236208,8515000000.000000,0.087089
2024-11-22,403.600006,453.000000,393.100006,421.880005,55935000,224675008.000000,280000.000000,98997.664062,94785893472.085938,27719345937.500000,3.419485,8515000000.000000,0.082429
2024-11-25,440.750000,440.750000,383.799988,403.450012,40180400,224675008.000000,280000.000000,93102.296875,90645134720.214844,26068643125.000000,3.477171,8515000000.000000,0.085871
2024-11-26,382.779999,403.000000,338.670013,353.690002,47891000,224675008.000000,280000.000000,91985.320312,79465304128.042969,25755889687.500000,3.085326,8515000000.000000,0.096783
2024-11-27,384.290009,397.660004,372.500000,388.839996,34921200,230476992.000000,280000.000000,95962.531250,89618672725.248047,26869508750.000000,3.335330,8515000000.000000,0.086769
2024-11-29,405.750000,417.619995,381.000000,387.470001,21987600,230476992.000000,280000.000000,97461.523438,89302920371.583984,27289226562.500000,3.272461,8515000000.000000,0.087049
2024-12-02,393.640015,398.790009,374.359985,380.299988,23404300,230476992.000000,280000.000000,95865.304688,87650397244.160156,26842285312.500000,3.265385,8515000000.000000,0.088545
2024-12-03,367.850006,393.119995,362.670013,373.429993,22817500,234227008.000000,280000.000000,96002.164062,87467389881.910156,26880605937.500000,3.253922,8515000000.000000,0.088714
2024-12-04,380.000000,409.970001,365.600006,406.000000,29862200,234227008.000000,280000.000000,98768.531250,95096165248.000000,27655188750.000000,3.438637,8515000000.000000,0.082182
2024-12-04,380.000000,409.970001,365.600006,406.000000,29862200,238536000.000000,280000.000000,98768.531250,96845616000.000000,27655188750.000000,3.501897,8515000000.000000,0.080818
2024-12-05,440.119995,444.940002,379.350006,386.399994,46189800,238536000.000000,280000.000000,96593.570312,92170308944.091797,27046199687.500000,3.407884,8515000000.000000,0.084570
2024-12-06,395.290009,405.000000,384.019989,395.010010,26206200,234227008.000000,280000.000000,99920.710938,92522012717.453125,27977799062.500000,3.306980,8515000000.000000,0.084276
2024-12-06,395.290009,405.000000,384.019989,395.010010,26206200,246108000.000000,280000.000000,99920.710938,97215123483.398438,27977799062.500000,3.474724,8515000000.000000,0.080535
2024-12-09,394.000000,399.799988,363.440002,365.339996,22606100,246108000.000000,423650.000000,97432.718750,89913095818.725586,41277371298.437500,2.178266,8515000000.000000,0.086510
2024-12-10,373.369995,379.799988,356.049988,377.320007,20139900,239647008.000000,423650.000000,96675.429688,90423610813.787109,40956545787.109375,2.207794,8515000000.000000,0.086063
2024-12-11,385.660004,412.679993,385.500000,411.399994,27594400,239647008.000000,423650.000000,101173.031250,98590777628.510742,42861954689.062500,2.300193,8515000000.000000,0.079501
2024-12-11,385.660004,412.679993,385.500000,411.399994,27594400,232038000.000000,423650.000000,101173.031250,95460431783.752441,42861954689.062500,2.227160,8515000000.000000,0.081894
2024-12-12,413.709991,415.799988,386.109985,392.190002,21074300,232038000.000000,423650.000000,100043.000000,91002983786.499023,42383216950.000000,2.147147,8515000000.000000,0.085562
2024-12-13,400.070007,409.709991,388.880005,408.670013,21536900,251386000.000000,423650.000000,101459.257812,102733919995.544434,42983214572.265625,2.390094,8515000000.000000,0.076540
2024-12-16,424.869995,437.609985,406.459991,408.500000,31099400,251386000.000000,423650.000000,106029.718750,102691181000.000000,44919490348.437500,2.286116,8515000000.000000,0.076569
2024-12-17,413.450012,415.679993,386.010010,386.420013,21822000,243532992.000000,423650.000000,106140.601562,94106022038.736328,44966465851.953125,2.092804,8515000000.000000,0.082975
2024-12-17,413.450012,415.679993,386.010010,386.420013,21822000,239747008.000000,423650.000000,106140.601562,92643042050.619141,44966465851.953125,2.060270,8515000000.000000,0.084175
2024-12-18,386.000000,390.320007,338.000000,349.640015,24422900,239747008.000000,423650.000000,100041.539062,83825147389.039062,42382598023.828125,1.977820,8515000000.000000,0.092213
2024-12-19,365.440002,367.500000,323.480011,326.459991,26922900,239747008.000000,423650.000000,97490.953125,78267806183.060547,41302042291.406250,1.895011,8515000000.000000,0.098119
2024-12-20,319.369995,364.880005,317.000000,364.200012,44889900,239747008.000000,423650.000000,97755.929688,87315863240.199219,41414299612.109375,2.108351,8515000000.000000,0.088854
2024-12-23,358.000000,359.739990,329.079987,332.230011,21742500,239747008.000000,423650.000000,94686.242188,79651151101.779297,40113826502.734375,1.985628,8515000000.000000,0.096579
2024-12-24,343.500000,361.000000,342.700012,358.179993,16377800,244851008.000000,423650.000000,98676.093750,87700732252.097656,41804127117.187500,2.097897,8515000000.000000,0.088499
2024-12-26,350.309998,351.799988,340.000000,341.049988,13249000,244851008.000000,423650.000000,95795.515625,83506433289.496094,40583770194.531250,2.057631,8515000000.000000,0.092533
2024-12-27,342.299988,342.709991,323.200012,330.000000,13778500,244851008.000000,423650.000000,94164.859375,80800832640.000000,39892942674.218750,2.025442,8515000000.000000,0.095336
2024-12-30,319.399994,320.010010,301.750000,302.959991,25771200,244851008.000000,423650.000000,92643.210938,74180059291.447266,39248296313.671875,1.890020,8515000000.000000,0.102969
2024-12-31,316.959991,317.910004,285.010010,289.619995,22486100,245459008.000000,447470.000000,93429.203125,71089836698.429688,41806765522.343750,1.700439,8515000000.000000,0.106966
2025-01-02,300.109985,310.799988,292.320007,300.010010,17933900,245459008.000000,447470.000000,96886.875000,73640159387.140625,43353969956.250000,1.698579,8515000000.000000,0.103645
2025-01-03,303.000000,343.399994,301.769989,339.660004,25039000,245459008.000000,447470.000000,98107.429688,83372607556.177734,43900131562.265625,1.899143,8515000000.000000,0.092668
2025-01-06,349.850006,383.019989,335.500000,379.089996,26707300,245459008.000000,447470.000000,102078.085938,93051054443.822266,45676881114.453125,2.037159,8515000000.000000,0.083837
2025-01-07,366.470001,371.279999,335.299988,341.429993,24736800,226138000.000000,447470.000000,96922.703125,77210295683.715820,43370001967.343750,1.780270,8515000000.000000,0.099329
2025-01-07,366.470001,371.279999,335.299988,341.429993,24736800,245778000.000000,447470.000000,96922.703125,83915980739.868164,43370001967.343750,1.934885,8515000000.000000,0.092123
2025-01-08,335.250000,344.390015,317.220001,331.700012,18274800,245778000.000000,447470.000000,95043.523438,81524565600.219727,42529125432.578125,1.916911,8515000000.000000,0.094570
2025-01-10,330.309998,337.000000,317.910004,327.910004,16478700,245778000.000000,447470.000000,94701.453125,80593064880.065918,42376059229.843750,1.901854,8515000000.000000,0.095558
2025-01-13,309.950012,329.600006,303.799988,328.399994,15914500,245778000.000000,447470.000000,94516.523438,80713493699.890137,42293308742.578125,1.908422,8515000000.000000,0.095429
2025-01-14,343.000000,354.899994,331.299988,342.170013,17889500,245412000.000000,447470.000000,96534.046875,83972627335.327148,43196089955.156250,1.943987,8515000000.000000,0.092066
2025-01-14,343.000000,354.899994,331.299988,342.170013,17889500,237804992.000000,447470.000000,96534.046875,81369737305.822266,43196089955.156250,1.883729,8515000000.000000,0.094732
2025-01-15,357.809998,368.420013,353.010010,360.619995,19941300,246488992.000000,447470.000000,100504.492188,88888859091.480469,44972745119.140625,1.976505,8515000000.000000,0.087420
2025-01-16,357.890015,370.260010,345.799988,367.000000,14826600,246488992.000000,447470.000000,99756.906250,90461460064.000000,44638222839.687500,2.026547,8515000000.000000,0.086031
2025-01-17,383.279999,398.679993,380.149994,396.500000,24339100,246488992.000000,447470.000000,104462.039062,97732885328.000000,46743628619.296875,2.090828,8515000000.000000,0.080143
2025-01-21,395.459991,404.420013,367.760010,389.100006,26215800,246488992.000000,447470.000000,106146.265625,95908868291.649414,47497269479.218750,2.019250,8515000000.000000,0.081543
2025-01-22,384.910004,390.350006,371.049988,377.309998,16000300,246488992.000000,447470.000000,103653.070312,93002760969.740234,46381639372.734375,2.005163,8515000000.000000,0.083877
2025-01-23,371.750000,390.200012,370.700012,373.119995,23306500,246488992.000000,447470.000000,103960.171875,91969971491.480469,46519058108.906250,1.977039,8515000000.000000,0.084739
2025-01-24,377.670013,378.109985,351.000000,353.670013,22943800,246488992.000000,447470.000000,104819.484375,87175765110.428711,46903574673.281250,1.858617,8515000000.000000,0.088985
2025-01-27,340.500000,356.880005,322.299988,347.920013,21224400,246488992.000000,447470.000000,102087.687500,85758453406.428711,45681177525.625000,1.877326,8515000000.000000,0.090322
2025-01-28,344.679993,348.920013,333.089996,335.929993,11461400,252350000.000000,447470.000000,101332.476562,84771933651.733398,45343243287.421875,1.869560,8515000000.000000,0.091278
2025-01-29,338.200012,343.630005,329.329987,341.250000,11716800,252350000.000000,447470.000000,103703.210938,86114437500.000000,46404075798.203125,1.855752,8515000000.000000,0.089983
2025-01-30,345.829987,356.109985,338.519989,340.089996,12607800,252350000.000000,447470.000000,104735.304688,85821710575.866699,46865906788.515625,1.831218,8515000000.000000,0.090262
2025-01-31,340.109985,352.709991,332.000000,334.790009,15533300,252350000.000000,471107.000000,102405.023438,84484258656.311035,48243723376.570312,1.751197,8515000000.000000,0.091560
2025-02-03,310.000000,348.850006,308.899994,347.089996,18207300,252350000.000000,471107.000000,101405.421875,87588160575.866699,47772804083.265625,1.833431,8515000000.000000,0.088603
2025-02-04,341.200012,353.790009,340.450012,348.309998,12486000,261620992.000000,471107.000000,97871.820312,91125207084.796875,46108099651.960938,1.976338,8515000000.000000,0.085457
2025-02-04,341.200012,353.790009,340.450012,348.309998,12486000,252350000.000000,471107.000000,97871.820312,87896027883.911133,46108099651.960938,1.906303,8515000000.000000,0.088320
2025-02-05,349.000000,352.359985,333.549988,336.700012,10874100,252350000.000000,471107.000000,96615.445312,84966248080.444336,45516212594.835938,1.866725,8515000000.000000,0.091088
2025-02-06,338.700012,344.500000,320.709991,325.459991,12795200,252350000.000000,471107.000000,96593.296875,82129828843.688965,45505778310.890625,1.804822,8515000000.000000,0.093938
2025-02-07,335.000000,344.399994,327.000000,327.559998,15049700,252350000.000000,471107.000000,96529.085938,82659765383.911133,45475528088.757812,1.817676,8515000000.000000,0.093392
2025-02-10,333.500000,340.380005,328.299988,334.619995,10104100,252350000.000000,471107.000000,97437.554688,84441355767.822266,45903514076.164062,1.839540,8515000000.000000,0.091602
2025-02-11,332.980011,338.500000,318.700012,319.459991,12017200,258180000.000000,471107.000000,95747.429688,82478180593.872070,45107284357.789062,1.828489,8515000000.000000,0.093578
2025-02-12,315.959991,331.170013,314.190002,326.820007,9837900,258180000.000000,471107.000000,97885.859375,84378389490.966797,46114713552.578125,1.829750,8515000000.000000,0.091664
2025-02-13,325.500000,330.589996,317.350006,324.920013,9848100,258180000.000000,471107.000000,96623.867188,83887849066.772461,45520180199.101562,1.842872,8515000000.000000,0.092151
2025-02-14,325.149994,344.890015,323.709991,337.730011,13912800,258180000.000000,471107.000000,97508.968750,87195134236.450195,45937157740.906250,1.898140,8515000000.000000,0.088967
2025-02-18,337.350006,340.489990,326.790009,333.970001,10179800,258180000.000000,471107.000000,95539.546875,86224374915.161133,45009349309.640625,1.915699,8515000000.000000,0.089878
2025-02-19,337.299988,340.190002,317.220001,318.670013,17043100,258180000.000000,471107.000000,96635.609375,82274224066.772461,45525712025.828125,1.807203,8515000000.000000,0.093789
2025-02-20,323.730011,327.829987,314.950012,323.920013,12291700,258180000.000000,471107.000000,98333.937500,83629669066.772461,46325806293.812500,1.805250,8515000000.000000,0.092409
2025-02-21,327.929993,329.000000,299.040009,299.690002,17930800,258180000.000000,471107.000000,96125.546875,77373964830.322266,45285418011.640625,1.708585,8515000000.000000,0.099140
2025-02-24,304.000000,304.040009,276.399994,282.760010,17974900,258180000.000000,499096.000000,91418.171875,73002979321.289062,45626443910.125000,1.600015,8515000000.000000,0.104455
2025-02-25,268.100006,270.290009,243.699997,250.509995,31379600,258180000.000000,499096.000000,88736.171875,64676670381.774902,44287868438.125000,1.460370,8515000000.000000,0.116338
2025-02-26,245.389999,264.459991,244.009995,263.269989,19876900,260286000.000000,499096.000000,84347.023438,68525492360.412598,42097262009.562500,1.627790,8515000000.000000,0.110526
2025-02-27,267.429993,271.459991,239.479996,240.050003,18520300,260286000.000000,499096.000000,84704.226562,62481655094.329834,42275540660.437500,1.477962,8515000000.000000,0.119935
2025-02-27,267.429993,271.459991,239.479996,240.050003,18520300,247671008.000000,499096.000000,84704.226562,59453426226.231934,42275540660.437500,1.406332,8515000000.000000,0.125279
2025-02-28,238.320007,257.500000,231.919998,255.429993,22662600,247671008.000000,499096.000000,84373.007812,63262603759.443359,42110230707.187500,1.502310,8515000000.000000,0.118630
2025-03-03,293.149994,295.100006,246.100006,250.919998,30575700,247671008.000000,499096.000000,86065.671875,62145608873.860840,42955032570.125000,1.446760,10595000000.000000,0.145655
2025-03-04,240.279999,293.040009,237.009995,275.149994,30130200,264964992.000000,499096.000000,87222.195312,72905115931.582031,43532248791.687500,1.674738,10595000000.000000,0.126886
2025-03-04,240.279999,293.040009,237.009995,275.149994,30130200,260286000.000000,499096.000000,87222.195312,71617691311.340332,43532248791.687500,1.645164,10595000000.000000,0.128873
2025-03-05,278.309998,311.279999,271.769989,308.549988,26199800,260286000.000000,499096.000000,90623.562500,80311242122.680664,45229857549.500000,1.775624,10595000000.000000,0.116549
2025-03-06,298.950012,320.940002,292.170013,304.109985,25309500,260286000.000000,499096.000000,89961.726562,79155571647.216797,44899537880.437500,1.762948,10595000000.000000,0.118049
2025-03-07,298.149994,310.440002,281.440002,287.179993,22764500,260286000.000000,499096.000000,86742.671875,74748931573.608398,43292920562.125000,1.726586,10595000000.000000,0.124145
2025-03-10,268.000000,272.000000,231.619995,239.270004,31478300,312404000.000000,499096.000000,78532.000000,74748906414.733887,39195007072.000000,1.907103,10595000000.000000,0.124145
2025-03-11,245.000000,263.100006,231.509995,260.589996,22076100,260419008.000000,499096.000000,82862.210938,67862588341.037109,41356198030.062500,1.640929,10595000000.000000,0.135041
2025-03-12,264.600006,269.769989,248.220001,262.549988,14328600,260419008.000000,499096.000000,83722.359375,68373007371.457031,41785494674.625000,1.636286,10595000000.000000,0.134168
2025-03-13,262.000000,270.399994,253.759995,263.260010,13804700,260419008.000000,499096.000000,81066.703125,68557910589.234375,40460067262.875000,1.694459,10595000000.000000,0.133855
2025-03-14,273.989990,298.700012,272.619995,297.489990,23714000,260419008.000000,499096.000000,83969.101562,77472048146.765625,41908642713.437500,1.848594,10595000000.000000,0.120306
2025-03-17,292.149994,296.809998,281.600006,294.269989,12998700,260419008.000000,499096.000000,84075.687500,76633498623.111328,41961839328.500000,1.826266,10595000000.000000,0.121463
2025-03-18,283.200012,290.989990,272.500000,283.190002,15398200,260419008.000000,499096.000000,82718.500000,73748059511.308594,41284472476.000000,1.786339,10595000000.000000,0.125618
2025-03-19,290.299988,309.079987,287.119995,304.230011,19378800,260419008.000000,499096.000000,86854.226562,79227277664.888672,43348597060.437500,1.827678,10595000000.000000,0.117955
2025-03-20,298.790009,309.399994,293.399994,302.070007,15058100,260419008.000000,499096.000000,84167.195312,78664771653.925781,42007510511.687500,1.872636,10595000000.000000,0.118698
2025-03-21,295.700012,306.390015,293.049988,304.000000,21774000,260419008.000000,499096.000000,84043.242188,79167378432.000000,41945646002.812500,1.887380,10595000000.000000,0.118034
2025-03-24,316.140015,336.769989,311.359985,335.720001,23099700,260419008.000000,499096.000000,87498.914062,87427869683.654297,43670358012.937500,2.001996,10595000000.000000,0.108087
2025-03-25,333.480011,343.589996,329.500000,341.809998,15053700,260456992.000000,499096.000000,87471.703125,89026803799.638672,43656777142.875000,2.039244,10595000000.000000,0.106352
2025-03-26,336.500000,340.339996,319.730011,329.309998,16732400,260456992.000000,499096.000000,86900.882812,85771091399.638672,43371883008.187500,1.977574,10595000000.000000,0.109945
2025-03-26,336.500000,340.339996,319.730011,329.309998,16732400,255816000.000000,499096.000000,86900.882812,84242766335.449219,43371883008.187500,1.942336,10595000000.000000,0.111717
2025-03-27,322.529999,333.489990,318.000000,324.589996,13838300,260456992.000000,499096.000000,87177.101562,84541734079.458008,43509742681.437500,1.943053,10595000000.000000,0.111366
2025-03-27,322.529999,333.489990,318.000000,324.589996,13838300,264244000.000000,499096.000000,87177.101562,85770958992.309570,43509742681.437500,1.971305,10595000000.000000,0.109945
2025-03-27,322.529999,333.489990,318.000000,324.589996,13838300,270343008.000000,499096.000000,87177.101562,87750635976.694336,43509742681.437500,2.016804,10595000000.000000,0.107732
2025-03-28,318.380005,320.799988,289.250000,289.410004,21058900,260456992.000000,499096.000000,84353.148438,75378859008.541992,42100318972.562500,1.790458,10595000000.000000,0.123235
2025-03-31,281.869995,294.890015,272.799988,288.269989,14866300,260456992.000000,528615.000000,82548.914062,75081934222.374023,43636594207.148438,1.720619,10595000000.000000,0.123662
2025-04-01,293.529999,307.600006,280.649994,306.019989,16780100,260456992.000000,528615.000000,85169.171875,79705045830.374023,45021701790.703125,1.770369,10595000000.000000,0.117331
2025-04-01,293.529999,307.600006,280.649994,306.019989,16780100,261487008.000000,528615.000000,85169.171875,80020251315.377930,45021701790.703125,1.777371,10595000000.000000,0.116923
2025-04-02,297.859985,319.470001,296.980011,312.540009,16293800,261487008.000000,528615.000000,82485.710938,81725151714.706055,43603184087.226562,1.874293,10595000000.000000,0.114764
2025-04-03,286.750000,299.220001,276.029999,282.279999,18223000,261487008.000000,528615.000000,83102.828125,73812552299.041992,43929401489.296875,1.680254,10595000000.000000,0.125522
2025-04-04,285.019989,299.140015,265.299988,293.609985,24847100,261487008.000000,528615.000000,83843.804688,76775196588.503906,44321092814.882812,1.732250,10595000000.000000,0.121266
2025-04-07,260.140015,297.600006,252.600006,268.140015,28449300,261487008.000000,528615.000000,79235.335938,70115130155.496094,41884987106.601562,1.673992,10595000000.000000,0.131272
2025-04-08,278.149994,282.839996,235.929993,237.949997,22952700,266178000.000000,528615.000000,76271.953125,63337054287.689209,40318498501.171875,1.570918,10595000000.000000,0.143307
2025-04-09,242.020004,302.339996,241.690002,296.859985,38346400,266178000.000000,528615.000000,82573.953125,79017597180.908203,43649830231.171875,1.810261,10595000000.000000,0.118231
2025-04-10,282.500000,288.309998,261.369995,272.339996,19237800,290143008.000000,528615.000000,79626.140625,79017545736.184570,42091572326.484375,1.877277,10595000000.000000,0.118231
2025-04-11,281.299988,304.149994,276.299988,299.980011,21334100,266178000.000000,528615.000000,83404.835938,79848079364.318848,44089047349.101562,1.811064,10595000000.000000,0.117146
2025-04-14,309.799988,314.600006,300.100006,311.450012,15635400,266178000.000000,528615.000000,84542.390625,82901141349.243164,44690375820.234375,1.855011,10595000000.000000,0.113320
2025-04-15,312.220001,319.750000,306.809998,310.720001,11217800,267136992.000000,528615.000000,83668.992188,83004806480.334961,44228684305.195312,1.876719,10595000000.000000,0.113195
2025-04-16,306.059998,318.600006,304.000000,311.660004,12847200,267136992.000000,528615.000000,84033.867188,83255915905.004883,44421562703.320312,1.874223,10595000000.000000,0.112892
2025-04-17,313.890015,320.000000,306.000000,317.200012,13511100,267136992.000000,528615.000000,84895.750000,84735857123.349609,44877166886.250000,1.888173,10595000000.000000,0.111139
2025-04-21,324.989990,330.989990,309.000000,317.760010,16053200,267136992.000000,528615.000000,87518.906250,84885453186.679688,46263806627.343750,1.834813,10595000000.000000,0.110965
2025-04-22,328.709991,348.959991,327.010010,343.029999,24036500,266666000.000000,528615.000000,93441.890625,91474437654.479980,49394785012.734375,1.851905,10595000000.000000,0.103802
2025-04-23,354.700012,355.829987,339.000000,345.730011,16690700,249252000.000000,528615.000000,93699.109375,86173896698.364258,49530754702.265625,1.739806,10595000000.000000,0.109488
2025-04-23,354.700012,355.829987,339.000000,345.730011,16690700,266792000.000000,528615.000000,93699.109375,92238001091.064453,49530754702.265625,1.862237,10595000000.000000,0.103031
2025-04-23,354.700012,355.829987,339.000000,345.730011,16690700,268892000.000000,528615.000000,93699.109375,92964034114.135742,49530754702.265625,1.876895,10595000000.000000,0.102309
2025-04-24,344.970001,351.029999,343.239990,350.339996,10781400,268892000.000000,528615.000000,93943.796875,94203622295.288086,49660100185.078125,1.896968,10595000000.000000,0.101099
2025-04-25,354.000000,373.230011,353.119995,368.709991,19338600,268892000.000000,528615.000000,94720.500000,99143167022.338867,50070677107.500000,1.980064,10595000000.000000,0.096548
2025-04-28,373.290009,373.660004,354.529999,369.250000,11490900,268892000.000000,528615.000000,94978.750000,99288371000.000000,50207191931.250000,1.977573,10595000000.000000,0.096420
2025-04-29,369.019989,383.950012,366.799988,381.450012,13038800,268892000.000000,528615.000000,94284.789062,102568856682.373047,49840353770.273438,2.057948,10595000000.000000,0.093625
2025-04-30,373.779999,384.000000,362.390015,380.109985,13762900,260292000.000000,544809.000000,94207.312500,98939588307.128906,51324991715.812500,1.927708,10595000000.000000,0.096727
2025-04-30,373.779999,384.000000,362.390015,380.109985,13762900,273348992.000000,544809.000000,94207.312500,103902681344.984375,51324991715.812500,2.024407,10595000000.000000,0.092535
2025-05-01,392.290009,403.899994,381.029999,381.600006,16944100,272912000.000000,544809.000000,96492.335938,104143220865.722656,52569893049.773438,1.981043,10595000000.000000,0.092341
2025-05-02,393.880005,401.700012,387.510010,394.369995,15948000,272912000.000000,544809.000000,96910.070312,107628304107.421875,52797478496.882812,2.038512,10595000000.000000,0.089619
2025-05-05,383.329987,391.929993,374.200012,386.529999,14424100,272912000.000000,544809.000000,94748.054688,105488675026.855469,51619592926.242188,2.043578,10595000000.000000,0.091270
2025-05-06,378.559998,387.859985,377.769989,385.600006,9695600,272912000.000000,544809.000000,96802.476562,105234868865.722656,52738860453.539062,1.995395,10595000000.000000,0.091470
2025-05-07,393.799988,396.350006,388.260010,392.480011,10555300,273403008.000000,544809.000000,97032.320312,107305215583.535156,52864081397.132812,2.029832,10595000000.000000,0.089864
2025-05-07,393.799988,396.350006,388.260010,392.480011,10555300,274060992.000000,544809.000000,97032.320312,107563461151.083984,52864081397.132812,2.034717,10595000000.000000,0.089668
2025-05-08,408.170013,423.109985,404.500000,414.380005,22135600,273403008.000000,544809.000000,103241.460938,113292739790.015625,56246877091.898438,2.014205,10595000000.000000,0.085521
2025-05-09,420.000000,430.350006,406.220001,416.029999,17161800,273403008.000000,544809.000000,102970.851562,113743853084.496094,56099446668.914062,2.027540,10595000000.000000,0.085211
2025-05-12,420.920013,422.040009,400.829987,404.899994,16245500,273403008.000000,544809.000000,102812.953125,110700876270.480469,56013422179.078125,1.976328,10595000000.000000,0.087348
2025-05-13,412.549988,422.549988,404.119995,421.609985,12925000,276625984.000000,544809.000000,104169.812500,116628277062.101562,56752651378.312500,2.055028,10595000000.000000,0.083279
2025-05-14,420.399994,425.940002,410.410004,416.750000,10722700,276625984.000000,544809.000000,103539.414062,115283878832.000000,56409204635.976562,2.043707,10595000000.000000,0.084168
2025-05-15,411.700012,415.359985,394.140015,397.029999,14674700,276625984.000000,544809.000000,103744.640625,109828814089.841797,56521013914.265625,1.943150,10595000000.000000,0.087981
2025-05-16,399.000000,406.899994,389.010010,399.799988,12461100,276625984.000000,544809.000000,103489.289062,110595065026.417969,56381896084.851562,1.961535,10595000000.000000,0.087425
2025-05-19,392.809998,414.589996,392.619995,413.420013,12822000,276625984.000000,544809.000000,105606.179688,114362718019.740234,57535197149.367188,1.987700,10595000000.000000,0.084789
2025-05-20,413.500000,417.850006,406.100006,416.920013,11532200,276625984.000000,544809.000000,106791.085938,115330908963.740234,58180744738.523438,1.982287,10595000000.000000,0.084137
2025-05-21,415.920013,423.339996,395.529999,402.690002,18698500,276625984.000000,544809.000000,109678.078125,111394518172.316406,59753604065.203125,1.864231,10595000000.000000,0.086852
2025-05-22,413.200012,426.320007,398.910004,399.459991,16511400,276625984.000000,544809.000000,111673.281250,110501013204.892578,60840608684.531250,1.816238,10595000000.000000,0.087493
2025-05-23,391.510010,392.190002,367.309998,369.510010,21448800,276625984.000000,544809.000000,107287.796875,102216070049.265625,58451357327.671875,1.748737,10595000000.000000,0.093918
2025-05-27,381.119995,381.299988,364.179993,372.200012,14116000,274627008.000000,544809.000000,108994.640625,102216175729.980469,59381261164.265625,1.721354,10595000000.000000,0.093918
2025-05-28,368.529999,370.649994,358.500000,364.250000,9936800,277472992.000000,544809.000000,107802.328125,101069537336.000000,58731678583.453125,1.720869,10595000000.000000,0.094882
2025-05-29,370.790009,373.859985,362.739990,370.630005,10175500,272696992.000000,544809.000000,105641.757812,101069687476.488281,57554580432.070312,1.756067,10595000000.000000,0.094882
2025-05-29,370.790009,373.859985,362.739990,370.630005,10175500,283528992.000000,544809.000000,105641.757812,105084351689.378906,57554580432.070312,1.825821,10595000000.000000,0.091589
2025-05-29,370.790009,373.859985,362.739990,370.630005,10175500,277472992.000000,544809.000000,105641.757812,102839816379.808594,57554580432.070312,1.786822,10595000000.000000,0.093402
2025-05-30,369.000000,372.559998,359.160004,369.059998,12564000,278654016.000000,544809.000000,103998.570312,102840050464.652344,56659357093.382812,1.815059,10595000000.000000,0.093401
2025-05-30,369.000000,372.559998,359.160004,369.059998,12564000,277472992.000000,544809.000000,103998.570312,102404181750.095703,56659357093.382812,1.807366,10595000000.000000,0.093762
2025-06-02,367.890015,378.429993,367.019989,372.269989,8102800,277472992.000000,544809.000000,105881.531250,103294867683.430664,57685211158.781250,1.790665,10595000000.000000,0.093028
2025-06-03,379.399994,391.010010,371.369995,387.429993,11351800,277472992.000000,544809.000000,105432.468750,107501359258.287109,57440557867.218750,1.871524,10595000000.000000,0.089715
2025-06-04,385.799988,386.119995,375.660004,378.100006,8472200,266616000.000000,544809.000000,104731.984375,100807511227.294922,57058927675.359375,1.766726,11295000000.000000,0.100756
2025-06-04,385.799988,386.119995,375.660004,378.100006,8472200,277472992.000000,544809.000000,104731.984375,104912539968.760742,57058927675.359375,1.838670,11295000000.000000,0.097197
2025-06-05,383.850006,385.380005,364.299988,368.790009,11871400,284320000.000000,544809.000000,101575.953125,104854375229.492188,55339493446.078125,1.894748,11295000000.000000,0.097245
2025-06-05,383.850006,385.380005,364.299988,368.790009,11871400,279342016.000000,544809.000000,101575.953125,103018544467.595703,55339493446.078125,1.861574,11295000000.000000,0.098807
2025-06-06,377.399994,380.600006,369.709991,374.470001,9384200,286393984.000000,544809.000000,104390.343750,107245955538.082031,56872798788.093750,1.885716,11295000000.000000,0.095284
2025-06-06,377.399994,380.600006,369.709991,374.470001,9384200,279342016.000000,544809.000000,104390.343750,104605205072.513672,56872798788.093750,1.839284,11295000000.000000,0.097455
2025-06-09,380.679993,394.790009,377.600006,392.119995,10924600,279342016.000000,544809.000000,110294.101562,109535589949.945312,60089219178.164062,1.822883,11295000000.000000,0.093478
2025-06-10,393.239990,394.000000,383.600006,391.179993,7074800,266768000.000000,544809.000000,110257.234375,104354304286.132812,60069133602.609375,1.737237,11295000000.000000,0.097666
2025-06-10,393.239990,394.000000,383.600006,391.179993,7074800,279342016.000000,544809.000000,110257.234375,109273007772.917969,60069133602.609375,1.819121,11295000000.000000,0.093682
2025-06-11,391.230011,392.769989,380.500000,387.109985,6812200,280012992.000000,544809.000000,108686.625000,108395825231.367188,59213451479.625000,1.830595,11295000000.000000,0.094368
2025-06-11,391.230011,392.769989,380.500000,387.109985,6812200,279342016.000000,544809.000000,108686.625000,108136083721.835938,59213451479.625000,1.826208,11295000000.000000,0.094573
2025-06-12,378.399994,391.220001,373.980011,379.760010,9423900,279342016.000000,544809.000000,105929.054688,106082926724.109375,57711102355.242188,1.838172,11295000000.000000,0.096228
2025-06-13,375.230011,383.559998,370.619995,382.869995,9378900,279342016.000000,544809.000000,106090.968750,106951676301.945312,57799314593.718750,1.850397,11295000000.000000,0.095521
2025-06-16,387.609985,388.149994,377.399994,382.250000,8105200,279795008.000000,544809.000000,106796.757812,106951641808.000000,58183834827.070312,1.838168,11295000000.000000,0.095521
2025-06-17,375.260010,378.480011,367.000000,375.179993,11218500,279342016.000000,544809.000000,104601.117188,104803535516.917969,56987630053.804688,1.839058,11295000000.000000,0.097288
2025-06-17,375.260010,378.480011,367.000000,375.179993,11218500,284606016.000000,544809.000000,104601.117188,106778482998.363281,56987630053.804688,1.873713,11295000000.000000,0.095661
2025-06-18,371.429993,374.910004,367.420013,369.029999,9200500,279342016.000000,544809.000000,104883.328125,103085583823.486328,57141381112.453125,1.804044,11295000000.000000,0.098749
2025-06-18,371.429993,374.910004,367.420013,369.029999,9200500,283996992.000000,544809.000000,104883.328125,104803409611.083984,57141381112.453125,1.834107,11295000000.000000,0.097288
2025-06-20,372.750000,376.100006,365.109985,369.700012,12821800,283996992.000000,544809.000000,103309.601562,104993691409.160156,56284000717.664062,1.865427,11295000000.000000,0.097129
2025-06-23,362.480011,370.299988,358.799988,367.179993,10614700,283996992.000000,544809.000000,105577.773438,104278013442.503906,57519721168.710938,1.812909,11295000000.000000,0.097730
2025-06-24,373.679993,384.359985,371.000000,377.019989,10174900,281259008.000000,544809.000000,106045.632812,106040268106.156250,57774615166.945312,1.835413,11295000000.000000,0.096263
2025-06-24,373.679993,384.359985,371.000000,377.019989,10174900,279342016.000000,544809.000000,106045.632812,105317523803.376953,57774615166.945312,1.822903,11295000000.000000,0.096859
2025-06-25,384.829987,389.489990,379.309998,388.670013,10606600,279342016.000000,544809.000000,107361.257812,108571865109.650391,58491379507.570312,1.856203,11295000000.000000,0.094230
2025-06-26,386.350006,392.670013,384.149994,386.440002,10202300,270968992.000000,544809.000000,106960.000000,104713257930.025391,58272770640.000000,1.796950,11295000000.000000,0.097364
2025-06-26,386.350006,392.670013,384.149994,386.440002,10202300,279342016.000000,544809.000000,106960.000000,107948929345.027344,58272770640.000000,1.852476,11295000000.000000,0.094722
2025-06-27,385.230011,397.989990,383.410004,383.880005,18694400,280953984.000000,544809.000000,107088.429688,107852616749.765625,58342740289.617188,1.848604,11295000000.000000,0.094798
2025-06-27,385.230011,397.989990,383.410004,383.880005,18694400,279342016.000000,544809.000000,107088.429688,107233814466.054688,58342740289.617188,1.837998,11295000000.000000,0.095293
2025-06-30,389.779999,407.390015,384.250000,404.230011,13752900,279342016.000000,544809.000000,107135.335938,112918426196.623047,58368295236.773438,1.934585,11295000000.000000,0.090932
2025-07-01,395.700012,397.869995,372.910004,373.299988,17289600,279342016.000000,544809.000000,105698.281250,104278371162.863281,57585374909.531250,1.810848,11295000000.000000,0.097730
2025-07-02,383.339996,405.299988,379.880005,402.279999,17454400,279342016.000000,544809.000000,108859.320312,112373705855.486328,59307537440.132812,1.894763,11295000000.000000,0.091333
2025-07-03,400.869995,414.600006,400.399994,403.989990,10013900,279342016.000000,544809.000000,109647.976562,112851378315.890625,59737204463.039062,1.889131,11295000000.000000,0.090981
2025-07-07,402.640015,405.640015,395.200012,395.670013,8848200,279342016.000000,544809.000000,108299.851562,110527259221.650391,59002733829.914062,1.873257,11295000000.000000,0.092717
2025-07-08,399.690002,402.200012,393.209991,396.940002,7022700,278448000.000000,544809.000000,108950.273438,110527149799.804688,59357089521.210938,1.862072,11295000000.000000,0.092717
2025-07-08,399.690002,402.200012,393.209991,396.940002,7022700,285216000.000000,544809.000000,108950.273438,113213639736.328125,59357089521.210938,1.907331,11295000000.000000,0.090717
2025-07-08,399.690002,402.200012,393.209991,396.940002,7022700,279342016.000000,544809.000000,108950.273438,110882020513.027344,59357089521.210938,1.868050,11295000000.000000,0.092448
2025-07-09,401.600006,416.339996,395.950012,415.410004,13065400,280959008.000000,544809.000000,111326.554688,116713182542.182617,60651708932.742188,1.924318,11295000000.000000,0.088237
2025-07-10,412.570007,422.399994,411.200012,421.739990,13208600,280959008.000000,544809.000000,115987.203125,118491649290.179688,63190872147.328125,1.875139,11295000000.000000,0.087027
2025-07-10,412.570007,422.399994,411.200012,421.739990,13208600,268467008.000000,544809.000000,115987.203125,113223273332.171875,63190872147.328125,1.791766,11295000000.000000,0.090710
2025-07-11,430.540009,438.839996,423.500000,434.579987,18448500,280959008.000000,544809.000000,117516.992188,122099161923.997070,64024314996.679688,1.907075,11295000000.000000,0.084674
2025-07-11,430.540009,438.839996,423.500000,434.579987,18448500,285240000.000000,544809.000000,117516.992188,123959595369.873047,64024314996.679688,1.936133,11295000000.000000,0.083509
2025-07-14,447.200012,456.450012,440.649994,451.019989,17952500,285240000.000000,544809.000000,119849.703125,128648941666.259766,65295196909.828125,1.970267,11295000000.000000,0.080711
2025-07-15,445.220001,456.660004,441.019989,442.309998,14315400,285240000.000000,544809.000000,117777.187500,126164503703.613281,64166071744.687500,1.966218,11295000000.000000,0.082170
2025-07-16,448.309998,457.220001,445.559998,455.899994,10575400,285240000.000000,544809.000000,118738.507812,130040914259.033203,64689807702.820312,2.010223,11295000000.000000,0.079916
2025-07-17,451.679993,456.000000,446.579987,451.339996,8901400,285240000.000000,544809.000000,119289.843750,128740220555.419922,64990180483.593750,1.980918,11295000000.000000,0.080658
2025-07-18,451.720001,454.329987,422.220001,423.220001,19105400,285240000.000000,544809.000000,118003.226562,120719273148.193359,64289219860.289062,1.877753,11295000000.000000,0.085559
2025-07-21,430.100006,437.000000,425.019989,426.279999,9984500,285240000.000000,544809.000000,117439.539062,121592106851.806641,63982117837.101562,1.900408,11295000000.000000,0.084997
2025-07-22,428.850006,433.940002,413.600006,426.399994,10524200,285240000.000000,544809.000000,119995.414062,121626334259.033203,65374581539.976562,1.860453,11295000000.000000,0.084975
2025-07-23,422.829987,424.000000,406.100006,412.670013,12990000,283552992.000000,544809.000000,118754.960938,117013817016.114258,64698771513.398438,1.808594,11295000000.000000,0.088030
2025-07-24,414.579987,419.950012,406.170013,414.920013,7407300,283552992.000000,544809.000000,118368.000000,117651811248.114258,64487951712.000000,1.824400,11295000000.000000,0.087594
2025-07-25,405.670013,410.950012,402.200012,405.890015,8380200,283552992.000000,544809.000000,117635.882812,115091328076.488281,64089087679.195312,1.795802,11295000000.000000,0.089369
2025-07-28,416.950012,417.010010,403.459991,403.799988,6996500,283552992.000000,544809.000000,117924.476562,114498694708.259766,64246316151.539062,1.782183,11295000000.000000,0.089790
2025-07-29,405.959991,407.000000,390.410004,394.660004,10580000,283552992.000000,544809.000000,117922.148438,111907024861.122070,64245047768.085938,1.741878,11295000000.000000,0.091679
2025-07-30,396.779999,404.390015,392.589996,395.040009,7543800,283552992.000000,544809.000000,117831.187500,112014776382.618164,64195491430.687500,1.744901,11295000000.000000,0.091599
2025-07-31,399.130005,410.809998,397.079987,401.859985,10467500,283552992.000000,544809.000000,115758.203125,113948601211.511719,63066110886.328125,1.806812,11295000000.000000,0.090184
2025-08-01,390.410004,392.640015,365.700012,366.630005,21808900,283552992.000000,544809.000000,113320.085938,103959034841.496094,61737802699.523438,1.683880,11295000000.000000,0.098001
2025-08-04,372.769989,390.019989,366.200012,389.239990,12362400,283552992.000000,544809.000000,115071.882812,110370163837.007812,62692197403.195312,1.760509,11295000000.000000,0.092837
2025-08-05,384.179993,388.309998,373.350006,375.459991,8467100,283552992.000000,544809.000000,114141.445312,106462803953.381836,62185286679.257812,1.712026,11295000000.000000,0.095917
2025-08-06,374.750000,384.420013,373.000000,383.410004,7242600,283552992.000000,544809.000000,115028.000000,108717053701.122070,62668289652.000000,1.734802,11295000000.000000,0.094116
2025-08-07,388.399994,406.239990,387.140015,402.010010,13051200,277672992.000000,544809.000000,117496.898438,111627322225.570312,64013367740.835938,1.743813,11295000000.000000,0.091887
2025-08-07,388.399994,406.239990,387.140015,402.010010,13051200,270433984.000000,544809.000000,117496.898438,108717168548.796875,64013367740.835938,1.698351,11295000000.000000,0.094115
2025-08-07,388.399994,406.239990,387.140015,402.010010,13051200,283552992.000000,544809.000000,117496.898438,113991141082.992188,64013367740.835938,1.780740,11295000000.000000,0.090154
2025-08-08,397.600006,409.649994,389.029999,395.130005,11200100,283552992.000000,544809.000000,116688.726562,112040295113.496094,63573068429.789062,1.762386,11295000000.000000,0.091580
2025-08-11,403.920013,414.359985,398.920013,400.250000,10394400,283552992.000000,544809.000000,118731.445312,113492085048.000000,64685959989.257812,1.754509,11295000000.000000,0.090514
2025-08-12,400.500000,401.670013,390.140015,394.390015,8333600,283552992.000000,544809.000000,120172.906250,111830468668.488281,65471280881.156250,1.708084,11295000000.000000,0.091736
2025-08-13,397.730011,399.440002,383.549988,389.899994,10884900,283552992.000000,544809.000000,123344.062500,110557309850.129883,67198955346.562500,1.645224,11295000000.000000,0.092694
2025-08-14,380.000000,381.000000,365.000000,372.940002,16461700,283552992.000000,544809.000000,118359.578125,105748253528.748047,64483363398.703125,1.639931,11295000000.000000,0.096503
2025-08-15,372.209991,372.619995,360.029999,366.320007,13125300,283552992.000000,544809.000000,117398.351562,103871134106.244141,63959678516.414062,1.624010,11295000000.000000,0.098076
2025-08-18,359.950012,367.570007,358.010010,363.600006,9002000,283552992.000000,544809.000000,116252.312500,103099869621.870117,63335306120.812500,1.627842,11295000000.000000,0.098737
2025-08-19,363.190002,364.630005,333.399994,336.570007,18254600,283552992.000000,544809.000000,112831.179688,95435432594.244141,61471442174.367188,1.552517,11295000000.000000,0.105827
2025-08-20,339.380005,345.500000,325.559998,344.369995,13807200,283552992.000000,544809.000000,114274.742188,97647142470.503906,62257908016.429688,1.568430,11295000000.000000,0.103679
2025-08-21,340.000000,343.269989,334.850006,337.579987,8398500,283552992.000000,544809.000000,112419.031250,95721815231.885742,61246899996.281250,1.562884,11295000000.000000,0.105544
2025-08-22,335.200012,359.529999,332.609985,358.130005,17386900,283552992.000000,544809.000000,116874.085938,101548834409.496094,63674053885.523438,1.594823,11295000000.000000,0.100094
2025-08-25,344.910004,351.510010,339.209991,343.200012,10983400,283552992.000000,544809.000000,110124.351562,97315390315.740234,59996737850.414062,1.622011,11295000000.000000,0.103996
2025-08-26,341.809998,351.989990,340.679993,351.359985,9144200,283552992.000000,544809.000000,111802.656250,99629175115.511719,60911093348.906250,1.635649,11295000000.000000,0.101826
2025-08-27,348.679993,351.769989,341.839996,342.059998,8454300,283552992.000000,544809.000000,111222.062500,96992135751.251953,60594780648.562500,1.600668,11295000000.000000,0.104306
2025-08-28,346.160004,348.170013,336.649994,338.839996,8116100,283552992.000000,544809.000000,112544.804688,96079094770.877930,61315422496.992188,1.566965,11295000000.000000,0.105193
2025-08-29,334.600006,339.630005,332.640015,334.410004,10162300,286248000.000000,544809.000000,108410.835938,95724194728.271484,59063199116.273438,1.620708,11295000000.000000,0.105542
2025-08-29,334.600006,339.630005,332.640015,334.410004,10162300,283552992.000000,544809.000000,108410.835938,94822957093.122070,59063199116.273438,1.605449,11295000000.000000,0.106438
2025-09-02,334.929993,348.600006,331.570007,341.619995,11123000,283552992.000000,544809.000000,111200.585938,96867371742.503906,60583080024.023438,1.598918,11295000000.000000,0.104426
2025-09-03,341.769989,344.500000,327.609985,330.260010,9180200,283552992.000000,544809.000000,111723.210938,93646213906.992188,60867810827.648438,1.538518,11295000000.000000,0.107632
2025-09-04,330.000000,332.559998,317.750000,327.589996,10530000,283552992.000000,544809.000000,110723.601562,92889123610.877930,60323214643.664062,1.539857,11295000000.000000,0.108414
2025-09-05,334.809998,337.200012,320.000000,335.869995,14047600,285864000.000000,544809.000000,110650.984375,96013140284.179688,60283652146.359375,1.592690,11295000000.000000,0.105258
2025-09-05,334.809998,337.200012,320.000000,335.869995,14047600,283552992.000000,544809.000000,110650.984375,95236942038.503906,60283652146.359375,1.579814,11295000000.000000,0.106025
2025-09-08,328.109985,333.100006,321.500000,329.899994,9954500,283552992.000000,544809.000000,112071.429688,93544130330.129883,61057523536.617188,1.532066,11295000000.000000,0.107736
2025-09-09,330.230011,331.959991,324.450012,328.529999,6587800,283552992.000000,544809.000000,111530.546875,93155664115.625977,60762845712.421875,1.533102,11295000000.000000,0.108137
2025-09-10,332.799988,340.010010,321.959991,326.450012,9741400,283552992.000000,544809.000000,113955.359375,92565877699.740234,62083905385.734375,1.490980,11295000000.000000,0.108751
2025-09-11,326.869995,329.750000,322.769989,326.019989,7506900,283552992.000000,544809.000000,115507.539062,92443943336.633789,62929546849.101562,1.469007,11295000000.000000,0.108879
2025-09-12,329.149994,336.130005,327.600006,331.440002,10809900,283927008.000000,544809.000000,116101.578125,94104768224.701172,63253184676.703125,1.487748,11295000000.000000,0.107163
2025-09-12,329.149994,336.130005,327.600006,331.440002,10809900,283552992.000000,544809.000000,116101.578125,93980804360.748047,63253184676.703125,1.485788,11295000000.000000,0.107290
2025-09-15,329.399994,331.329987,320.450012,327.790009,9527700,286710016.000000,544809.000000,115444.875000,93980678594.554688,62895406903.875000,1.494238,11295000000.000000,0.107290
2025-09-16,329.230011,335.440002,324.839996,335.089996,8651300,286710016.000000,544809.000000,116843.187500,96073658211.476562,63657220138.687500,1.509234,11295000000.000000,0.105198
2025-09-17,335.660004,340.109985,323.209991,329.709991,9691000,283552947.000000,544809.000000,116468.507812,93490239732.432220,63453091272.820312,1.473376,11295000000.000000,0.107792
2025-09-18,335.859985,358.250000,334.630005,349.119995,19697300,283552947.000000,544809.000000,117137.203125,98994003472.104126,63817402497.328125,1.551207,11295000000.000000,0.102413
2025-09-19,347.450012,352.920013,337.070007,344.750000,17699700,283552947.000000,544809.000000,115688.859375,97754878478.250000,63028331787.234375,1.550967,11295000000.000000,0.103576
2025-09-22,337.019989,341.589996,329.000000,335.929993,10053500,283552947.000000,544809.000000,112748.507812,95253939408.906189,61426401792.820312,1.550700,11295000000.000000,0.106008
2025-09-23,337.059998,339.000000,327.769989,327.779999,9468800,290997763.000000,544809.000000,112014.500000,95383246400.918121,61026507730.500000,1.562981,11295000000.000000,0.105879
2025-09-23,337.059998,339.000000,327.769989,327.779999,9468800,283552947.000000,544809.000000,112014.500000,92942984621.526031,61026507730.500000,1.522994,11295000000.000000,0.108358
2025-09-24,330.630005,337.059998,323.140015,323.309998,9153100,283780348.000000,544809.000000,113328.632812,91749023619.056885,61742459113.945312,1.485996,11295000000.000000,0.109613
2025-09-25,316.609985,317.000000,292.359985,300.700012,22087000,283780348.000000,544809.000000,109049.289062,85332754107.715576,59411034124.851562,1.436312,11295000000.000000,0.116892
2025-09-26,301.299988,310.000000,297.709991,309.059998,11693400,305118139.000000,544809.000000,109712.828125,94299811294.422668,59772536177.953125,1.577644,11295000000.000000,0.106965
2025-09-26,301.299988,310.000000,297.709991,309.059998,11693400,283780348.000000,544809.000000,109712.828125,87705153660.056885,59772536177.953125,1.467315,11295000000.000000,0.114091
2025-09-29,313.730011,327.989990,311.000000,326.420013,12652000,283780348.000000,544809.000000,114400.382812,92631585004.687134,62326358159.695312,1.486235,11295000000.000000,0.108682
2025-09-30,320.829987,324.500000,316.190002,322.209991,7798800,268688053.000000,544809.000000,114056.085938,86573975261.211578,62138782123.523438,1.393236,11295000000.000000,0.115409
2025-10-01,332.470001,343.730011,331.200012,338.410004,13994800,272198735.000000,544809.000000,118648.929688,92114774908.171539,64641004734.117188,1.425021,11295000000.000000,0.109226
2025-10-02,348.570007,353.220001,341.149994,352.329987,13666800,264140098.000000,544809.000000,120681.257812,93064477181.536926,65748235387.570312,1.415467,11295000000.000000,0.108232
2025-10-02,348.570007,353.220001,341.149994,352.329987,13666800,283780348.000000,544809.000000,120681.257812,99984326200.312866,65748235387.570312,1.520715,11295000000.000000,0.101501
2025-10-03,350.869995,358.540009,344.399994,351.630005,12107900,283780348.000000,544809.000000,122266.531250,99785685152.886230,66611906623.781250,1.498016,11295000000.000000,0.101683
2025-10-06,362.950012,365.209991,354.700012,359.690002,9551000,284345278.000000,544809.000000,124752.531250,102276153738.022339,67966301797.781250,1.504807,11295000000.000000,0.099453
2025-10-07,358.880005,359.440002,328.160004,328.399994,19584100,287108676.000000,544809.000000,121451.382812,94286487446.027710,66167806418.695312,1.424960,11295000000.000000,0.106979
2025-10-08,335.619995,336.359985,322.299988,330.799988,12996300,314464433.000000,544809.000000,123354.867188,104024830597.722839,67204841837.554688,1.547877,11295000000.000000,0.097945
2025-10-08,335.619995,336.359985,322.299988,330.799988,12996300,287108676.000000,544809.000000,123354.867188,94975546516.055420,67204841837.554688,1.413225,11295000000.000000,0.106285
2025-10-09,327.399994,328.989990,318.220001,320.290009,11213200,287108676.000000,544809.000000,121705.585938,91958040289.361206,66306298569.023438,1.386867,11295000000.000000,0.109391
2025-10-10,323.179993,323.429993,303.570007,304.790009,13643700,287108676.000000,544809.000000,113214.367188,87507855811.361206,61680206173.054688,1.418735,11295000000.000000,0.114319
2025-10-13,306.670013,315.950012,300.589996,315.470001,11575000,287108676.000000,544809.000000,115271.078125,90574174368.194458,62800720802.203125,1.442247,11295000000.000000,0.110878
2025-10-14,301.000000,312.709991,297.339996,300.670013,11480500,287108676.000000,544809.000000,113118.664062,86324969468.139038,61628066249.226562,1.400741,11295000000.000000,0.115704
2025-10-15,303.600006,308.880005,294.619995,296.760010,10625600,301241142.000000,544809.000000,110783.164062,89396324241.728027,60355664829.726562,1.481159,11295000000.000000,0.112175
2025-10-15,303.600006,308.880005,294.619995,296.760010,10625600,287108676.000000,544809.000000,110783.164062,85202373493.555664,60355664829.726562,1.411672,11295000000.000000,0.117050
2025-10-16,299.899994,301.579987,282.190002,283.839996,13817900,287108676.000000,544809.000000,108186.039062,81492925544.416626,58940727755.601562,1.382625,11295000000.000000,0.121729
2025-10-17,279.269989,292.799988,279.000000,289.869995,13110700,287108676.000000,544809.000000,106467.789062,83224190510.222168,58004609691.351562,1.434786,11295000000.000000,0.119500
2025-10-20,297.209991,306.160004,294.399994,296.609985,9679700,280584579.000000,544809.000000,110588.929688,83224187867.064331,60249844194.117188,1.381318,11295000000.000000,0.119500
2025-10-21,293.950012,305.989990,291.519989,301.910004,7902800,280584579.000000,544809.000000,108476.890625,84711291273.421417,59099186304.515625,1.433375,11295000000.000000,0.117649
2025-10-22,293.019989,297.959991,276.600006,280.809998,15129500,275658944.000000,544809.000000,107688.585938,77407787391.644531,58669710816.023438,1.319382,11295000000.000000,0.127335
2025-10-23,285.470001,289.070007,278.000000,284.920013,9082100,287108676.000000,544809.000000,110069.726562,81803007821.139038,59966977658.789062,1.364134,11295000000.000000,0.121324
2025-10-24,290.429993,292.149994,286.109985,289.079987,7881700,282977044.000000,544809.000000,111033.921875,81803000079.779419,60492279942.796875,1.352288,11295000000.000000,0.121324
2025-10-24,290.429993,292.149994,286.109985,289.079987,7881700,282967104.000000,544809.000000,111033.921875,81800126624.712891,60492279942.796875,1.352241,11295000000.000000,0.121328
2025-10-24,290.429993,292.149994,286.109985,289.079987,7881700,287108676.000000,544809.000000,111033.921875,82997372202.860962,60492279942.796875,1.372032,11295000000.000000,0.119787
2025-10-27,299.500000,299.799988,293.000000,295.630005,8135900,287108676.000000,544809.000000,114119.328125,84877939287.777832,62173237036.453125,1.365184,11295000000.000000,0.117445
2025-10-28,295.140015,297.200012,284.250000,284.640015,7996800,287108676.000000,544809.000000,112956.164062,81722617742.333496,61539534786.726562,1.327969,11295000000.000000,0.121429
2025-10-29,284.380005,286.179993,274.000000,275.359985,10184100,287108676.000000,544809.000000,110055.304688,79058240817.666504,59959120491.492188,1.318536,11295000000.000000,0.125009
2025-10-30,269.989990,271.369995,254.000000,254.570007,15564200,287108676.000000,544809.000000,108305.546875,73089257752.166748,59005836687.421875,1.238678,11295000000.000000,0.133852
2025-10-31,269.980011,276.320007,263.000000,269.510010,14071800,287108676.000000,544809.000000,109556.164062,77378662072.555664,59687184186.726562,1.296403,11295000000.000000,0.127377
2025-11-03,264.190002,270.359985,259.850006,264.670013,11074600,287108676.000000,544809.000000,106547.523438,75989057132.139038,58048049696.460938,1.309072,11295000000.000000,0.129405
2025-11-04,255.160004,258.209991,245.860001,246.990005,15735100,287108676.000000,544809.000000,101590.523438,70912973462.375061,55347431483.460938,1.281233,11295000000.000000,0.137395
2025-11-05,250.199997,255.360001,247.020004,255.000000,9676200,287353735.000000,544809.000000,103891.835938,73275202425.000000,56601207245.273438,1.294587,11295000000.000000,0.133558
2025-11-06,252.139999,252.339996,235.029999,237.199997,14468300,287353735.000000,544809.000000,101301.289062,68160305065.065994,55189853992.851562,1.235015,11295000000.000000,0.142155
2025-11-07,222.660004,243.729996,219.679993,241.929993,16976100,287353735.000000,544809.000000,103372.406250,69519487003.908386,56318217276.656250,1.234405,11295000000.000000,0.139765
2025-11-10,249.679993,249.960007,234.600006,238.880005,9527200,287353735.000000,544809.000000,105996.593750,68643061619.894409,57747898244.343750,1.188668,11295000000.000000,0.141297
2025-11-11,236.460007,239.240005,230.550003,231.350006,8340300,287353735.000000,544809.000000,102997.468750,66479288346.118011,56113947952.218750,1.184719,11295000000.000000,0.145228
2025-11-12,233.899994,234.839996,219.800003,224.610001,10800400,287353735.000000,544809.000000,101663.187500,64542522593.736801,55387019518.687500,1.165301,11295000000.000000,0.148937
2025-11-13,223.800003,226.000000,207.029999,208.539993,16474500,287353735.000000,544809.000000,99697.492188,59924745967.645187,54316091021.179688,1.103260,11295000000.000000,0.158594
2025-11-14,200.580002,208.839996,194.559998,199.750000,23233800,287353735.000000,544809.000000,94397.789062,57398908566.250000,51428765061.351562,1.116086,11295000000.000000,0.164425
2025-11-17,197.029999,204.149994,189.529999,195.419998,19545000,287353735.000000,544809.000000,92093.875000,56154666367.539597,50173571944.875000,1.119208,11295000000.000000,0.167458
2025-11-18,196.360001,213.830002,196.000000,206.800003,22049500,287353735.000000,544809.000000,92948.875000,59424753274.934006,50639383639.875000,1.173489,11295000000.000000,0.159715
2025-11-19,202.360001,203.949997,181.729996,186.500000,28025400,287353735.000000,544809.000000,91465.992188,53591471577.500000,49831495737.679688,1.075454,11295000000.000000,0.174073
2025-11-20,192.440002,193.529999,171.479996,177.130005,27684400,287353735.000000,544809.000000,86631.898438,50898968483.644409,47197837955.835938,1.078417,11295000000.000000,0.181609
2025-11-21,172.740005,181.190002,166.309998,170.500000,29651300,287353735.000000,544809.000000,85090.687500,48993811817.500000,46358172366.187500,1.056854,11295000000.000000,0.187348
2025-11-24,171.619995,179.839996,166.009995,179.039993,23282600,287353735.000000,544809.000000,88270.562500,51447810785.145187,48090596885.062500,1.069810,11295000000.000000,0.180021
2025-11-25,173.710007,176.759995,166.779999,172.190002,19112700,287353735.000000,544809.000000,87341.890625,49479440331.197205,47584648089.515625,1.039819,11295000000.000000,0.185851
2025-11-26,173.690002,180.630005,169.699997,175.639999,20016500,287353735.000000,544809.000000,90518.367188,50470809840.013199,49315221109.054688,1.023433,11295000000.000000,0.182868
2025-11-28,182.990005,187.289993,175.050003,177.179993,15114300,287353735.000000,544809.000000,90919.265625,50913332662.658386,49533634185.890625,1.027854,11295000000.000000,0.181567
2025-12-01,168.259995,172.179993,155.610001,171.419998,42940200,287353735.000000,544809.000000,86321.570312,49258176727.539597,47028768400.382812,1.047405,11295000000.000000,0.186530
2025-12-02,177.750000,188.369995,176.889999,181.330002,31285600,287353735.000000,544809.000000,91350.203125,52105853293.710403,49768412814.328125,1.046966,11295000000.000000,0.178152
2025-12-03,183.399994,190.440002,177.820007,188.389999,26686100,287353735.000000,544809.000000,93527.804688,54134569961.263199,50954789743.992188,1.062404,11295000000.000000,0.172628
2025-12-04,186.020004,191.000000,182.350006,186.009995,16474400,287353735.000000,544809.000000,92141.625000,53450666668.868790,50199586574.625000,1.064763,11295000000.000000,0.174452
2025-12-05,183.339996,185.389999,176.300003,178.990005,20750700,287353735.000000,544809.000000,89387.757812,51433446606.131210,48699254946.070312,1.056144,11295000000.000000,0.180062
2025-12-08,182.100006,185.589996,178.000000,183.690002,16328100,287353735.000000,544809.000000,90640.203125,52784008283.697205,49381598424.328125,1.068900,11295000000.000000,0.176267
2025-12-09,181.490005,198.399994,179.919998,188.990005,24269600,287353735.000000,544809.000000,92691.710938,54306983956.131210,50499278344.148438,1.075401,11295000000.000000,0.172175
2025-12-10,189.320007,191.070007,182.199997,184.639999,22459000,287353735.000000,544809.000000,92020.945312,53056993455.013199,50133839194.757812,1.058307,11295000000.000000,0.175519
2025-12-11,179.789993,183.500000,171.410004,183.300003,19542400,287353735.000000,544809.000000,92511.335938,52671940502.434006,50401008420.773438,1.045057,11295000000.000000,0.176576
2025-12-12,182.970001,185.250000,176.220001,176.449997,14532100,287353735.000000,544809.000000,90270.414062,50703565663.815994,49180134014.976562,1.030977,11295000000.000000,0.182182
2025-12-15,176.000000,176.500000,160.539993,162.080002,25393400,287353735.000000,544809.000000,86419.781250,46574293894.960403,47082274603.031250,0.989211,11295000000.000000,0.195181
2025-12-16,164.970001,171.490005,161.949997,167.500000,21181000,287353735.000000,544809.000000,87843.984375,48131750612.500000,47858193283.359375,1.005716,11295000000.000000,0.190066
2025-12-17,167.750000,171.160004,160.309998,160.380005,19144900,287353735.000000,544809.000000,86143.757812,46085793422.394409,46931894550.070312,0.981972,11295000000.000000,0.196843
2025-12-18,167.809998,169.509995,157.429993,158.240005,17534700,287353735.000000,544809.000000,85462.507812,45470856604.881210,46560743418.820312,0.976592,11295000000.000000,0.198975
2025-12-19,163.399994,167.750000,161.630005,164.820007,22062400,287353735.000000,544809.000000,88103.382812,47361644707.341614,47999515886.695312,0.986711,11295000000.000000,0.192561
2025-12-22,168.820007,170.669998,163.690002,164.320007,19234500,287353735.000000,544809.000000,88490.015625,47217967839.841614,48210156922.640625,0.979420,11295000000.000000,0.193034
2025-12-23,162.250000,162.729996,156.500000,157.880005,15891200,287353735.000000,544809.000000,87414.000000,45367409084.894409,47623933926.000000,0.952618,11295000000.000000,0.199339
2025-12-24,157.199997,159.279999,155.100006,158.710007,7097600,287353735.000000,544809.000000,87611.960938,45605913211.104813,47731784826.398438,0.955462,11295000000.000000,0.198503
2025-12-26,159.889999,159.910004,154.119995,158.809998,12298200,287353735.000000,544809.000000,87301.429688,45634645953.802795,47562604606.617188,0.959465,11295000000.000000,0.198403
2025-12-29,157.949997,162.929993,155.320007,155.389999,14073500,287353735.000000,544809.000000,87138.140625,44651896706.263199,47473643255.765625,0.940562,11295000000.000000,0.201888
2025-12-30,155.820007,159.380005,154.130005,155.610001,12740200,287353735.000000,544809.000000,88430.132812,44715114878.736801,48177532227.445312,0.928132,11295000000.000000,0.201660
2025-12-31,156.240005,156.800003,151.419998,151.949997,15918100,287353735.000000,544809.000000,87508.828125,43663399156.315994,47675597141.953125,0.915844,11295000000.000000,0.205519
2026-01-02,154.589996,160.789993,149.750000,157.160004,20185600,287353735.000000,544809.000000,89944.695312,45160514044.920807,49002679508.507812,0.921593,11295000000.000000,0.200069
2026-01-05,163.419998,167.699997,160.960007,164.720001,22859000,287353735.000000,544809.000000,93882.554688,47332907579.973602,51148060736.742188,0.925410,11295000000.000000,0.192656
2026-01-06,166.880005,167.139999,154.050003,157.970001,22627800,289344646.000000,544809.000000,93729.031250,45707774081.823914,51064419786.281250,0.895100,11295000000.000000,0.198148
2026-01-07,163.449997,170.160004,158.449997,161.830002,28406900,289344646.000000,544809.000000,91308.054688,46824644591.985870,49745449966.242188,0.941285,11295000000.000000,0.194340
2026-01-08,158.630005,170.619995,156.169998,166.970001,25159400,289344646.000000,544809.000000,91027.125000,48311875895.823914,49592396944.125000,0.974179,11295000000.000000,0.189492
2026-01-09,166.750000,167.199997,155.460007,157.330002,27962600,289344646.000000,544809.000000,90513.101562,45522593684.985870,49312352349.164062,0.923148,11295000000.000000,0.198794
2026-01-12,156.270004,163.820007,154.690002,162.229996,16182000,289344646.000000,544809.000000,91192.992188,46940380684.366302,49682762880.679688,0.944802,11295000000.000000,0.193954
2026-01-13,164.449997,173.759995,159.929993,172.990005,27656200,289344646.000000,544809.000000,95321.781250,50053731900.957611,51932164321.031250,0.963829,11295000000.000000,0.184111
2026-01-14,178.639999,190.199997,176.119995,179.330002,40257000,289344646.000000,544809.000000,96929.328125,51888175896.985870,52807970326.453125,0.982582,11295000000.000000,0.178766
2026-01-15,179.130005,179.250000,170.089996,170.910004,21486500,289344646.000000,544809.000000,95551.187500,49451894507.471741,52057146910.687500,0.949954,11295000000.000000,0.185935
2026-01-16,171.929993,173.880005,167.589996,173.710007,19462500,289344646.000000,544809.000000,95525.117188,50262060399.281525,52042943569.804688,0.965781,11295000000.000000,0.183488
2026-01-20,165.169998,165.720001,158.850006,160.229996,25666700,289344646.000000,544809.000000,88310.906250,46361691392.366302,48112576523.156250,0.963609,11295000000.000000,0.195901
2026-01-21,161.270004,165.720001,156.009995,163.809998,18440800,289344646.000000,544809.000000,89376.960938,47397545754.852173,48693372711.398438,0.973388,11295000000.000000,0.192444
2026-01-22,163.729996,164.639999,159.440002,160.979996,11116000,289344646.000000,544809.000000,89462.453125,46578699876.866302,48739949624.578125,0.955658,11295000000.000000,0.195166
2026-01-23,160.940002,168.960007,158.720001,163.110001,14879300,289344646.000000,544809.000000,89503.875000,47195005385.661957,48762516634.875000,0.967854,11295000000.000000,0.193110
2026-01-26,159.410004,163.919998,158.619995,160.580002,14516500,289344646.000000,544809.000000,88267.140625,46462963784.485870,48088732616.765625,0.966192,11295000000.000000,0.195557
2026-01-27,160.309998,161.669998,156.979996,161.580002,13962200,289344646.000000,544809.000000,89102.570312,46752308430.485870,48543882229.382812,0.963094,11295000000.000000,0.194583
2026-01-28,164.449997,165.720001,157.000000,158.449997,14082600,289344646.000000,544809.000000,89184.570312,45846658275.690216,48588556567.382812,0.943569,11295000000.000000,0.197667
2026-01-29,155.949997,156.000000,139.360001,143.190002,34618500,289344646.000000,544809.000000,84561.585938,41431260567.147827,46069913073.023438,0.899313,11295000000.000000,0.214220
2026-01-30,140.000000,151.149994,139.899994,149.710007,22768000,289344646.000000,544809.000000,84128.656250,43317788895.281525,45834049082.906250,0.945101,11295000000.000000,0.206820
2026-02-02,139.770004,147.880005,138.000000,139.630005,27171500,289344646.000000,544809.000000,78688.765625,40401194333.795654,42870347711.390625,0.942404,11295000000.000000,0.218488
2026-02-03,140.139999,140.229996,126.739998,133.259995,26169000,289344646.000000,544809.000000,75633.546875,38558065936.542389,41205837039.421875,0.935743,11295000000.000000,0.226566
2026-02-04,130.009995,130.820007,121.190002,129.089996,25775600,289344646.000000,544809.000000,73019.703125,37351499292.528259,39781791439.828125,0.938909,11295000000.000000,0.232185
2026-02-05,120.250000,122.000000,104.169998,106.989998,60129700,289344646.000000,544809.000000,62702.097656,30956983057.433151,34160667122.003906,0.906217,11295000000.000000,0.267325
2026-02-06,114.949997,135.669998,114.680000,134.929993,57771000,289344646.000000,544809.000000,70555.390625,39041270965.556519,38439211811.015625,1.015663,11295000000.000000,0.224391
2026-02-09,127.370003,139.580002,125.129997,138.440002,34291600,289344646.000000,544809.000000,70120.781250,40056873498.647827,38202432712.031250,1.048542,11295000000.000000,0.219953
2026-02-10,133.660004,139.160004,132.679993,133.000000,23002100,289344646.000000,544809.000000,68793.960938,38482837918.000000,37479569064.398438,1.026768,11295000000.000000,0.226908
2026-02-11,133.690002,133.910004,123.919998,126.070000,25837800,289344646.000000,544809.000000,66991.968750,36477679432.919022,36497827502.718750,0.999448,11295000000.000000,0.236432
2026-02-12,127.570000,128.990005,120.639999,123.000000,20960700,332267892.000000,544809.000000,66221.843750,40868950716.000000,36078256471.593750,1.132786,11295000000.000000,0.216529
2026-02-13,127.000000,135.250000,125.760002,133.880005,24573900,332267892.000000,544809.000000,68857.843750,44484027003.361816,37514372995.593750,1.185786,11295000000.000000,0.202495
2026-02-17,129.009995,132.119995,125.910004,128.669998,18881000,332267892.000000,544809.000000,67494.218750,42752909055.239319,36771457822.968750,1.162666,11295000000.000000,0.208981
2026-02-18,127.629997,132.250000,123.620003,125.199997,17307700,332267892.000000,544809.000000,66425.320312,41599939064.398865,36189112334.132812,1.149515,11295000000.000000,0.213536
2026-02-19,123.489998,130.039993,121.870003,129.449997,15457200,332267892.000000,544809.000000,66957.523438,43012077605.398865,36479061386.460938,1.179089,11295000000.000000,0.207984
2026-02-20,130.509995,136.139999,129.410004,131.050003,17625400,332267892.000000,544809.000000,68005.421875,43543708260.601135,37049965886.296875,1.175270,11295000000.000000,0.205968
2026-02-23,127.900002,130.380005,122.830002,123.709999,18858900,332267892.000000,544809.000000,64616.738281,41104860615.119659,35203780566.269531,1.167626,11295000000.000000,0.215554
2026-02-24,121.709999,126.739998,118.400002,124.610001,15352700,333752708.000000,544809.000000,64080.042969,41588925147.586487,34911384129.761719,1.191271,11295000000.000000,0.213581
2026-02-25,130.050003,137.860001,128.940002,135.649994,24152100,333752708.000000,544809.000000,67960.125000,45273552803.135132,37025287741.125000,1.222774,11295000000.000000,0.199669
2026-02-26,133.699997,135.750000,128.639999,133.399994,18110800,333752708.000000,544809.000000,67453.773438,44522609210.135132,36749422852.710938,1.211519,11295000000.000000,0.202355
2026-02-27,128.949997,131.119995,127.860001,129.500000,14027700,333752708.000000,544809.000000,65881.796875,43220975686.000000,35892995873.671875,1.204162,11295000000.000000,0.207187
2026-03-02,129.139999,140.139999,128.940002,137.649994,25456100,333752708.000000,544809.000000,68775.851562,45941058219.135132,37469702913.914062,1.226085,11295000000.000000,0.197341
2026-03-03,133.339996,136.460007,127.800003,132.679993,19405900,333752708.000000,544809.000000,68293.648438,44282306852.962158,37206994311.585938,1.190161,11295000000.000000,0.203230
2026-03-04,143.830002,149.539993,142.190002,146.440002,37382600,333752708.000000,544809.000000,72710.578125,48874747374.345947,39613377357.703125,1.233794,11295000000.000000,0.187719
2026-03-05,145.039993,146.440002,137.210007,139.809998,21286000,333752708.000000,544809.000000,70841.125000,46661965290.654053,38594882470.125000,1.209019,11295000000.000000,0.194886
2026-03-06,134.899994,136.360001,131.770004,133.529999,19538800,333752708.000000,544809.000000,68136.492188,44565998691.827026,37121374172.179688,1.200548,11295000000.000000,0.202198
2026-03-09,136.000000,140.190002,135.300003,138.949997,20433000,333752708.000000,544809.000000,68402.382812,46374937758.067566,37266233777.695312,1.244422,11295000000.000000,0.195856
2026-03-10,141.929993,142.460007,133.940002,138.460007,18325000,333752708.000000,544809.000000,69926.921875,46211402190.451355,38096816379.796875,1.212999,11295000000.000000,0.196413
2026-03-11,139.809998,142.669998,135.139999,138.330002,15637600,333752708.000000,544809.000000,70204.882812,46168012708.759460,38248252000.195312,1.207062,11295000000.000000,0.196561
2026-03-12,137.160004,138.800003,133.380005,137.339996,15229400,333752708.000000,544809.000000,70493.460938,45837595694.481079,38405471959.898438,1.193517,11295000000.000000,0.197698
2026-03-13,143.860001,147.259995,138.440002,139.669998,23685400,333752708.000000,544809.000000,70968.265625,46615240115.240540,38664149826.890625,1.205645,11295000000.000000,0.195043
2026-03-16,145.350006,148.240005,143.309998,147.520004,22933200,333752708.000000,544809.000000,74861.085938,49235200910.105408,40784993368.523438,1.207189,11295000000.000000,0.186601
2026-03-17,145.970001,152.270004,145.229996,150.279999,18448500,333752708.000000,544809.000000,73922.476562,50156356550.827026,40273630533.539062,1.245389,11295000000.000000,0.183804
2026-03-18,144.990005,146.759995,140.350006,140.559998,21314100,333752708.000000,544809.000000,71245.578125,46912279821.654053,38815232172.703125,1.208605,11295000000.000000,0.194048
2026-03-19,135.020004,139.779999,132.759995,138.240005,19227700,340080249.000000,544809.000000,69912.789062,47012695489.876602,38089116696.351562,1.234282,11295000000.000000,0.193714
2026-03-20,139.470001,139.690002,134.130005,135.660004,28568300,340080249.000000,544809.000000,70522.585938,46135287824.751068,38421339522.023438,1.200772,11295000000.000000,0.196673
2026-03-23,138.610001,139.929993,133.970001,138.199997,21633700,340080249.000000,544809.000000,70914.859375,46999089373.957443,38635053621.234375,1.216488,11295000000.000000,0.193759
2026-03-24,138.729996,140.050003,134.279999,136.250000,19098500,345594397.000000,544809.000000,70517.859375,47087236591.250000,38418764448.234375,1.225631,11295000000.000000,0.193466
2026-03-25,140.399994,143.850006,136.800003,139.130005,18708000,345594397.000000,544809.000000,71309.882812,48082550142.082642,38850265945.195312,1.237638,11295000000.000000,0.190223
2026-03-26,136.550003,139.080002,132.690002,132.929993,15285500,345594397.000000,544809.000000,68791.625000,45939860662.001038,37478296424.625000,1.225772,11295000000.000000,0.197345
2026-03-27,129.880005,130.649994,123.980003,126.029999,21475100,345594397.000000,544809.000000,66338.375000,43555261432.041840,36141743745.375000,1.205123,11295000000.000000,0.205924
2026-03-30,129.550003,130.339996,120.800003,121.440002,15800400,345594397.000000,544809.000000,66691.445312,41968984415.416321,36334099629.257812,1.155085,11295000000.000000,0.212057
2026-03-31,123.160004,125.300003,117.750000,124.800003,21290300,345594397.000000,544809.000000,68233.312500,43130181800.270401,37174122749.812500,1.160221,11295000000.000000,0.207533
2026-04-01,126.180000,126.300003,121.440002,122.779999,15378300,345594397.000000,544809.000000,68078.554688,42432079641.791840,37089809300.742188,1.144036,11295000000.000000,0.210229
2026-04-02,119.800003,122.650002,116.400002,119.830002,17609700,345594397.000000,544809.000000,66888.570312,41412577225.312241,36441495103.382812,1.136413,11295000000.000000,0.214296
2026-04-06,124.570000,128.460007,123.199997,127.690002,18435900,345594397.000000,544809.000000,68859.828125,44128949396.666321,37515454100.953125,1.176287,11295000000.000000,0.203793
2026-04-07,125.320000,126.739998,121.139999,123.720001,14284200,345594397.000000,544809.000000,71940.703125,42756939218.708160,39193942528.828125,1.090907,11295000000.000000,0.208966
2026-04-08,133.669998,134.500000,126.129997,128.300003,17149200,345594397.000000,544809.000000,71123.359375,44339762189.770401,38748646297.734375,1.144292,11295000000.000000,0.203021
2026-04-09,127.830002,132.210007,125.800003,128.860001,14497400,345594397.000000,544809.000000,71767.828125,44533294208.354080,39099758672.953125,1.138966,11295000000.000000,0.202317
2026-04-10,130.050003,132.279999,127.400002,128.639999,13097500,346770241.000000,544809.000000,72979.046875,44608523590.588242,39759641548.921875,1.121955,11295000000.000000,0.202045
2026-04-13,126.650002,132.490005,125.040001,132.360001,12804700,346770241.000000,544809.000000,74484.640625,45898509310.411758,40579902574.265625,1.131065,11295000000.000000,0.197487
2026-04-14,137.929993,143.699997,136.320007,137.410004,20643200,346770241.000000,544809.000000,74181.609375,47649700085.720551,40414808421.984375,1.179016,11295000000.000000,0.191620
2026-04-15,139.750000,143.750000,135.490005,143.539993,13941700,346770241.000000,544809.000000,74805.078125,49775398064.970657,40754479808.203125,1.221348,11295000000.000000,0.184950
2026-04-16,143.210007,149.160004,139.330002,148.940002,17638000,346770241.000000,544809.000000,75152.132812,51647960541.147034,40943558325.445312,1.261443,11295000000.000000,0.179448
2026-04-17,154.630005,173.149994,153.770004,166.520004,52173700,346770241.000000,544809.000000,77126.875000,57744182012.882309,42019415641.875000,1.374226,11295000000.000000,0.163603
2026-04-20,162.300003,171.059998,160.639999,170.809998,22173500,348935241.000000,544809.000000,75872.523438,59601627663.317322,41336033621.460938,1.441881,11295000000.000000,0.159316
2026-04-21,170.610001,172.899994,163.750000,163.970001,22153500,348935241.000000,544809.000000,76352.773438,57214911892.716339,41597678143.710938,1.375435,11295000000.000000,0.164867
2026-04-22,174.929993,183.250000,174.000000,179.360001,31893900,348935241.000000,544809.000000,78203.101562,62585025038.733170,42605753559.164062,1.468934,11295000000.000000,0.152883
2026-04-23,175.880005,180.919998,171.539993,172.470001,19559000,348935241.000000,544809.000000,78268.953125,60180861441.216339,42641630083.078125,1.411317,11295000000.000000,0.158025
2026-04-24,176.880005,177.279999,169.009995,171.020004,14119400,348935241.000000,544809.000000,77455.312500,59674906406.632187,42198351347.812500,1.414153,11295000000.000000,0.159152
2026-04-27,170.919998,175.750000,167.610001,169.199997,13295400,348935241.000000,544809.000000,77366.625000,59039841712.334152,42150033599.625000,1.400707,11295000000.000000,0.160589
2026-04-28,163.869995,166.839996,159.679993,165.710007,13858700,350386842.000000,544809.000000,76350.671875,58062605940.270721,41596533193.546875,1.395852,11295000000.000000,0.162852
2026-04-29,165.710007,165.740005,156.110001,158.190002,15146200,350386842.000000,544809.000000,75776.132812,55427695391.416626,41283519141.445312,1.342611,11295000000.000000,0.169283
2026-04-30,161.770004,166.839996,159.000000,165.449997,12437800,350386842.000000,544809.000000,76304.320312,57971501939.604218,41571280445.132812,1.394508,11295000000.000000,0.163066
2026-05-01,170.800003,180.380005,169.429993,177.169998,21661200,350386842.000000,544809.000000,78179.000000,62078036155.562531,42592622811.000000,1.457483,11295000000.000000,0.153939
2026-05-04,180.899994,186.009995,178.490005,183.800003,18210200,350386842.000000,544809.000000,79827.906250,64401102628.895782,43490961776.156250,1.480793,11295000000.000000,0.149215
2026-05-05,189.550003,190.410004,183.720001,186.899994,15512800,350386842.000000,544809.000000,80927.054688,65487298631.208435,44089787737.242188,1.485317,11295000000.000000,0.147104
2026-05-06,184.570007,188.259995,178.940002,186.820007,14338600,350386842.000000,544809.000000,81427.531250,65459272388.749878,44362451872.781250,1.475556,11295000000.000000,0.147158
2026-05-07,184.410004,184.410004,175.720001,179.839996,15918100,350386842.000000,544809.000000,80009.992188,63013568382.125061,43590163833.679688,1.445591,11295000000.000000,0.152001
2026-05-08,178.679993,187.770004,177.600006,187.589996,15985200,350386842.000000,544809.000000,80186.765625,65729066407.625061,43686471593.390625,1.504563,11295000000.000000,0.146642
2026-05-11,189.199997,197.000000,182.309998,195.940002,16063000,350386842.000000,544809.000000,81728.296875,68654798676.916626,44526311692.171875,1.541893,11295000000.000000,0.141276
2026-05-12,191.330002,192.240005,179.850006,184.419998,14738500,350386842.000000,544809.000000,80477.492188,64618340760.062531,43844862041.179688,1.473795,11295000000.000000,0.148788
2026-05-13,182.029999,182.479996,175.570007,178.029999,12480700,350679196.000000,544809.000000,79277.117188,62431416835.804810,43190886937.804688,1.445477,11295000000.000000,0.153202
2026-05-14,177.850006,193.000000,174.639999,186.970001,15859400,350679196.000000,544809.000000,81051.250000,65566489704.195190,44157450461.250000,1.484834,11295000000.000000,0.146953
2026-05-15,182.110001,182.229996,173.610001,177.419998,19654300,350679196.000000,544809.000000,79065.679688,62217502312.207214,43075693884.867188,1.444376,11295000000.000000,0.153647
2026-05-18,169.179993,169.179993,162.020004,166.630005,19299700,350679196.000000,544809.000000,76954.171875,58433676141.780762,41925325425.046875,1.393756,11295000000.000000,0.161985
2026-05-19,163.990005,168.490005,163.500000,164.630005,10002000,351109540.000000,544809.000000,76750.906250,57803165284.602051,41814584483.156250,1.382369,11295000000.000000,0.163463
2026-05-20,166.000000,169.229996,163.259995,165.809998,9825300,351109540.000000,544809.000000,77457.773438,58217471970.198975,42199692088.710938,1.379571,11295000000.000000,0.162489
2026-05-21,164.279999,168.710007,160.570007,164.850006,10526900,351109540.000000,544809.000000,77539.171875,57880409812.002563,42244038690.046875,1.370144,11295000000.000000,0.163281
2026-05-22,164.089996,165.660004,159.240005,159.889999,12786800,351109540.000000,544809.000000,75488.242188,56138904136.299744,41126673737.929688,1.365024,11295000000.000000,0.167497
2026-05-26,160.830002,167.000000,159.279999,159.929993,11819500,351109540.000000,544809.000000,75825.734375,56152946160.596924,41310542519.109375,1.359289,11295000000.000000,0.167462
2026-05-27,156.759995,157.550003,153.820007,154.199997,11885100,351109540.000000,544809.000000,74344.703125,54141089996.498718,40503663364.828125,1.336696,11295000000.000000,0.172611
2026-05-28,148.979996,153.639999,144.300003,151.639999,16275000,351109540.000000,544809.000000,73536.554688,53242250431.299744,40063376822.742188,1.328951,11295000000.000000,0.175015
2026-05-29,149.929993,162.059998,148.199997,159.089996,19225600,351109540.000000,544809.000000,73372.523438,55858015432.798462,39974011121.460938,1.397358,11295000000.000000,0.168198
2026-06-01,148.470001,153.869995,144.289993,149.779999,17780300,351911534.000000,544809.000000,71319.773438,52709309132.940491,38855654446.710938,1.356542,11295000000.000000,0.176472
2026-06-02,142.690002,142.800003,134.110001,136.080002,31130800,351911534.000000,544809.000000,66703.656250,47888122191.089264,36340752257.906250,1.317753,11295000000.000000,0.190848
2026-06-03,134.500000,138.179993,125.000000,126.550003,21141800,351911534.000000,544809.000000,64014.367188,44534405701.648773,34875603373.054688,1.276950,11295000000.000000,0.202313
2026-06-04,126.750000,131.470001,125.650002,129.369995,24590400,351911534.000000,544809.000000,63801.574219,45526793435.261963,34759671848.542969,1.309759,11295000000.000000,0.198779
2026-06-05,124.250000,125.300003,114.309998,120.440002,41758600,351911534.000000,544809.000000,60922.667969,42384226014.119019,33191217813.386719,1.276971,11295000000.000000,0.210417
